ISO-10303-21;
HEADER;
FILE_DESCRIPTION (( 'STEP AP214' ),
    '1' );
FILE_NAME ('A 08-LC-TT.STEP',
    '2021-07-15T08:56:31',
    ( '' ),
    ( '' ),
    'SwSTEP 2.0',
    'SolidWorks 2018',
    '' );
FILE_SCHEMA (( 'AUTOMOTIVE_DESIGN' ));
ENDSEC;

DATA;
#1 = ORIENTED_EDGE ( 'NONE', *, *, #4807, .F. ) ;
#2 = DIRECTION ( 'NONE',  ( 0.2468892371171420297, -0.9690437062360580667, 1.827827637527644934E-16 ) ) ;
#3 = EDGE_CURVE ( 'NONE', #9364, #7083, #2644, .T. ) ;
#4 = SURFACE_STYLE_FILL_AREA ( #5088 ) ;
#5 = PRESENTATION_LAYER_ASSIGNMENT (  '', '', ( #10020 ) ) ;
#6 = ORIENTED_EDGE ( 'NONE', *, *, #10293, .F. ) ;
#7 = CARTESIAN_POINT ( 'NONE',  ( 3.195000000000054907, -2.180000000000000160, -2.185105896938285053 ) ) ;
#8 = CARTESIAN_POINT ( 'NONE',  ( -0.6550000000000000266, -0.6800000000000000488, 2.169999999999999929 ) ) ;
#9 = CARTESIAN_POINT ( 'NONE',  ( 4.204005814526729168, -6.009530812630630159, -3.734999999852264718 ) ) ;
#10 = FACE_OUTER_BOUND ( 'NONE', #80, .T. ) ;
#11 = VERTEX_POINT ( 'NONE', #193 ) ;
#12 = ADVANCED_FACE ( 'NONE', ( #8872 ), #2381, .T. ) ;
#13 = ORIENTED_EDGE ( 'NONE', *, *, #56, .F. ) ;
#14 = DIRECTION ( 'NONE',  ( -6.673570731747099829E-14, -1.000000000000000000, 0.0000000000000000000 ) ) ;
#15 = CARTESIAN_POINT ( 'NONE',  ( 4.100000000000960654, -3.750000000000104805, -3.734999999852264718 ) ) ;
#16 =( NAMED_UNIT ( * ) SI_UNIT ( $, .STERADIAN. ) SOLID_ANGLE_UNIT ( ) );
#17 = CARTESIAN_POINT ( 'NONE',  ( 5.080000000000000071, -3.750000000000000000, -2.330000000000270077 ) ) ;
#18 = SURFACE_STYLE_USAGE ( .BOTH. , #4856 ) ;
#19 = CARTESIAN_POINT ( 'NONE',  ( -1.366592582628967989, -7.176881904510159949, -10.25999999999999979 ) ) ;
#20 = CARTESIAN_POINT ( 'NONE',  ( 3.810000000000000053, -2.180000000000000160, 4.500000000000000000 ) ) ;
#21 = CARTESIAN_POINT ( 'NONE',  ( -3.713407417371199948, -7.176881904510220345, -3.884999999852265073 ) ) ;
#22 = VERTEX_POINT ( 'NONE', #156 ) ;
#23 = CARTESIAN_POINT ( 'NONE',  ( -1.785000000000324993, 0.6865000000000239799, -4.496744093870610470 ) ) ;
#24 = DIRECTION ( 'NONE',  ( -1.000000000000000000, 0.0000000000000000000, 6.123031769111888756E-17 ) ) ;
#25 = CARTESIAN_POINT ( 'NONE',  ( 2.187499999998399947, 3.650731345603010181E-05, 4.503679456515919277 ) ) ;
#26 = DIRECTION ( 'NONE',  ( -6.687461042448720151E-14, 1.000000000000000000, -8.189507283522321094E-30 ) ) ;
#27 = ORIENTED_EDGE ( 'NONE', *, *, #5953, .T. ) ;
#28 = EDGE_CURVE ( 'NONE', #4825, #6255, #6729, .T. ) ;
#29 = SURFACE_STYLE_FILL_AREA ( #895 ) ;
#30 = VERTEX_POINT ( 'NONE', #489 ) ;
#31 = ADVANCED_FACE ( 'NONE', ( #4803 ), #6006, .T. ) ;
#32 = CARTESIAN_POINT ( 'NONE',  ( 4.325000000000325251, 3.650732037385749672E-05, -4.357628357563889665 ) ) ;
#33 = DIRECTION ( 'NONE',  ( -1.000000000000000000, 0.0000000000000000000, 0.0000000000000000000 ) ) ;
#34 = STYLED_ITEM ( 'NONE', ( #10017 ), #9278 ) ;
#35 = VERTEX_POINT ( 'NONE', #8110 ) ;
#36 = FILL_AREA_STYLE_COLOUR ( '', #6969 ) ;
#37 =( NAMED_UNIT ( * ) PLANE_ANGLE_UNIT ( ) SI_UNIT ( $, .RADIAN. ) );
#38 = LINE ( 'NONE', #1497, #10338 ) ;
#39 = UNCERTAINTY_MEASURE_WITH_UNIT (LENGTH_MEASURE( 1.000000000000000082E-05 ), #2108, 'distance_accuracy_value', 'NONE');
#40 = EDGE_CURVE ( 'NONE', #7375, #124, #10040, .T. ) ;
#41 = LINE ( 'NONE', #6269, #8177 ) ;
#42 =( NAMED_UNIT ( * ) PLANE_ANGLE_UNIT ( ) SI_UNIT ( $, .RADIAN. ) );
#43 = CARTESIAN_POINT ( 'NONE',  ( 3.194999999999999840, -1.364496228814613854, -4.336037564729834592 ) ) ;
#44 = CARTESIAN_POINT ( 'NONE',  ( 0.7049999999997179634, 3.650732003279700389E-05, -10.25999999999999979 ) ) ;
#45 = EDGE_CURVE ( 'NONE', #3441, #2204, #6980, .T. ) ;
#46 = DIRECTION ( 'NONE',  ( 6.123031769111888756E-17, 0.0000000000000000000, 1.000000000000000000 ) ) ;
#47 = CARTESIAN_POINT ( 'NONE',  ( 3.824106735979635019, -7.250000000000000000, 3.809999999852264896 ) ) ;
#48 = CARTESIAN_POINT ( 'NONE',  ( -4.424999999999999822, -0.5070092621839650260, 4.418222507946190092 ) ) ;
#49 = FACE_OUTER_BOUND ( 'NONE', #7889, .T. ) ;
#50 = VERTEX_POINT ( 'NONE', #4157 ) ;
#51 = CARTESIAN_POINT ( 'NONE',  ( -3.415994185473270051, -6.009530812630630159, -3.884999999852265073 ) ) ;
#52 = DIRECTION ( 'NONE',  ( 1.000000000000000000, 0.0000000000000000000, 6.123031769111888756E-17 ) ) ;
#53 = FACE_OUTER_BOUND ( 'NONE', #1773, .T. ) ;
#54 = LINE ( 'NONE', #5174, #8440 ) ;
#55 = CARTESIAN_POINT ( 'NONE',  ( -4.325000000000329692, 0.9086536693863019876, 4.663893177324050399 ) ) ;
#56 = EDGE_CURVE ( 'NONE', #1073, #3068, #9776, .T. ) ;
#57 = AXIS2_PLACEMENT_3D ( 'NONE', #6745, #1858, #7555 ) ;
#58 = ORIENTED_EDGE ( 'NONE', *, *, #8301, .F. ) ;
#59 = LINE ( 'NONE', #9649, #4108 ) ;
#60 = CARTESIAN_POINT ( 'NONE',  ( 0.2700000000000000178, -1.071254713756893961, 4.063030467039109972 ) ) ;
#61 = PLANE ( 'NONE',  #671 ) ;
#62 = CARTESIAN_POINT ( 'NONE',  ( 5.080000000000000071, -3.750000000000000000, 0.9200000000001850031 ) ) ;
#63 = CARTESIAN_POINT ( 'NONE',  ( 0.6550000000000000266, -2.180000000000000160, -3.334999999999999964 ) ) ;
#64 = ADVANCED_FACE ( 'NONE', ( #3551 ), #6543, .T. ) ;
#65 = VECTOR ( 'NONE', #24, 1000.000000000000000 ) ;
#66 = ORIENTED_EDGE ( 'NONE', *, *, #5741, .F. ) ;
#67 = EDGE_CURVE ( 'NONE', #3374, #1006, #7878, .T. ) ;
#68 = LINE ( 'NONE', #3490, #2456 ) ;
#69 = PLANE ( 'NONE',  #3986 ) ;
#70 = ORIENTED_EDGE ( 'NONE', *, *, #97, .F. ) ;
#71 = CIRCLE ( 'NONE', #8939, 0.1000000000000807049 ) ;
#72 = DIRECTION ( 'NONE',  ( 0.0000000000000000000, 0.0000000000000000000, -1.000000000000000000 ) ) ;
#73 = ORIENTED_EDGE ( 'NONE', *, *, #2567, .T. ) ;
#74 = CARTESIAN_POINT ( 'NONE',  ( 3.810000000000000053, -0.6800000000000000488, -2.169999999999999929 ) ) ;
#75 = DIRECTION ( 'NONE',  ( 6.123031769111888756E-17, -1.730217700714529757E-16, -1.000000000000000000 ) ) ;
#76 =( GEOMETRIC_REPRESENTATION_CONTEXT ( 3 ) GLOBAL_UNCERTAINTY_ASSIGNED_CONTEXT ( ( #3013 ) ) GLOBAL_UNIT_ASSIGNED_CONTEXT ( ( #8579, #7713, #9273 ) ) REPRESENTATION_CONTEXT ( 'NONE', 'WORKASPACE' ) );
#77 = EDGE_LOOP ( 'NONE', ( #395, #4355, #7471, #3334 ) ) ;
#78 = VERTEX_POINT ( 'NONE', #752 ) ;
#79 = LINE ( 'NONE', #7063, #4383 ) ;
#80 = EDGE_LOOP ( 'NONE', ( #4380, #9534, #9219, #5693 ) ) ;
#81 = ORIENTED_EDGE ( 'NONE', *, *, #4624, .F. ) ;
#82 = FACE_OUTER_BOUND ( 'NONE', #1851, .T. ) ;
#83 = FACE_OUTER_BOUND ( 'NONE', #5863, .T. ) ;
#84 = CARTESIAN_POINT ( 'NONE',  ( -4.099999999998840572, -3.750000000000144773, -3.884999999852260189 ) ) ;
#85 = LINE ( 'NONE', #10009, #8472 ) ;
#86 = DIRECTION ( 'NONE',  ( 0.0000000000000000000, 0.0000000000000000000, -1.000000000000000000 ) ) ;
#87 = DIRECTION ( 'NONE',  ( 1.000000000000000000, 0.0000000000000000000, -6.123031769111888756E-17 ) ) ;
#88 = CARTESIAN_POINT ( 'NONE',  ( 1.255893264020311983, -7.250000000000000000, 3.809999999852264896 ) ) ;
#89 = ADVANCED_FACE ( 'NONE', ( #3277 ), #7517, .T. ) ;
#90 = PLANE ( 'NONE',  #5947 ) ;
#91 = VERTEX_POINT ( 'NONE', #5133 ) ;
#92 = ORIENTED_EDGE ( 'NONE', *, *, #10190, .T. ) ;
#93 =( LENGTH_UNIT ( ) NAMED_UNIT ( * ) SI_UNIT ( .MILLI., .METRE. ) );
#94 = ORIENTED_EDGE ( 'NONE', *, *, #10074, .F. ) ;
#95 = VECTOR ( 'NONE', #7650, 1000.000000000000114 ) ;
#96 = VERTEX_POINT ( 'NONE', #7373 ) ;
#97 = EDGE_CURVE ( 'NONE', #3910, #9245, #1131, .T. ) ;
#98 = PRESENTATION_STYLE_ASSIGNMENT (( #401 ) ) ;
#99 = EDGE_LOOP ( 'NONE', ( #2105, #10376, #5044, #7998 ) ) ;
#100 = COLOUR_RGB ( '',0.1411764705882352922, 0.1411764705882352922, 0.1411764705882352922 ) ;
#101 = CARTESIAN_POINT ( 'NONE',  ( 1.785000000000324993, 0.6865000000000239799, 10.25999999999999979 ) ) ;
#102 = DIRECTION ( 'NONE',  ( -1.000000000000000000, 0.0000000000000000000, 6.123031769111888756E-17 ) ) ;
#103 = LINE ( 'NONE', #7184, #6070 ) ;
#104 = VERTEX_POINT ( 'NONE', #7323 ) ;
#105 = UNCERTAINTY_MEASURE_WITH_UNIT (LENGTH_MEASURE( 1.000000000000000082E-05 ), #9526, 'distance_accuracy_value', 'NONE');
#106 = EDGE_LOOP ( 'NONE', ( #2042, #8461, #8402, #5323 ) ) ;
#107 = LINE ( 'NONE', #7278, #8489 ) ;
#108 = ORIENTED_EDGE ( 'NONE', *, *, #5804, .F. ) ;
#109 = VECTOR ( 'NONE', #6403, 1000.000000000000000 ) ;
#110 = EDGE_LOOP ( 'NONE', ( #7781, #3823, #1892, #3406, #7329 ) ) ;
#111 = AXIS2_PLACEMENT_3D ( 'NONE', #4549, #10261, #5362 ) ;
#112 =( NAMED_UNIT ( * ) PLANE_ANGLE_UNIT ( ) SI_UNIT ( $, .RADIAN. ) );
#113 = EDGE_CURVE ( 'NONE', #8997, #5991, #9519, .T. ) ;
#114 = DIRECTION ( 'NONE',  ( 1.000000000000000000, 0.0000000000000000000, -6.123031769111888756E-17 ) ) ;
#115 = SURFACE_STYLE_USAGE ( .BOTH. , #4969 ) ;
#116 = DIRECTION ( 'NONE',  ( 1.000000000000000000, -4.547473508868780324E-12, 8.017810433527169650E-13 ) ) ;
#117 = DIRECTION ( 'NONE',  ( -1.224606353822375779E-16, 0.0000000000000000000, 1.000000000000000000 ) ) ;
#118 = ORIENTED_EDGE ( 'NONE', *, *, #5761, .F. ) ;
#119 = ORIENTED_EDGE ( 'NONE', *, *, #5389, .F. ) ;
#120 = LINE ( 'NONE', #9, #4178 ) ;
#121 = ADVANCED_FACE ( 'NONE', ( #1383 ), #3183, .T. ) ;
#122 = CARTESIAN_POINT ( 'NONE',  ( 0.9800000000010679058, -5.116929645232019652, -3.884999999852265073 ) ) ;
#123 = ORIENTED_EDGE ( 'NONE', *, *, #9512, .T. ) ;
#124 = VERTEX_POINT ( 'NONE', #4326 ) ;
#125 = CARTESIAN_POINT ( 'NONE',  ( -1.269999999999974039, -7.150999999999920753, -3.734999999852264718 ) ) ;
#126 =( LENGTH_UNIT ( ) NAMED_UNIT ( * ) SI_UNIT ( .MILLI., .METRE. ) );
#127 = DIRECTION ( 'NONE',  ( -1.000000000000000000, -2.273736754434390162E-12, 0.0000000000000000000 ) ) ;
#128 = VECTOR ( 'NONE', #1998, 1000.000000000000000 ) ;
#129 = EDGE_CURVE ( 'NONE', #1803, #4860, #3008, .T. ) ;
#130 = CARTESIAN_POINT ( 'NONE',  ( 2.810000000000000053, -1.227030387021919910, 4.186245315462254979 ) ) ;
#131 = PRESENTATION_LAYER_ASSIGNMENT (  '', '', ( #9569 ) ) ;
#132 = FILL_AREA_STYLE_COLOUR ( '', #8624 ) ;
#133 = ORIENTED_EDGE ( 'NONE', *, *, #5352, .T. ) ;
#134 = DIRECTION ( 'NONE',  ( 0.0000000000000000000, -1.000000000000000000, 0.0000000000000000000 ) ) ;
#135 = CARTESIAN_POINT ( 'NONE',  ( 1.770000000000000018, -2.180000000000000160, -4.335605995874404428 ) ) ;
#136 = EDGE_CURVE ( 'NONE', #8890, #9262, #7363, .T. ) ;
#137 = FACE_OUTER_BOUND ( 'NONE', #6820, .T. ) ;
#138 = FILL_AREA_STYLE ('',( #132 ) ) ;
#139 = ORIENTED_EDGE ( 'NONE', *, *, #5633, .F. ) ;
#140 = CARTESIAN_POINT ( 'NONE',  ( -0.2700000000000000178, -1.762499999999999956, -2.185105896938285053 ) ) ;
#141 = EDGE_CURVE ( 'NONE', #9083, #9015, #2761, .T. ) ;
#142 = AXIS2_PLACEMENT_3D ( 'NONE', #3167, #3200, #3237 ) ;
#143 = ADVANCED_FACE ( 'NONE', ( #7102 ), #9677, .T. ) ;
#144 = ORIENTED_EDGE ( 'NONE', *, *, #3435, .T. ) ;
#145 = CARTESIAN_POINT ( 'NONE',  ( -4.592499999998110205, 3.650731915741389777E-05, 4.357628357563680055 ) ) ;
#146 = CARTESIAN_POINT ( 'NONE',  ( -4.325000000000329692, 0.3432682536600850098, -10.25999999999999979 ) ) ;
#147 = LINE ( 'NONE', #1575, #2037 ) ;
#148 = MECHANICAL_DESIGN_GEOMETRIC_PRESENTATION_REPRESENTATION (  '', ( #9599 ), #677 ) ;
#149 = CARTESIAN_POINT ( 'NONE',  ( 5.080000000000000071, 0.0000000000000000000, -3.110500138708840031E-16 ) ) ;
#150 = CARTESIAN_POINT ( 'NONE',  ( 3.194999999999999840, -2.180000000000000160, 2.169999999999999929 ) ) ;
#151 = ORIENTED_EDGE ( 'NONE', *, *, #9522, .T. ) ;
#152 = DIRECTION ( 'NONE',  ( 5.202631688678576249E-17, 0.5272949808244127290, 0.8496822954477646350 ) ) ;
#153 = DIRECTION ( 'NONE',  ( 0.0000000000000000000, 0.0000000000000000000, 1.000000000000000000 ) ) ;
#154 = DIRECTION ( 'NONE',  ( -1.059417794895478013E-32, -1.000000000000000000, 1.730217700714529757E-16 ) ) ;
#155 = EDGE_CURVE ( 'NONE', #4895, #8619, #618, .T. ) ;
#156 = CARTESIAN_POINT ( 'NONE',  ( -3.795893264020365088, -7.250000000000000000, 3.884999999852265073 ) ) ;
#157 = PRESENTATION_STYLE_ASSIGNMENT (( #9307 ) ) ;
#158 = COLOUR_RGB ( '',0.1411764705882352922, 0.1411764705882352922, 0.1411764705882352922 ) ;
#159 = CARTESIAN_POINT ( 'NONE',  ( 4.325000000000325251, 3.650732014648385516E-05, 10.25999999999999979 ) ) ;
#160 = DIRECTION ( 'NONE',  ( 6.123031769111888756E-17, -5.459445332101871020E-15, -1.000000000000000000 ) ) ;
#161 = VERTEX_POINT ( 'NONE', #9166 ) ;
#162 = AXIS2_PLACEMENT_3D ( 'NONE', #1887, #3536, #9202 ) ;
#163 = CARTESIAN_POINT ( 'NONE',  ( -3.810000000000000053, -2.180000000000000160, 4.500000000000000000 ) ) ;
#164 = DIRECTION ( 'NONE',  ( 2.126506617005608948E-17, -0.9848077530122136825, -0.1736481776668984678 ) ) ;
#165 = ADVANCED_FACE ( 'NONE', ( #4667 ), #3484, .T. ) ;
#166 = MECHANICAL_DESIGN_GEOMETRIC_PRESENTATION_REPRESENTATION (  '', ( #9627 ), #698 ) ;
#167 = FILL_AREA_STYLE ('',( #1731 ) ) ;
#168 = EDGE_CURVE ( 'NONE', #845, #1006, #10160, .T. ) ;
#169 = LINE ( 'NONE', #7005, #8544 ) ;
#170 = VECTOR ( 'NONE', #1474, 999.9999999999998863 ) ;
#171 = CARTESIAN_POINT ( 'NONE',  ( 1.885000000000224940, -0.1618430139594435047, -2.597605896938239844 ) ) ;
#172 = PLANE ( 'NONE',  #2654 ) ;
#173 =( LENGTH_UNIT ( ) NAMED_UNIT ( * ) SI_UNIT ( .MILLI., .METRE. ) );
#174 = VECTOR ( 'NONE', #4901, 1000.000000000000000 ) ;
#175 = CARTESIAN_POINT ( 'NONE',  ( -0.2700000000000000178, -1.308111948986800055, -3.923659150360660153 ) ) ;
#176 = LINE ( 'NONE', #1481, #8555 ) ;
#177 = ORIENTED_EDGE ( 'NONE', *, *, #2562, .T. ) ;
#178 = DIRECTION ( 'NONE',  ( 0.0000000000000000000, 1.000000000000000000, 0.0000000000000000000 ) ) ;
#179 = DIRECTION ( 'NONE',  ( 0.0000000000000000000, 1.000000000000000000, 0.0000000000000000000 ) ) ;
#180 = EDGE_CURVE ( 'NONE', #8071, #10349, #3904, .T. ) ;
#181 = CARTESIAN_POINT ( 'NONE',  ( 1.270000000000000018, -0.6800000000000000488, -4.500000000000000000 ) ) ;
#182 = DIRECTION ( 'NONE',  ( 6.587989989187647596E-14, -0.9848077530122136825, -0.1736481776668984678 ) ) ;
#183 = CARTESIAN_POINT ( 'NONE',  ( -2.270000000000000018, -0.9719250235416100336, 4.336245315462229577 ) ) ;
#184 = CARTESIAN_POINT ( 'NONE',  ( -3.713407417371035191, -7.176881904510159949, 10.25999999999999979 ) ) ;
#185 = ORIENTED_EDGE ( 'NONE', *, *, #8900, .F. ) ;
#186 = VECTOR ( 'NONE', #3352, 1000.000000000000000 ) ;
#187 = VECTOR ( 'NONE', #2812, 1000.000000000000000 ) ;
#188 = ORIENTED_EDGE ( 'NONE', *, *, #7334, .F. ) ;
#189 = DIRECTION ( 'NONE',  ( 3.977760680563425387E-29, 1.000000000000000000, 6.496390726942740462E-13 ) ) ;
#190 = LINE ( 'NONE', #6551, #8572 ) ;
#191 = EDGE_CURVE ( 'NONE', #8190, #7206, #1763, .T. ) ;
#192 = PRODUCT_DEFINITION ( 'UNKNOWN', '', #739, #3757 ) ;
#193 = CARTESIAN_POINT ( 'NONE',  ( -0.6549999999997639932, 3.650731991911014584E-05, -4.357628357563815058 ) ) ;
#194 = AXIS2_PLACEMENT_3D ( 'NONE', #885, #843, #693 ) ;
#195 = ORIENTED_EDGE ( 'NONE', *, *, #6592, .F. ) ;
#196 = PLANE ( 'NONE',  #3840 ) ;
#197 = LINE ( 'NONE', #9432, #8577 ) ;
#198 = ORIENTED_EDGE ( 'NONE', *, *, #2428, .T. ) ;
#199 = EDGE_CURVE ( 'NONE', #8259, #10306, #3661, .T. ) ;
#200 = PRESENTATION_STYLE_ASSIGNMENT (( #9694 ) ) ;
#201 = EDGE_LOOP ( 'NONE', ( #6218, #9481, #255, #1588, #4287, #10060, #1842, #4214, #4113, #5287 ) ) ;
#202 = ORIENTED_EDGE ( 'NONE', *, *, #9300, .T. ) ;
#203 = VECTOR ( 'NONE', #1323, 1000.000000000000000 ) ;
#204 = VECTOR ( 'NONE', #406, 1000.000000000000000 ) ;
#205 =( GEOMETRIC_REPRESENTATION_CONTEXT ( 3 ) GLOBAL_UNCERTAINTY_ASSIGNED_CONTEXT ( ( #7006 ) ) GLOBAL_UNIT_ASSIGNED_CONTEXT ( ( #2338, #8048, #3163 ) ) REPRESENTATION_CONTEXT ( 'NONE', 'WORKASPACE' ) );
#206 = ORIENTED_EDGE ( 'NONE', *, *, #1411, .F. ) ;
#207 = CARTESIAN_POINT ( 'NONE',  ( 1.270000000000025997, -7.150999999999920753, -3.734999999852264718 ) ) ;
#208 = VECTOR ( 'NONE', #5593, 1000.000000000000000 ) ;
#209 = ORIENTED_EDGE ( 'NONE', *, *, #6604, .T. ) ;
#210 = DIRECTION ( 'NONE',  ( 6.123031769111888756E-17, 0.0000000000000000000, 1.000000000000000000 ) ) ;
#211 = LINE ( 'NONE', #2148, #6434 ) ;
#212 = ORIENTED_EDGE ( 'NONE', *, *, #3451, .T. ) ;
#213 = STYLED_ITEM ( 'NONE', ( #417 ), #2118 ) ;
#214 = LINE ( 'NONE', #4566, #2350 ) ;
#215 = ORIENTED_EDGE ( 'NONE', *, *, #1478, .F. ) ;
#216 = VECTOR ( 'NONE', #8189, 1000.000000000000000 ) ;
#217 = LINE ( 'NONE', #4327, #8602 ) ;
#218 = CARTESIAN_POINT ( 'NONE',  ( -3.294999999999674856, 0.6865000000000239799, -10.25999999999999979 ) ) ;
#219 = ADVANCED_FACE ( 'NONE', ( #5556 ), #10097, .T. ) ;
#220 = CARTESIAN_POINT ( 'NONE',  ( -1.885000000000209841, -0.3902521710449980419, 4.288809933303045163 ) ) ;
#221 = DIRECTION ( 'NONE',  ( 6.123031769111888756E-17, 0.0000000000000000000, 1.000000000000000000 ) ) ;
#222 = ORIENTED_EDGE ( 'NONE', *, *, #1361, .F. ) ;
#223 = CARTESIAN_POINT ( 'NONE',  ( -0.7549999999996730438, 0.6005582141878489377, -4.463516536985710381 ) ) ;
#224 = ORIENTED_EDGE ( 'NONE', *, *, #808, .F. ) ;
#225 = LINE ( 'NONE', #8254, #2115 ) ;
#226 = ORIENTED_EDGE ( 'NONE', *, *, #3655, .T. ) ;
#227 = DIRECTION ( 'NONE',  ( 0.0000000000000000000, -1.000000000000000000, 0.0000000000000000000 ) ) ;
#228 = CARTESIAN_POINT ( 'NONE',  ( 4.424999999999999822, -0.6800000000000000488, -4.500000000000000000 ) ) ;
#229 = COLOUR_RGB ( '',0.1411764705882352922, 0.1411764705882352922, 0.1411764705882352922 ) ;
#230 = DIRECTION ( 'NONE',  ( 1.224606353822375779E-16, 0.0000000000000000000, -1.000000000000000000 ) ) ;
#231 = DIRECTION ( 'NONE',  ( 1.224606353822375779E-16, 0.0000000000000000000, -1.000000000000000000 ) ) ;
#232 = VERTEX_POINT ( 'NONE', #472 ) ;
#233 = DIRECTION ( 'NONE',  ( -1.000000000000000000, 0.0000000000000000000, 6.123031769111888756E-17 ) ) ;
#234 = STYLED_ITEM ( 'NONE', ( #1263 ), #3615 ) ;
#235 = LINE ( 'NONE', #9089, #4530 ) ;
#236 = ORIENTED_EDGE ( 'NONE', *, *, #407, .F. ) ;
#237 = EDGE_CURVE ( 'NONE', #6704, #161, #7994, .T. ) ;
#238 = UNCERTAINTY_MEASURE_WITH_UNIT (LENGTH_MEASURE( 1.000000000000000082E-05 ), #6086, 'distance_accuracy_value', 'NONE');
#239 = SURFACE_SIDE_STYLE ('',( #4 ) ) ;
#240 = VERTEX_POINT ( 'NONE', #568 ) ;
#241 = ORIENTED_EDGE ( 'NONE', *, *, #9148, .T. ) ;
#242 = CARTESIAN_POINT ( 'NONE',  ( 5.080000000000000071, -8.272839892444299875E-16, 4.503673019291570156 ) ) ;
#243 = LINE ( 'NONE', #3784, #4290 ) ;
#244 = ORIENTED_EDGE ( 'NONE', *, *, #7114, .F. ) ;
#245 = DIRECTION ( 'NONE',  ( 6.123031769111888756E-17, 0.0000000000000000000, 1.000000000000000000 ) ) ;
#246 = VECTOR ( 'NONE', #87, 1000.000000000000000 ) ;
#247 = LINE ( 'NONE', #8667, #4296 ) ;
#248 = VERTEX_POINT ( 'NONE', #4460 ) ;
#249 = AXIS2_PLACEMENT_3D ( 'NONE', #6765, #7629, #2724 ) ;
#250 = PRESENTATION_STYLE_ASSIGNMENT (( #7929 ) ) ;
#251 = ORIENTED_EDGE ( 'NONE', *, *, #4501, .F. ) ;
#252 = FILL_AREA_STYLE_COLOUR ( '', #9758 ) ;
#253 = ORIENTED_EDGE ( 'NONE', *, *, #8654, .F. ) ;
#254 = EDGE_CURVE ( 'NONE', #6409, #4499, #9911, .T. ) ;
#255 = ORIENTED_EDGE ( 'NONE', *, *, #1997, .F. ) ;
#256 = ORIENTED_EDGE ( 'NONE', *, *, #3084, .F. ) ;
#257 = CARTESIAN_POINT ( 'NONE',  ( -1.269999999999974039, -7.150999999999920753, -10.25999999999999979 ) ) ;
#258 = CARTESIAN_POINT ( 'NONE',  ( 5.080000000000000071, 1.000000000000000000, 4.879999999999879989 ) ) ;
#259 = EDGE_CURVE ( 'NONE', #4030, #3073, #3421, .T. ) ;
#260 = DIRECTION ( 'NONE',  ( 1.000000000000000000, 0.0000000000000000000, -6.123031769111888756E-17 ) ) ;
#261 = DIRECTION ( 'NONE',  ( 0.0000000000000000000, 1.000000000000000000, 0.0000000000000000000 ) ) ;
#262 = FACE_OUTER_BOUND ( 'NONE', #7976, .T. ) ;
#263 = AXIS2_PLACEMENT_3D ( 'NONE', #531, #3804, #9485 ) ;
#264 = CARTESIAN_POINT ( 'NONE',  ( 2.810000000000000053, -0.4000000000000569766, 2.460105896938209913 ) ) ;
#265 =( NAMED_UNIT ( * ) SI_UNIT ( $, .STERADIAN. ) SOLID_ANGLE_UNIT ( ) );
#266 =( NAMED_UNIT ( * ) PLANE_ANGLE_UNIT ( ) SI_UNIT ( $, .RADIAN. ) );
#267 = ORIENTED_EDGE ( 'NONE', *, *, #1678, .F. ) ;
#268 = ORIENTED_EDGE ( 'NONE', *, *, #2595, .T. ) ;
#269 = PLANE ( 'NONE',  #2431 ) ;
#270 = EDGE_CURVE ( 'NONE', #4951, #7917, #5292, .T. ) ;
#271 = CARTESIAN_POINT ( 'NONE',  ( 0.9799999999995409050, -5.116929645231019563, 3.734999999852264718 ) ) ;
#272 = DIRECTION ( 'NONE',  ( -1.000000000000000000, 0.0000000000000000000, -6.123031769111888756E-17 ) ) ;
#273 = ADVANCED_FACE ( 'NONE', ( #994 ), #2899, .T. ) ;
#274 = DIRECTION ( 'NONE',  ( 1.063253308502803550E-17, -0.9848077530122136825, 0.1736481776668984678 ) ) ;
#275 = ORIENTED_EDGE ( 'NONE', *, *, #5369, .T. ) ;
#276 = EDGE_CURVE ( 'NONE', #285, #785, #5052, .T. ) ;
#277 = CARTESIAN_POINT ( 'NONE',  ( 4.325000000000325251, 0.6005582141877939817, 4.463516536985700611 ) ) ;
#278 = CARTESIAN_POINT ( 'NONE',  ( 5.080000000000000071, -3.049999999999729816, 0.5399999999998489342 ) ) ;
#279 = VERTEX_POINT ( 'NONE', #9306 ) ;
#280 = CARTESIAN_POINT ( 'NONE',  ( 4.944999999999999396, 0.6646145760520150159, -4.620862500821749208 ) ) ;
#281 = MECHANICAL_DESIGN_GEOMETRIC_PRESENTATION_REPRESENTATION (  '', ( #9751 ), #823 ) ;
#282 = VECTOR ( 'NONE', #3214, 1000.000000000000000 ) ;
#283 =( LENGTH_UNIT ( ) NAMED_UNIT ( * ) SI_UNIT ( .MILLI., .METRE. ) );
#284 = VERTEX_POINT ( 'NONE', #402 ) ;
#285 = VERTEX_POINT ( 'NONE', #9447 ) ;
#286 = SURFACE_STYLE_USAGE ( .BOTH. , #5144 ) ;
#287 = CARTESIAN_POINT ( 'NONE',  ( -3.194999999999845297, -1.221249999999999947, -2.185105896938279724 ) ) ;
#288 = EDGE_CURVE ( 'NONE', #4141, #7457, #4789, .T. ) ;
#289 = DIRECTION ( 'NONE',  ( -1.224606352864879832E-16, -2.601093943404129786E-13, 1.000000000000000000 ) ) ;
#290 = CARTESIAN_POINT ( 'NONE',  ( 4.375000000000280664, 3.650732003279700389E-05, 10.25999999999999979 ) ) ;
#291 =( NAMED_UNIT ( * ) PLANE_ANGLE_UNIT ( ) SI_UNIT ( $, .RADIAN. ) );
#292 = FACE_OUTER_BOUND ( 'NONE', #5667, .T. ) ;
#293 = DIRECTION ( 'NONE',  ( 6.123031769111888756E-17, -1.836909530733564901E-16, 1.000000000000000000 ) ) ;
#294 = DIRECTION ( 'NONE',  ( -1.000000000000000000, 2.273736754434390162E-12, 4.009823671527819687E-13 ) ) ;
#295 = CARTESIAN_POINT ( 'NONE',  ( -2.810000000000000053, -0.4000000000000569766, -2.460105896938209913 ) ) ;
#296 = STYLED_ITEM ( 'NONE', ( #5286 ), #8521 ) ;
#297 = CARTESIAN_POINT ( 'NONE',  ( 3.906592582628799715, -7.176881904510220345, -3.884999999852265073 ) ) ;
#298 = CARTESIAN_POINT ( 'NONE',  ( 4.425000000000235190, -0.04322605824517084666, -4.500000000000000000 ) ) ;
#299 = LINE ( 'NONE', #6759, #4354 ) ;
#300 = ORIENTED_EDGE ( 'NONE', *, *, #1938, .F. ) ;
#301 = AXIS2_PLACEMENT_3D ( 'NONE', #6330, #2265, #7965 ) ;
#302 = LINE ( 'NONE', #7826, #4356 ) ;
#303 = VECTOR ( 'NONE', #3923, 1000.000000000000000 ) ;
#304 = DIRECTION ( 'NONE',  ( -1.000000000000000000, 0.0000000000000000000, 0.0000000000000000000 ) ) ;
#305 = EDGE_CURVE ( 'NONE', #7085, #7375, #733, .T. ) ;
#306 = VERTEX_POINT ( 'NONE', #6252 ) ;
#307 = FACE_OUTER_BOUND ( 'NONE', #6050, .T. ) ;
#308 = DIRECTION ( 'NONE',  ( -1.000000000000000000, 0.0000000000000000000, 6.123031769111888756E-17 ) ) ;
#309 = CARTESIAN_POINT ( 'NONE',  ( 4.727499999996659596, 3.650731854348830040E-05, -4.503679456516819890 ) ) ;
#310 = LINE ( 'NONE', #10180, #8688 ) ;
#311 = VERTEX_POINT ( 'NONE', #8550 ) ;
#312 = VECTOR ( 'NONE', #8324, 1000.000000000000114 ) ;
#313 =( NAMED_UNIT ( * ) PLANE_ANGLE_UNIT ( ) SI_UNIT ( $, .RADIAN. ) );
#314 = EDGE_CURVE ( 'NONE', #1792, #5443, #487, .T. ) ;
#315 = AXIS2_PLACEMENT_3D ( 'NONE', #1511, #7186, #2299 ) ;
#316 = ADVANCED_FACE ( 'NONE', ( #6964 ), #6185, .T. ) ;
#317 = ORIENTED_EDGE ( 'NONE', *, *, #3403, .T. ) ;
#318 = DIRECTION ( 'NONE',  ( 0.0000000000000000000, 0.0000000000000000000, -1.000000000000000000 ) ) ;
#319 = ORIENTED_EDGE ( 'NONE', *, *, #866, .F. ) ;
#320 = ORIENTED_EDGE ( 'NONE', *, *, #1629, .F. ) ;
#321 = EDGE_CURVE ( 'NONE', #6737, #6448, #1872, .T. ) ;
#322 = FILL_AREA_STYLE_COLOUR ( '', #681 ) ;
#323 = VECTOR ( 'NONE', #7175, 1000.000000000000000 ) ;
#324 = DIRECTION ( 'NONE',  ( -0.0000000000000000000, 1.000000000000000000, 0.0000000000000000000 ) ) ;
#325 = DIRECTION ( 'NONE',  ( 0.0000000000000000000, 0.0000000000000000000, -1.000000000000000000 ) ) ;
#326 = DIRECTION ( 'NONE',  ( -9.556289355536120687E-26, -2.596018638148705187E-13, -1.000000000000000000 ) ) ;
#327 = DIRECTION ( 'NONE',  ( 1.224606353822375779E-16, 0.0000000000000000000, -1.000000000000000000 ) ) ;
#328 = ORIENTED_EDGE ( 'NONE', *, *, #1827, .F. ) ;
#329 = VECTOR ( 'NONE', #164, 1000.000000000000114 ) ;
#330 = ORIENTED_EDGE ( 'NONE', *, *, #7239, .F. ) ;
#331 = CARTESIAN_POINT ( 'NONE',  ( 0.7549999999996720446, 3.650732037385749672E-05, 4.357628357563889665 ) ) ;
#332 = EDGE_CURVE ( 'NONE', #10206, #8722, #8108, .T. ) ;
#333 = ORIENTED_EDGE ( 'NONE', *, *, #6804, .T. ) ;
#334 =( NAMED_UNIT ( * ) SI_UNIT ( $, .STERADIAN. ) SOLID_ANGLE_UNIT ( ) );
#335 = VERTEX_POINT ( 'NONE', #6502 ) ;
#336 = LINE ( 'NONE', #5474, #2222 ) ;
#337 = VECTOR ( 'NONE', #274, 1000.000000000000114 ) ;
#338 = CARTESIAN_POINT ( 'NONE',  ( -3.194999999999910134, -2.180000000000000160, -4.335605995874404428 ) ) ;
#339 = VECTOR ( 'NONE', #1119, 1000.000000000000000 ) ;
#340 = CARTESIAN_POINT ( 'NONE',  ( -0.7549999999996730438, 0.3432682536600850098, 10.25999999999999979 ) ) ;
#341 = AXIS2_PLACEMENT_3D ( 'NONE', #8632, #2154, #2895 ) ;
#342 = CARTESIAN_POINT ( 'NONE',  ( 1.884999999999944942, -2.180000000000000160, 4.335605995874404428 ) ) ;
#343 = ORIENTED_EDGE ( 'NONE', *, *, #6378, .T. ) ;
#344 = ORIENTED_EDGE ( 'NONE', *, *, #3522, .F. ) ;
#345 = ORIENTED_EDGE ( 'NONE', *, *, #4184, .F. ) ;
#346 = VECTOR ( 'NONE', #4379, 1000.000000000000114 ) ;
#347 = ORIENTED_EDGE ( 'NONE', *, *, #3585, .F. ) ;
#348 = LINE ( 'NONE', #1148, #2495 ) ;
#349 = ORIENTED_EDGE ( 'NONE', *, *, #3233, .T. ) ;
#350 = FACE_BOUND ( 'NONE', #1626, .T. ) ;
#351 = MECHANICAL_DESIGN_GEOMETRIC_PRESENTATION_REPRESENTATION (  '', ( #9270 ), #898 ) ;
#352 = CARTESIAN_POINT ( 'NONE',  ( -0.9799999999990369748, -3.750000000000104805, -3.734999999852260277 ) ) ;
#353 = PLANE ( 'NONE',  #4612 ) ;
#354 = ORIENTED_EDGE ( 'NONE', *, *, #924, .T. ) ;
#355 = PRESENTATION_LAYER_ASSIGNMENT (  '', '', ( #9820 ) ) ;
#356 = ORIENTED_EDGE ( 'NONE', *, *, #8423, .T. ) ;
#357 = LINE ( 'NONE', #1594, #8736 ) ;
#358 = ORIENTED_EDGE ( 'NONE', *, *, #6592, .T. ) ;
#359 = EDGE_CURVE ( 'NONE', #91, #2949, #5957, .T. ) ;
#360 = LINE ( 'NONE', #3913, #6851 ) ;
#361 = UNCERTAINTY_MEASURE_WITH_UNIT (LENGTH_MEASURE( 1.000000000000000082E-05 ), #6486, 'distance_accuracy_value', 'NONE');
#362 = VERTEX_POINT ( 'NONE', #7304 ) ;
#363 = SURFACE_STYLE_FILL_AREA ( #8176 ) ;
#364 = CARTESIAN_POINT ( 'NONE',  ( 1.885000000000169873, -0.9719250235416100336, -4.336245315462229577 ) ) ;
#365 = CARTESIAN_POINT ( 'NONE',  ( -0.2700000000000000178, -5.325000000000000178, -3.884999999852265073 ) ) ;
#366 = DIRECTION ( 'NONE',  ( -1.317172696514127587E-13, 0.9848077530122136825, -0.1736481776668984678 ) ) ;
#367 = UNCERTAINTY_MEASURE_WITH_UNIT (LENGTH_MEASURE( 1.000000000000000082E-05 ), #9353, 'distance_accuracy_value', 'NONE');
#368 = DIRECTION ( 'NONE',  ( 6.587989989187647596E-14, -0.9848077530122136825, -0.1736481776668984678 ) ) ;
#369 = DIRECTION ( 'NONE',  ( -1.000000000000000000, 0.0000000000000000000, 6.123031769111888756E-17 ) ) ;
#370 = AXIS2_PLACEMENT_3D ( 'NONE', #8043, #10490, #5614 ) ;
#371 = ORIENTED_EDGE ( 'NONE', *, *, #2464, .T. ) ;
#372 = DIRECTION ( 'NONE',  ( -1.224606353822375779E-16, 0.0000000000000000000, 1.000000000000000000 ) ) ;
#373 = FACE_OUTER_BOUND ( 'NONE', #3648, .T. ) ;
#374 = DIRECTION ( 'NONE',  ( 6.123031769111888756E-17, -5.459445332101871020E-15, 1.000000000000000000 ) ) ;
#375 = VERTEX_POINT ( 'NONE', #6382 ) ;
#376 = VERTEX_POINT ( 'NONE', #2455 ) ;
#377 = AXIS2_PLACEMENT_3D ( 'NONE', #9961, #5077, #221 ) ;
#378 =( NAMED_UNIT ( * ) PLANE_ANGLE_UNIT ( ) SI_UNIT ( $, .RADIAN. ) );
#379 = CARTESIAN_POINT ( 'NONE',  ( -4.425000000000215650, -0.1618430139594435047, -2.597605896938239844 ) ) ;
#380 = EDGE_CURVE ( 'NONE', #3713, #4393, #3541, .T. ) ;
#381 = LINE ( 'NONE', #10106, #6345 ) ;
#382 = CARTESIAN_POINT ( 'NONE',  ( 2.810000000000000053, -0.9719250235416100336, 4.186245315462254979 ) ) ;
#383 = ADVANCED_FACE ( 'NONE', ( #5688 ), #9840, .T. ) ;
#384 = ORIENTED_EDGE ( 'NONE', *, *, #3211, .F. ) ;
#385 = CARTESIAN_POINT ( 'NONE',  ( 4.425000000000095746, -1.071254713756893961, 4.063030467039109972 ) ) ;
#386 = SURFACE_STYLE_FILL_AREA ( #2659 ) ;
#387 = AXIS2_PLACEMENT_3D ( 'NONE', #3680, #4470, #10194 ) ;
#388 = LINE ( 'NONE', #2408, #4431 ) ;
#389 = CARTESIAN_POINT ( 'NONE',  ( 1.559999999998839870, -3.750000000000144773, 3.884999999852260189 ) ) ;
#390 = EDGE_CURVE ( 'NONE', #5856, #5916, #1627, .T. ) ;
#391 = ORIENTED_EDGE ( 'NONE', *, *, #7638, .T. ) ;
#392 = DIRECTION ( 'NONE',  ( 1.144914669571143966E-32, 1.000000000000000000, 1.869849304631664997E-16 ) ) ;
#393 = EDGE_CURVE ( 'NONE', #7898, #4415, #10282, .T. ) ;
#394 = PRESENTATION_STYLE_ASSIGNMENT (( #10049 ) ) ;
#395 = ORIENTED_EDGE ( 'NONE', *, *, #155, .F. ) ;
#396 = EDGE_CURVE ( 'NONE', #1721, #6723, #7613, .T. ) ;
#397 = CARTESIAN_POINT ( 'NONE',  ( 0.6550000000000000266, 3.330669073875469621E-16, -1.667499999999999982 ) ) ;
#398 = CARTESIAN_POINT ( 'NONE',  ( 0.6549999999997639932, 3.650731991911014584E-05, -4.503679456517060586 ) ) ;
#399 = DIRECTION ( 'NONE',  ( 0.9690437062361154652, -0.2468892371169171263, 1.186697079788332367E-16 ) ) ;
#400 = PRESENTATION_LAYER_ASSIGNMENT (  '', '', ( #9873 ) ) ;
#401 = SURFACE_STYLE_USAGE ( .BOTH. , #5234 ) ;
#402 = CARTESIAN_POINT ( 'NONE',  ( 5.080000000000000071, -8.272839892444299875E-16, 4.503673019291570156 ) ) ;
#403 =( GEOMETRIC_REPRESENTATION_CONTEXT ( 3 ) GLOBAL_UNCERTAINTY_ASSIGNED_CONTEXT ( ( #7669 ) ) GLOBAL_UNIT_ASSIGNED_CONTEXT ( ( #3304, #6684, #8910 ) ) REPRESENTATION_CONTEXT ( 'NONE', 'WORKASPACE' ) );
#404 = FACE_OUTER_BOUND ( 'NONE', #3404, .T. ) ;
#405 = DIRECTION ( 'NONE',  ( 6.123031769111888756E-17, 3.114707882784410092E-13, 1.000000000000000000 ) ) ;
#406 = DIRECTION ( 'NONE',  ( 1.000000000000000000, 0.0000000000000000000, 6.123031769111888756E-17 ) ) ;
#407 = EDGE_CURVE ( 'NONE', #8238, #3791, #3261, .T. ) ;
#408 = EDGE_LOOP ( 'NONE', ( #6236, #4442, #2642, #1459 ) ) ;
#409 =( LENGTH_UNIT ( ) NAMED_UNIT ( * ) SI_UNIT ( .MILLI., .METRE. ) );
#410 = DIRECTION ( 'NONE',  ( 1.000000000000000000, 0.0000000000000000000, -6.123031769111888756E-17 ) ) ;
#411 = SURFACE_STYLE_FILL_AREA ( #8459 ) ;
#412 = ORIENTED_EDGE ( 'NONE', *, *, #3435, .F. ) ;
#413 = VECTOR ( 'NONE', #8880, 1000.000000000000000 ) ;
#414 = CARTESIAN_POINT ( 'NONE',  ( -3.616703708685609975, -6.797318496377550368, -10.25999999999999979 ) ) ;
#415 = ORIENTED_EDGE ( 'NONE', *, *, #4068, .T. ) ;
#416 = DIRECTION ( 'NONE',  ( -1.206001831632339867E-16, -0.1736481776666925214, 0.9848077530122499867 ) ) ;
#417 = PRESENTATION_STYLE_ASSIGNMENT (( #1561 ) ) ;
#418 = CARTESIAN_POINT ( 'NONE',  ( 4.809999999999999609, -1.099477705281763917, -4.186245315462254979 ) ) ;
#419 = CARTESIAN_POINT ( 'NONE',  ( -5.080000000000000071, -3.750000000000000000, -2.330000000000270077 ) ) ;
#420 = DIRECTION ( 'NONE',  ( -1.000000000000000000, -1.337492208489744030E-13, 0.0000000000000000000 ) ) ;
#421 = FACE_OUTER_BOUND ( 'NONE', #6581, .T. ) ;
#422 = STYLED_ITEM ( 'NONE', ( #2472 ), #7043 ) ;
#423 = ADVANCED_FACE ( 'NONE', ( #5172 ), #7107, .T. ) ;
#424 = STYLED_ITEM ( 'NONE', ( #759 ), #3330 ) ;
#425 = FILL_AREA_STYLE_COLOUR ( '', #3735 ) ;
#426 = CARTESIAN_POINT ( 'NONE',  ( -4.325000000000325251, 0.1836702602581204991, 7.348433255235988781 ) ) ;
#427 = EDGE_CURVE ( 'NONE', #1881, #5500, #2996, .T. ) ;
#428 = CARTESIAN_POINT ( 'NONE',  ( 4.425000000000090417, -2.180000000000000160, -2.185105896938285053 ) ) ;
#429 = CARTESIAN_POINT ( 'NONE',  ( -1.885000000000234932, -7.771561172376099727E-16, 4.357621920338319299 ) ) ;
#430 = CARTESIAN_POINT ( 'NONE',  ( -3.194999999999999840, -2.180000000000000160, 3.334999999999999964 ) ) ;
#431 = EDGE_LOOP ( 'NONE', ( #7963, #7483, #10416, #9088 ) ) ;
#432 = DIRECTION ( 'NONE',  ( 1.000000000000000000, 0.0000000000000000000, 0.0000000000000000000 ) ) ;
#433 = DIRECTION ( 'NONE',  ( 1.000000000000000000, 2.273736754434390162E-12, -4.009823671528949589E-13 ) ) ;
#434 = FACE_OUTER_BOUND ( 'NONE', #9100, .T. ) ;
#435 = VERTEX_POINT ( 'NONE', #4024 ) ;
#436 =( NAMED_UNIT ( * ) PLANE_ANGLE_UNIT ( ) SI_UNIT ( $, .RADIAN. ) );
#437 = COLOUR_RGB ( '',0.1411764705882352922, 0.1411764705882352922, 0.1411764705882352922 ) ;
#438 = CARTESIAN_POINT ( 'NONE',  ( -1.885000000000000009, -2.180000000000000160, -3.334999999999999964 ) ) ;
#439 = ORIENTED_EDGE ( 'NONE', *, *, #808, .T. ) ;
#440 = CYLINDRICAL_SURFACE ( 'NONE', #1653, 0.1000000000000804967 ) ;
#441 = CARTESIAN_POINT ( 'NONE',  ( 4.425000000000235190, -7.771561172376099727E-16, 4.357621920338314858 ) ) ;
#442 = DIRECTION ( 'NONE',  ( -1.000000000000000000, 0.0000000000000000000, -6.123031769111888756E-17 ) ) ;
#443 = SURFACE_STYLE_FILL_AREA ( #2867 ) ;
#444 = FACE_OUTER_BOUND ( 'NONE', #3413, .T. ) ;
#445 = ORIENTED_EDGE ( 'NONE', *, *, #427, .T. ) ;
#446 = PLANE ( 'NONE',  #6962 ) ;
#447 = CIRCLE ( 'NONE', #5205, 0.2749999999999206968 ) ;
#448 = DIRECTION ( 'NONE',  ( 0.0000000000000000000, 1.000000000000000000, 0.0000000000000000000 ) ) ;
#449 = EDGE_CURVE ( 'NONE', #8410, #2577, #860, .T. ) ;
#450 = EDGE_LOOP ( 'NONE', ( #8170, #8709, #7861, #4292, #253, #8385, #5911, #222, #6891, #8840 ) ) ;
#451 = VECTOR ( 'NONE', #8614, 1000.000000000000114 ) ;
#452 = ORIENTED_EDGE ( 'NONE', *, *, #276, .T. ) ;
#453 = DIRECTION ( 'NONE',  ( 1.942265957311405000E-32, 1.000000000000000000, 3.172065784648250136E-16 ) ) ;
#454 = FACE_OUTER_BOUND ( 'NONE', #9086, .T. ) ;
#455 = EDGE_LOOP ( 'NONE', ( #5157, #5346, #3083, #7468 ) ) ;
#456 = ORIENTED_EDGE ( 'NONE', *, *, #3077, .T. ) ;
#457 = LINE ( 'NONE', #10222, #6942 ) ;
#458 = EDGE_CURVE ( 'NONE', #5099, #9364, #7867, .T. ) ;
#459 = LINE ( 'NONE', #8506, #2607 ) ;
#460 = ORIENTED_CLOSED_SHELL ( 'NONE', *, #5948, .F. );
#461 = CARTESIAN_POINT ( 'NONE',  ( 3.294999999999674856, 3.650732014648385516E-05, -10.25999999999999979 ) ) ;
#462 = ORIENTED_EDGE ( 'NONE', *, *, #2868, .T. ) ;
#463 = VECTOR ( 'NONE', #688, 1000.000000000000000 ) ;
#464 = ORIENTED_EDGE ( 'NONE', *, *, #4695, .T. ) ;
#465 = EDGE_CURVE ( 'NONE', #5546, #2760, #7087, .T. ) ;
#466 = VECTOR ( 'NONE', #7813, 1000.000000000000114 ) ;
#467 = EDGE_LOOP ( 'NONE', ( #6476, #1829, #8858, #10082 ) ) ;
#468 = CARTESIAN_POINT ( 'NONE',  ( 1.284106735979687830, -7.250000000000000000, -3.884999999852265073 ) ) ;
#469 = DIRECTION ( 'NONE',  ( -6.123031769111888756E-17, 1.730217700714529757E-16, -1.000000000000000000 ) ) ;
#470 = FACE_OUTER_BOUND ( 'NONE', #7111, .T. ) ;
#471 = CARTESIAN_POINT ( 'NONE',  ( 3.194999999999999840, -1.364496228814613854, 4.336037564729834592 ) ) ;
#472 = CARTESIAN_POINT ( 'NONE',  ( -1.885000000000234932, 7.771561172376099727E-16, -4.357621920338314858 ) ) ;
#473 = VERTEX_POINT ( 'NONE', #2283 ) ;
#474 = DIRECTION ( 'NONE',  ( 6.123031769111888756E-17, 0.0000000000000000000, -1.000000000000000000 ) ) ;
#475 = FACE_OUTER_BOUND ( 'NONE', #9905, .T. ) ;
#476 = SURFACE_STYLE_FILL_AREA ( #5981 ) ;
#477 = EDGE_CURVE ( 'NONE', #5883, #5719, #8993, .T. ) ;
#478 = EDGE_LOOP ( 'NONE', ( #7526, #5980, #6179, #6383 ) ) ;
#479 = CARTESIAN_POINT ( 'NONE',  ( -5.080000000000000071, -1.754506651265350214, 0.02920150240682125101 ) ) ;
#480 = CARTESIAN_POINT ( 'NONE',  ( 4.425000000000224532, -0.1618430139594435047, -2.597605896938239844 ) ) ;
#481 = ORIENTED_EDGE ( 'NONE', *, *, #4450, .F. ) ;
#482 = ORIENTED_EDGE ( 'NONE', *, *, #3390, .T. ) ;
#483 = VECTOR ( 'NONE', #86, 1000.000000000000000 ) ;
#484 = ADVANCED_FACE ( 'NONE', ( #4655 ), #69, .T. ) ;
#485 = ORIENTED_EDGE ( 'NONE', *, *, #4064, .T. ) ;
#486 = CARTESIAN_POINT ( 'NONE',  ( 1.270000000000000018, -2.180000000000000160, -2.169999999999999929 ) ) ;
#487 = CIRCLE ( 'NONE', #3669, 0.2748194203352921083 ) ;
#488 = DIRECTION ( 'NONE',  ( 3.240339941653821206E-20, -0.9999998599709452041, -0.0005292051493183440791 ) ) ;
#489 = CARTESIAN_POINT ( 'NONE',  ( -0.6549999999998930011, -0.9719250235416100336, 4.186245315462254979 ) ) ;
#490 = ORIENTED_EDGE ( 'NONE', *, *, #8140, .F. ) ;
#491 = ORIENTED_EDGE ( 'NONE', *, *, #1886, .F. ) ;
#492 = CIRCLE ( 'NONE', #111, 0.2748194203352921083 ) ;
#493 = MECHANICAL_DESIGN_GEOMETRIC_PRESENTATION_REPRESENTATION (  '', ( #9408 ), #1038 ) ;
#494 = ORIENTED_EDGE ( 'NONE', *, *, #1555, .F. ) ;
#495 = DIRECTION ( 'NONE',  ( 6.123031769111888756E-17, 0.0000000000000000000, 1.000000000000000000 ) ) ;
#496 = VECTOR ( 'NONE', #626, 1000.000000000000000 ) ;
#497 = ADVANCED_FACE ( 'NONE', ( #3892 ), #5123, .T. ) ;
#498 = MECHANICAL_DESIGN_GEOMETRIC_PRESENTATION_REPRESENTATION (  '', ( #9412 ), #1043 ) ;
#499 = EDGE_CURVE ( 'NONE', #10381, #1732, #1748, .T. ) ;
#500 = UNCERTAINTY_MEASURE_WITH_UNIT (LENGTH_MEASURE( 1.000000000000000082E-05 ), #7946, 'distance_accuracy_value', 'NONE');
#501 = ORIENTED_EDGE ( 'NONE', *, *, #581, .F. ) ;
#502 = VECTOR ( 'NONE', #5379, 1000.000000000000000 ) ;
#503 = ORIENTED_EDGE ( 'NONE', *, *, #3798, .F. ) ;
#504 = ORIENTED_EDGE ( 'NONE', *, *, #4041, .F. ) ;
#505 = CARTESIAN_POINT ( 'NONE',  ( -0.7549999999996730438, 0.6865000000000239799, 4.478670392594660044 ) ) ;
#506 = CARTESIAN_POINT ( 'NONE',  ( -2.810000000000000053, -1.227030387021919910, -4.186245315462254979 ) ) ;
#507 = CARTESIAN_POINT ( 'NONE',  ( -4.809999999999999609, -1.762499999999999956, 2.185105896938285053 ) ) ;
#508 = MECHANICAL_DESIGN_GEOMETRIC_PRESENTATION_REPRESENTATION (  '', ( #9972 ), #1054 ) ;
#509 = PLANE ( 'NONE',  #6344 ) ;
#510 = CARTESIAN_POINT ( 'NONE',  ( 3.795893264020365088, -7.250000000000000000, -3.809999999852264896 ) ) ;
#511 = EDGE_LOOP ( 'NONE', ( #4148, #1190, #10413, #6092 ) ) ;
#512 =( GEOMETRIC_REPRESENTATION_CONTEXT ( 3 ) GLOBAL_UNCERTAINTY_ASSIGNED_CONTEXT ( ( #9682 ) ) GLOBAL_UNIT_ASSIGNED_CONTEXT ( ( #9170, #4294, #9999 ) ) REPRESENTATION_CONTEXT ( 'NONE', 'WORKASPACE' ) );
#513 = CARTESIAN_POINT ( 'NONE',  ( -1.885000000000224940, -0.1618430139594435047, 2.597605896938239844 ) ) ;
#514 = EDGE_CURVE ( 'NONE', #1137, #2901, #6067, .T. ) ;
#515 = DIRECTION ( 'NONE',  ( -3.240339941653820604E-20, 0.9999998599709450930, -0.0005292051493183439707 ) ) ;
#516 = LINE ( 'NONE', #2052, #4824 ) ;
#517 = CARTESIAN_POINT ( 'NONE',  ( 0.7049999999997179634, 3.650732014648385516E-05, 10.25999999999999979 ) ) ;
#518 = CARTESIAN_POINT ( 'NONE',  ( 2.810000000000000053, -0.1539928746702824980, 4.480468821697074944 ) ) ;
#519 = ORIENTED_EDGE ( 'NONE', *, *, #1202, .T. ) ;
#520 = ORIENTED_EDGE ( 'NONE', *, *, #3919, .F. ) ;
#521 = EDGE_CURVE ( 'NONE', #3520, #10132, #10143, .T. ) ;
#522 = VECTOR ( 'NONE', #52, 1000.000000000000000 ) ;
#523 = PLANE ( 'NONE',  #8794 ) ;
#524 = DIRECTION ( 'NONE',  ( -1.000000000000000000, 0.0000000000000000000, -6.123031769111888756E-17 ) ) ;
#525 = ORIENTED_EDGE ( 'NONE', *, *, #3919, .T. ) ;
#526 = PLANE ( 'NONE',  #10089 ) ;
#527 = EDGE_CURVE ( 'NONE', #1006, #685, #5818, .T. ) ;
#528 = COLOUR_RGB ( '',0.1411764705882352922, 0.1411764705882352922, 0.1411764705882352922 ) ;
#529 = ORIENTED_EDGE ( 'NONE', *, *, #4820, .T. ) ;
#530 = EDGE_CURVE ( 'NONE', #2234, #4814, #1494, .T. ) ;
#531 = CARTESIAN_POINT ( 'NONE',  ( 2.270000000000000018, -0.1539928746702824980, -4.480468821697074944 ) ) ;
#532 = DIRECTION ( 'NONE',  ( 0.0000000000000000000, 0.0000000000000000000, -1.000000000000000000 ) ) ;
#533 = DIRECTION ( 'NONE',  ( -1.000000000000000000, 0.0000000000000000000, 6.123031769111888756E-17 ) ) ;
#534 = AXIS2_PLACEMENT_3D ( 'NONE', #6645, #3723, #5324 ) ;
#535 = DIRECTION ( 'NONE',  ( -1.000000000000000000, 0.0000000000000000000, 6.123031769111888756E-17 ) ) ;
#536 = VECTOR ( 'NONE', #6798, 1000.000000000000000 ) ;
#537 = ADVANCED_FACE ( 'NONE', ( #1236 ), #7476, .T. ) ;
#538 = ORIENTED_EDGE ( 'NONE', *, *, #1349, .T. ) ;
#539 = DIRECTION ( 'NONE',  ( -1.000000000000000000, 0.0000000000000000000, 6.123031769111888756E-17 ) ) ;
#540 = PLANE ( 'NONE',  #6367 ) ;
#541 = CARTESIAN_POINT ( 'NONE',  ( 1.785000000000329878, 0.9086536693868860759, -4.663893177324359485 ) ) ;
#542 = PLANE ( 'NONE',  #5528 ) ;
#543 = AXIS2_PLACEMENT_3D ( 'NONE', #938, #6632, #1767 ) ;
#544 = VECTOR ( 'NONE', #9986, 1000.000000000000000 ) ;
#545 = DIRECTION ( 'NONE',  ( 2.650545609742005410E-29, -1.000000000000000000, 4.328812440779560399E-13 ) ) ;
#546 = AXIS2_PLACEMENT_3D ( 'NONE', #4202, #1648, #9450 ) ;
#547 = UNCERTAINTY_MEASURE_WITH_UNIT (LENGTH_MEASURE( 1.000000000000000082E-05 ), #6472, 'distance_accuracy_value', 'NONE');
#548 = DIRECTION ( 'NONE',  ( 1.000000000000000000, 0.0000000000000000000, -6.123031769111888756E-17 ) ) ;
#549 = LINE ( 'NONE', #287, #7038 ) ;
#550 =( LENGTH_UNIT ( ) NAMED_UNIT ( * ) SI_UNIT ( .MILLI., .METRE. ) );
#551 = PLANE ( 'NONE',  #1702 ) ;
#552 = LINE ( 'NONE', #9847, #4859 ) ;
#553 = ORIENTED_EDGE ( 'NONE', *, *, #9708, .F. ) ;
#554 = LINE ( 'NONE', #5347, #4601 ) ;
#555 = PLANE ( 'NONE',  #1163 ) ;
#556 = VECTOR ( 'NONE', #5339, 1000.000000000000000 ) ;
#557 = CARTESIAN_POINT ( 'NONE',  ( -1.270000000000000018, -0.6800000000000000488, 4.500000000000000000 ) ) ;
#558 = AXIS2_PLACEMENT_3D ( 'NONE', #3278, #4085, #9796 ) ;
#559 = VERTEX_POINT ( 'NONE', #2603 ) ;
#560 = LINE ( 'NONE', #648, #9206 ) ;
#561 =( NAMED_UNIT ( * ) SI_UNIT ( $, .STERADIAN. ) SOLID_ANGLE_UNIT ( ) );
#562 = SURFACE_STYLE_FILL_AREA ( #7907 ) ;
#563 = CYLINDRICAL_SURFACE ( 'NONE', #9588, 0.2748194203352921083 ) ;
#564 = VERTEX_POINT ( 'NONE', #10056 ) ;
#565 = VECTOR ( 'NONE', #7486, 1000.000000000000000 ) ;
#566 = SURFACE_SIDE_STYLE ('',( #4723 ) ) ;
#567 = EDGE_CURVE ( 'NONE', #2556, #8615, #9625, .T. ) ;
#568 = CARTESIAN_POINT ( 'NONE',  ( -1.785000000000329878, 3.650732037385749672E-05, 4.357628357563889665 ) ) ;
#569 = FILL_AREA_STYLE ('',( #10100 ) ) ;
#570 = ORIENTED_EDGE ( 'NONE', *, *, #4254, .T. ) ;
#571 = VECTOR ( 'NONE', #3545, 1000.000000000000000 ) ;
#572 = ORIENTED_EDGE ( 'NONE', *, *, #7136, .F. ) ;
#573 =( NAMED_UNIT ( * ) SI_UNIT ( $, .STERADIAN. ) SOLID_ANGLE_UNIT ( ) );
#574 = ORIENTED_EDGE ( 'NONE', *, *, #2086, .F. ) ;
#575 = CARTESIAN_POINT ( 'NONE',  ( -2.270000000000000018, -1.308111948986800055, 3.923659150360660153 ) ) ;
#576 = COLOUR_RGB ( '',0.1411764705882352922, 0.1411764705882352922, 0.1411764705882352922 ) ;
#577 = AXIS2_PLACEMENT_3D ( 'NONE', #140, #7450, #2566 ) ;
#578 = FACE_OUTER_BOUND ( 'NONE', #8403, .T. ) ;
#579 = DIRECTION ( 'NONE',  ( 6.123031769111888756E-17, 0.0000000000000000000, 1.000000000000000000 ) ) ;
#580 = CARTESIAN_POINT ( 'NONE',  ( 1.366592582628966213, -7.176881904510159949, 10.25999999999999979 ) ) ;
#581 = EDGE_CURVE ( 'NONE', #9403, #839, #3410, .T. ) ;
#582 = EDGE_LOOP ( 'NONE', ( #8895, #6749, #5400, #9957 ) ) ;
#583 = SURFACE_STYLE_FILL_AREA ( #8303 ) ;
#584 = VERTEX_POINT ( 'NONE', #5944 ) ;
#585 = DIRECTION ( 'NONE',  ( 3.681132786215100208E-13, 1.000000000000000000, 0.0000000000000000000 ) ) ;
#586 = ORIENTED_EDGE ( 'NONE', *, *, #2014, .F. ) ;
#587 = ORIENTED_EDGE ( 'NONE', *, *, #4254, .F. ) ;
#588 = VECTOR ( 'NONE', #8712, 1000.000000000000000 ) ;
#589 = EDGE_CURVE ( 'NONE', #7934, #10372, #7735, .T. ) ;
#590 = LINE ( 'NONE', #2675, #4635 ) ;
#591 = FACE_OUTER_BOUND ( 'NONE', #1483, .T. ) ;
#592 = CARTESIAN_POINT ( 'NONE',  ( -3.519999999999039897, -3.750000000001014744, -7.232499999999600249 ) ) ;
#593 = ADVANCED_FACE ( 'NONE', ( #3112 ), #5036, .T. ) ;
#594 = FILL_AREA_STYLE ('',( #10335 ) ) ;
#595 = LINE ( 'NONE', #2888, #8981 ) ;
#596 = ORIENTED_EDGE ( 'NONE', *, *, #2135, .T. ) ;
#597 = EDGE_CURVE ( 'NONE', #6255, #7444, #7209, .T. ) ;
#598 = VERTEX_POINT ( 'NONE', #9240 ) ;
#599 = VECTOR ( 'NONE', #6782, 1000.000000000000114 ) ;
#600 = ORIENTED_EDGE ( 'NONE', *, *, #6876, .T. ) ;
#601 = FACE_OUTER_BOUND ( 'NONE', #408, .T. ) ;
#602 = AXIS2_PLACEMENT_3D ( 'NONE', #3502, #9183, #4306 ) ;
#603 = ORIENTED_EDGE ( 'NONE', *, *, #790, .F. ) ;
#604 = SURFACE_STYLE_FILL_AREA ( #167 ) ;
#605 = DIRECTION ( 'NONE',  ( -1.000000000000000000, 0.0000000000000000000, 6.123031769111888756E-17 ) ) ;
#606 = EDGE_CURVE ( 'NONE', #7538, #884, #984, .T. ) ;
#607 = PLANE ( 'NONE',  #1888 ) ;
#608 = DIRECTION ( 'NONE',  ( 1.000000000000000000, -3.185316169981599645E-29, 6.123031769111888756E-17 ) ) ;
#609 = COLOUR_RGB ( '',0.1411764705882352922, 0.1411764705882352922, 0.1411764705882352922 ) ;
#610 = ORIENTED_EDGE ( 'NONE', *, *, #5218, .F. ) ;
#611 = ORIENTED_EDGE ( 'NONE', *, *, #7528, .F. ) ;
#612 = DIRECTION ( 'NONE',  ( 0.0000000000000000000, -1.000000000000000000, 0.0000000000000000000 ) ) ;
#613 = ORIENTED_EDGE ( 'NONE', *, *, #6107, .T. ) ;
#614 = PLANE ( 'NONE',  #301 ) ;
#615 = DIRECTION ( 'NONE',  ( -6.123031769111888756E-17, 0.0000000000000000000, -1.000000000000000000 ) ) ;
#616 = LINE ( 'NONE', #7153, #3006 ) ;
#617 = ORIENTED_EDGE ( 'NONE', *, *, #10246, .F. ) ;
#618 = CIRCLE ( 'NONE', #8241, 0.2749999999999206968 ) ;
#619 = DIRECTION ( 'NONE',  ( 1.000000000000000000, 0.0000000000000000000, 0.0000000000000000000 ) ) ;
#620 = COLOUR_RGB ( '',0.1411764705882352922, 0.1411764705882352922, 0.1411764705882352922 ) ;
#621 = DIRECTION ( 'NONE',  ( 0.0000000000000000000, -1.000000000000000000, 0.0000000000000000000 ) ) ;
#622 = VERTEX_POINT ( 'NONE', #3527 ) ;
#623 = DIRECTION ( 'NONE',  ( -1.000000000000000000, 0.0000000000000000000, 6.123031769111888756E-17 ) ) ;
#624 = VECTOR ( 'NONE', #9672, 1000.000000000000000 ) ;
#625 = CARTESIAN_POINT ( 'NONE',  ( -0.7549999999996730438, 3.650732014648385516E-05, 4.357628357563855026 ) ) ;
#626 = DIRECTION ( 'NONE',  ( 1.224606353822375779E-16, 0.0000000000000000000, -1.000000000000000000 ) ) ;
#627 = ORIENTED_EDGE ( 'NONE', *, *, #7626, .T. ) ;
#628 = ORIENTED_EDGE ( 'NONE', *, *, #2619, .F. ) ;
#629 = DIRECTION ( 'NONE',  ( -1.063253308501543991E-17, 0.9848077530122499867, -0.1736481776666925214 ) ) ;
#630 = VECTOR ( 'NONE', #6057, 1000.000000000000000 ) ;
#631 = DIRECTION ( 'NONE',  ( -1.063253308502803550E-17, 0.9848077530122136825, -0.1736481776668984678 ) ) ;
#632 = ORIENTED_EDGE ( 'NONE', *, *, #1955, .F. ) ;
#633 = DIRECTION ( 'NONE',  ( 0.2468892371169170985, 0.9690437062361153542, -1.525485509063870532E-16 ) ) ;
#634 = VECTOR ( 'NONE', #8322, 999.9999999999998863 ) ;
#635 = CARTESIAN_POINT ( 'NONE',  ( 3.520000000000980123, -6.417755088248520146, -3.884999999852265073 ) ) ;
#636 = AXIS2_PLACEMENT_3D ( 'NONE', #6227, #2294, #8008 ) ;
#637 = EDGE_CURVE ( 'NONE', #1393, #1180, #2858, .T. ) ;
#638 = ORIENTED_EDGE ( 'NONE', *, *, #1468, .F. ) ;
#639 = CARTESIAN_POINT ( 'NONE',  ( -1.559999999998839870, -3.750000000000104805, -3.734999999852260277 ) ) ;
#640 = SURFACE_SIDE_STYLE ('',( #5108 ) ) ;
#641 = PLANE ( 'NONE',  #5791 ) ;
#642 = CARTESIAN_POINT ( 'NONE',  ( -0.2700000000000000178, -0.4000000000000569766, -2.185105896938275283 ) ) ;
#643 = AXIS2_PLACEMENT_3D ( 'NONE', #4509, #5332, #488 ) ;
#644 = ORIENTED_EDGE ( 'NONE', *, *, #4874, .F. ) ;
#645 = ADVANCED_FACE ( 'NONE', ( #4779 ), #8853, .T. ) ;
#646 = EDGE_CURVE ( 'NONE', #2901, #5916, #9109, .T. ) ;
#647 = CARTESIAN_POINT ( 'NONE',  ( -3.657599999999999962, -2.774999999999865352, 0.5399999999998500444 ) ) ;
#648 = CARTESIAN_POINT ( 'NONE',  ( 1.885000000000174980, -0.8897388526408829268, -4.186245315462254979 ) ) ;
#649 = LINE ( 'NONE', #20, #9044 ) ;
#650 = CARTESIAN_POINT ( 'NONE',  ( 3.194999999999774687, -0.1618430139594435047, 2.597605896938239844 ) ) ;
#651 = FILL_AREA_STYLE_COLOUR ( '', #2714 ) ;
#652 = DIRECTION ( 'NONE',  ( 1.000000000000000000, 0.0000000000000000000, 0.0000000000000000000 ) ) ;
#653 = ORIENTED_EDGE ( 'NONE', *, *, #6903, .F. ) ;
#654 = EDGE_CURVE ( 'NONE', #9576, #3242, #718, .T. ) ;
#655 = MECHANICAL_DESIGN_GEOMETRIC_PRESENTATION_REPRESENTATION (  '', ( #9569 ), #1197 ) ;
#656 = CYLINDRICAL_SURFACE ( 'NONE', #3269, 0.2749999999999206968 ) ;
#657 = DIRECTION ( 'NONE',  ( 1.000000000000000000, 0.0000000000000000000, 0.0000000000000000000 ) ) ;
#658 = ORIENTED_EDGE ( 'NONE', *, *, #2695, .F. ) ;
#659 = VERTEX_POINT ( 'NONE', #2657 ) ;
#660 = CARTESIAN_POINT ( 'NONE',  ( -0.9800000000009809753, -6.417755088248520146, 3.734999999852264718 ) ) ;
#661 = EDGE_CURVE ( 'NONE', #10349, #2866, #217, .T. ) ;
#662 = VERTEX_POINT ( 'NONE', #8418 ) ;
#663 = LINE ( 'NONE', #9636, #4988 ) ;
#664 = ADVANCED_FACE ( 'NONE', ( #2353 ), #3525, .F. ) ;
#665 = EDGE_CURVE ( 'NONE', #1366, #4697, #10019, .T. ) ;
#666 = CARTESIAN_POINT ( 'NONE',  ( -3.810000000000000053, -7.150999999999920753, -3.734999999852264718 ) ) ;
#667 = CARTESIAN_POINT ( 'NONE',  ( 0.6549999999997629940, 3.650731991911014584E-05, 4.357628357563815058 ) ) ;
#668 = CARTESIAN_POINT ( 'NONE',  ( 0.6549999999997839772, -0.1618430139594435047, -2.597605896938239844 ) ) ;
#669 = LINE ( 'NONE', #3728, #930 ) ;
#670 = DIRECTION ( 'NONE',  ( -1.000000000000000000, 0.0000000000000000000, 6.123031769111888756E-17 ) ) ;
#671 = AXIS2_PLACEMENT_3D ( 'NONE', #340, #732, #879 ) ;
#672 = VECTOR ( 'NONE', #1936, 1000.000000000000114 ) ;
#673 = CARTESIAN_POINT ( 'NONE',  ( -4.425000000000229861, -0.08215671584688290230, 4.489186573641370970 ) ) ;
#674 = UNCERTAINTY_MEASURE_WITH_UNIT (LENGTH_MEASURE( 1.000000000000000082E-05 ), #4894, 'distance_accuracy_value', 'NONE');
#675 = ORIENTED_EDGE ( 'NONE', *, *, #8954, .F. ) ;
#676 =( NAMED_UNIT ( * ) SI_UNIT ( $, .STERADIAN. ) SOLID_ANGLE_UNIT ( ) );
#677 =( GEOMETRIC_REPRESENTATION_CONTEXT ( 3 ) GLOBAL_UNCERTAINTY_ASSIGNED_CONTEXT ( ( #547 ) ) GLOBAL_UNIT_ASSIGNED_CONTEXT ( ( #6472, #1596, #7281 ) ) REPRESENTATION_CONTEXT ( 'NONE', 'WORKASPACE' ) );
#678 = LINE ( 'NONE', #4274, #9073 ) ;
#679 = ORIENTED_EDGE ( 'NONE', *, *, #1931, .T. ) ;
#680 = CARTESIAN_POINT ( 'NONE',  ( 0.7549999999996730438, 3.650732014648385516E-05, -4.503679456517100554 ) ) ;
#681 = COLOUR_RGB ( '',0.8117647058823529438, 0.8117647058823529438, 0.8117647058823529438 ) ;
#682 = STYLED_ITEM ( 'NONE', ( #4578 ), #2531 ) ;
#683 = DIRECTION ( 'NONE',  ( 0.0000000000000000000, 1.000000000000000000, 0.0000000000000000000 ) ) ;
#684 = EDGE_CURVE ( 'NONE', #918, #435, #6709, .T. ) ;
#685 = VERTEX_POINT ( 'NONE', #5381 ) ;
#686 = FACE_OUTER_BOUND ( 'NONE', #4962, .T. ) ;
#687 = LINE ( 'NONE', #3675, #2588 ) ;
#688 = DIRECTION ( 'NONE',  ( 1.000000000000000000, 0.0000000000000000000, 6.123031769111888756E-17 ) ) ;
#689 = ADVANCED_FACE ( 'NONE', ( #8342 ), #3992, .T. ) ;
#690 = CARTESIAN_POINT ( 'NONE',  ( -5.080000000000000071, -3.750000000000000000, 0.9200000000001861133 ) ) ;
#691 = VECTOR ( 'NONE', #8315, 1000.000000000000000 ) ;
#692 = ORIENTED_EDGE ( 'NONE', *, *, #10418, .F. ) ;
#693 = DIRECTION ( 'NONE',  ( 1.000000000000000000, 0.0000000000000000000, 0.0000000000000000000 ) ) ;
#694 = PRESENTATION_LAYER_ASSIGNMENT (  '', '', ( #10181 ) ) ;
#695 = ORIENTED_EDGE ( 'NONE', *, *, #3803, .T. ) ;
#696 = VECTOR ( 'NONE', #1271, 1000.000000000000000 ) ;
#697 = ORIENTED_EDGE ( 'NONE', *, *, #9363, .F. ) ;
#698 =( GEOMETRIC_REPRESENTATION_CONTEXT ( 3 ) GLOBAL_UNCERTAINTY_ASSIGNED_CONTEXT ( ( #4776 ) ) GLOBAL_UNIT_ASSIGNED_CONTEXT ( ( #9745, #4852, #16 ) ) REPRESENTATION_CONTEXT ( 'NONE', 'WORKASPACE' ) );
#699 = VECTOR ( 'NONE', #8787, 1000.000000000000114 ) ;
#700 = ORIENTED_EDGE ( 'NONE', *, *, #6998, .F. ) ;
#701 = SURFACE_STYLE_USAGE ( .BOTH. , #5567 ) ;
#702 = CARTESIAN_POINT ( 'NONE',  ( 1.135000000000000009, 0.6646145760520150159, -4.620862500821749208 ) ) ;
#703 = EDGE_CURVE ( 'NONE', #8645, #285, #1843, .T. ) ;
#704 = FACE_OUTER_BOUND ( 'NONE', #6525, .T. ) ;
#705 =( NAMED_UNIT ( * ) SI_UNIT ( $, .STERADIAN. ) SOLID_ANGLE_UNIT ( ) );
#706 = DIRECTION ( 'NONE',  ( -1.000000000000000000, 0.0000000000000000000, 0.0000000000000000000 ) ) ;
#707 = VERTEX_POINT ( 'NONE', #3260 ) ;
#708 = LINE ( 'NONE', #3924, #9101 ) ;
#709 = EDGE_LOOP ( 'NONE', ( #1730, #6865, #317, #3000 ) ) ;
#710 = CARTESIAN_POINT ( 'NONE',  ( -4.809999999999999609, -1.071254713756893961, 4.063030467039109972 ) ) ;
#711 = DIRECTION ( 'NONE',  ( -1.000000000000000000, 6.673570731747099829E-14, 0.0000000000000000000 ) ) ;
#712 = ORIENTED_EDGE ( 'NONE', *, *, #5411, .T. ) ;
#713 = DIRECTION ( 'NONE',  ( -0.9690437062361154652, -0.2468892371169171263, 0.0000000000000000000 ) ) ;
#714 = LINE ( 'NONE', #2082, #4777 ) ;
#715 = ORIENTED_EDGE ( 'NONE', *, *, #6633, .F. ) ;
#716 = DIRECTION ( 'NONE',  ( 0.0000000000000000000, 0.9848077530121837064, -0.1736481776670679711 ) ) ;
#717 = CARTESIAN_POINT ( 'NONE',  ( 4.325000000000325251, 0.1836702602581190280, 7.348433255235999439 ) ) ;
#718 = LINE ( 'NONE', #9167, #4520 ) ;
#719 = CARTESIAN_POINT ( 'NONE',  ( -0.6549999999997639932, 3.650731991911014584E-05, 10.25999999999999979 ) ) ;
#720 = VECTOR ( 'NONE', #5647, 1000.000000000000000 ) ;
#721 = CARTESIAN_POINT ( 'NONE',  ( 1.270000000000000018, -2.180000000000000160, -4.500000000000000000 ) ) ;
#722 = ADVANCED_FACE ( 'NONE', ( #8084 ), #3378, .F. ) ;
#723 = DIRECTION ( 'NONE',  ( 3.240339941653821206E-20, -0.9999998599709452041, 0.0005292051493183440791 ) ) ;
#724 = VERTEX_POINT ( 'NONE', #8107 ) ;
#725 = PLANE ( 'NONE',  #1831 ) ;
#726 = EDGE_CURVE ( 'NONE', #1113, #4053, #7312, .T. ) ;
#727 = ORIENTED_EDGE ( 'NONE', *, *, #40, .T. ) ;
#728 = ORIENTED_EDGE ( 'NONE', *, *, #8543, .T. ) ;
#729 = LINE ( 'NONE', #6598, #483 ) ;
#730 = EDGE_LOOP ( 'NONE', ( #851, #5479, #9737, #5333 ) ) ;
#731 = DIRECTION ( 'NONE',  ( 6.123031769111888756E-17, -3.172065784648250136E-16, 1.000000000000000000 ) ) ;
#732 = DIRECTION ( 'NONE',  ( 1.000000000000000000, 0.0000000000000000000, 1.224606353822377751E-16 ) ) ;
#733 = LINE ( 'NONE', #6225, #2876 ) ;
#734 = DIRECTION ( 'NONE',  ( -1.000000000000000000, 0.0000000000000000000, 6.123031769111888756E-17 ) ) ;
#735 = CARTESIAN_POINT ( 'NONE',  ( 4.099999999998920508, -4.908859290464120839, 10.25999999999999979 ) ) ;
#736 = EDGE_CURVE ( 'NONE', #2462, #4556, #9472, .T. ) ;
#737 = SURFACE_STYLE_FILL_AREA ( #2467 ) ;
#738 = ORIENTED_EDGE ( 'NONE', *, *, #9363, .T. ) ;
#739 = PRODUCT_DEFINITION_FORMATION_WITH_SPECIFIED_SOURCE ( 'ANY', '', #3725, .NOT_KNOWN. ) ;
#740 = ORIENTED_EDGE ( 'NONE', *, *, #4670, .T. ) ;
#741 = STYLED_ITEM ( 'NONE', ( #2749 ), #484 ) ;
#742 = LINE ( 'NONE', #2685, #1002 ) ;
#743 = ORIENTED_EDGE ( 'NONE', *, *, #5131, .F. ) ;
#744 = EDGE_LOOP ( 'NONE', ( #586, #788, #2833, #8375 ) ) ;
#745 = EDGE_CURVE ( 'NONE', #2343, #96, #831, .T. ) ;
#746 = DIRECTION ( 'NONE',  ( -6.673570731747099829E-14, 1.000000000000000000, -1.730217700714569693E-16 ) ) ;
#747 = CARTESIAN_POINT ( 'NONE',  ( 3.457499999996660467, 3.650731276821914860E-05, -4.503679456515800261 ) ) ;
#748 = CARTESIAN_POINT ( 'NONE',  ( -5.080000000000000071, -3.750000000000114575, 3.110500138708840031E-16 ) ) ;
#749 = ORIENTED_EDGE ( 'NONE', *, *, #40, .F. ) ;
#750 = VECTOR ( 'NONE', #2928, 1000.000000000000000 ) ;
#751 = ADVANCED_FACE ( 'NONE', ( #5140 ), #4412, .T. ) ;
#752 = CARTESIAN_POINT ( 'NONE',  ( -1.885000000000230047, -0.04322605824516719680, -4.500000000000000000 ) ) ;
#753 = VERTEX_POINT ( 'NONE', #7016 ) ;
#754 = ORIENTED_EDGE ( 'NONE', *, *, #9951, .T. ) ;
#755 = PLANE ( 'NONE',  #4983 ) ;
#756 = CARTESIAN_POINT ( 'NONE',  ( -0.6550000000000000266, -1.364496228814613854, 4.336037564729834592 ) ) ;
#757 = SURFACE_STYLE_USAGE ( .BOTH. , #5612 ) ;
#758 = AXIS2_PLACEMENT_3D ( 'NONE', #3651, #9310, #8836 ) ;
#759 = PRESENTATION_STYLE_ASSIGNMENT (( #3382 ) ) ;
#760 = CARTESIAN_POINT ( 'NONE',  ( -5.080000000000000071, 1.000000000000000000, 4.679999999999999716 ) ) ;
#761 = DIRECTION ( 'NONE',  ( 1.337492208489744030E-13, -1.000000000000000000, 0.0000000000000000000 ) ) ;
#762 = CARTESIAN_POINT ( 'NONE',  ( 2.270000000000000018, -7.250000000000000000, -3.734999999852264718 ) ) ;
#763 = CARTESIAN_POINT ( 'NONE',  ( 5.080000000000000071, 8.272839892444299875E-16, -4.503673019291570156 ) ) ;
#764 = ORIENTED_EDGE ( 'NONE', *, *, #9203, .T. ) ;
#765 = CARTESIAN_POINT ( 'NONE',  ( 5.080000000000000071, -2.700000000000275069, 0.5399999999998489342 ) ) ;
#766 = LINE ( 'NONE', #2819, #2664 ) ;
#767 = AXIS2_PLACEMENT_3D ( 'NONE', #4609, #5444, #585 ) ;
#768 =( NAMED_UNIT ( * ) PLANE_ANGLE_UNIT ( ) SI_UNIT ( $, .RADIAN. ) );
#769 = DIRECTION ( 'NONE',  ( 1.000000000000000000, 0.0000000000000000000, -6.123031769111888756E-17 ) ) ;
#770 = ORIENTED_EDGE ( 'NONE', *, *, #1478, .T. ) ;
#771 = DIRECTION ( 'NONE',  ( 1.059417794895478013E-32, 1.000000000000000000, -1.730217700714529757E-16 ) ) ;
#772 = ORIENTED_EDGE ( 'NONE', *, *, #10461, .F. ) ;
#773 = AXIS2_PLACEMENT_3D ( 'NONE', #10191, #2054, #7775 ) ;
#774 = EDGE_CURVE ( 'NONE', #2513, #1090, #4130, .T. ) ;
#775 = VECTOR ( 'NONE', #1684, 1000.000000000000000 ) ;
#776 = ADVANCED_FACE ( 'NONE', ( #8454 ), #2795, .T. ) ;
#777 = ORIENTED_EDGE ( 'NONE', *, *, #6517, .F. ) ;
#778 = AXIS2_PLACEMENT_3D ( 'NONE', #6312, #4730, #10441 ) ;
#779 = SURFACE_STYLE_USAGE ( .BOTH. , #5635 ) ;
#780 = DIRECTION ( 'NONE',  ( -1.063253308502803550E-17, 0.9848077530122136825, -0.1736481776668984400 ) ) ;
#781 = SURFACE_SIDE_STYLE ('',( #9058 ) ) ;
#782 = LINE ( 'NONE', #8366, #2920 ) ;
#783 = VERTEX_POINT ( 'NONE', #338 ) ;
#784 = DIRECTION ( 'NONE',  ( 1.059417794895478013E-32, 1.000000000000000000, -1.730217700714529757E-16 ) ) ;
#785 = VERTEX_POINT ( 'NONE', #4325 ) ;
#786 = CARTESIAN_POINT ( 'NONE',  ( -3.519999999999539941, -5.116929645231019563, -3.884999999852265073 ) ) ;
#787 = DIRECTION ( 'NONE',  ( -1.000000000000000000, 0.0000000000000000000, 6.123031769111888756E-17 ) ) ;
#788 = ORIENTED_EDGE ( 'NONE', *, *, #1187, .T. ) ;
#789 = CARTESIAN_POINT ( 'NONE',  ( 4.424999999999999822, -0.4000000000000569766, -2.460105896938215242 ) ) ;
#790 = EDGE_CURVE ( 'NONE', #5825, #2732, #3373, .T. ) ;
#791 = SURFACE_STYLE_USAGE ( .BOTH. , #5649 ) ;
#792 = DIRECTION ( 'NONE',  ( 1.224606353822375779E-16, 0.0000000000000000000, -1.000000000000000000 ) ) ;
#793 = DIRECTION ( 'NONE',  ( 0.0000000000000000000, 1.000000000000000000, 0.0000000000000000000 ) ) ;
#794 = CARTESIAN_POINT ( 'NONE',  ( 0.7549999999996720446, 0.3432682536601989742, 10.25999999999999979 ) ) ;
#795 = CARTESIAN_POINT ( 'NONE',  ( 4.809999999999999609, -0.9719250235416100336, -4.186245315462254979 ) ) ;
#796 = ORIENTED_EDGE ( 'NONE', *, *, #8017, .F. ) ;
#797 = VERTEX_POINT ( 'NONE', #6681 ) ;
#798 = EDGE_CURVE ( 'NONE', #6715, #5265, #1200, .T. ) ;
#799 = FACE_OUTER_BOUND ( 'NONE', #9929, .T. ) ;
#800 = DIRECTION ( 'NONE',  ( 1.000000000000000000, 0.0000000000000000000, -6.123031769111888756E-17 ) ) ;
#801 = ADVANCED_FACE ( 'NONE', ( #3082 ), #897, .T. ) ;
#802 = LINE ( 'NONE', #3609, #4591 ) ;
#803 = CARTESIAN_POINT ( 'NONE',  ( 0.2700000000000000178, -7.250000000000000000, 3.734999999852264718 ) ) ;
#804 = EDGE_CURVE ( 'NONE', #2842, #7069, #7181, .T. ) ;
#805 = LINE ( 'NONE', #1045, #9193 ) ;
#806 = VERTEX_POINT ( 'NONE', #1003 ) ;
#807 = LINE ( 'NONE', #6140, #5122 ) ;
#808 = EDGE_CURVE ( 'NONE', #7375, #4608, #2832, .T. ) ;
#809 = FILL_AREA_STYLE ('',( #4033 ) ) ;
#810 = CARTESIAN_POINT ( 'NONE',  ( -1.785000000000329878, 0.1836702602581190280, -7.348433255235999439 ) ) ;
#811 = DIRECTION ( 'NONE',  ( -1.206001831632339867E-16, -0.1736481776666925214, 0.9848077530122499867 ) ) ;
#812 = CARTESIAN_POINT ( 'NONE',  ( 4.425000000000235190, -8.272839892444299875E-16, 4.503673019291570156 ) ) ;
#813 = AXIS2_PLACEMENT_3D ( 'NONE', #7192, #5545, #4692 ) ;
#814 = UNCERTAINTY_MEASURE_WITH_UNIT (LENGTH_MEASURE( 1.000000000000000082E-05 ), #5097, 'distance_accuracy_value', 'NONE');
#815 = EDGE_LOOP ( 'NONE', ( #9479, #770, #4314, #7851 ) ) ;
#816 = VECTOR ( 'NONE', #10352, 1000.000000000000000 ) ;
#817 = LINE ( 'NONE', #8498, #7301 ) ;
#818 = CARTESIAN_POINT ( 'NONE',  ( 4.809999999999999609, -0.1618430139594435047, -2.597605896938239844 ) ) ;
#819 = ORIENTED_EDGE ( 'NONE', *, *, #10066, .F. ) ;
#820 = CARTESIAN_POINT ( 'NONE',  ( 5.080000000000000071, -4.100000000000000533, -2.829999999999019966 ) ) ;
#821 =( NAMED_UNIT ( * ) PLANE_ANGLE_UNIT ( ) SI_UNIT ( $, .RADIAN. ) );
#822 = CARTESIAN_POINT ( 'NONE',  ( -0.7699999999999999067, -0.04322605824517099932, -4.500000000000000000 ) ) ;
#823 =( GEOMETRIC_REPRESENTATION_CONTEXT ( 3 ) GLOBAL_UNCERTAINTY_ASSIGNED_CONTEXT ( ( #2236 ) ) GLOBAL_UNIT_ASSIGNED_CONTEXT ( ( #8485, #3612, #9299 ) ) REPRESENTATION_CONTEXT ( 'NONE', 'WORKASPACE' ) );
#824 = VERTEX_POINT ( 'NONE', #6646 ) ;
#825 = VECTOR ( 'NONE', #3044, 1000.000000000000000 ) ;
#826 = CARTESIAN_POINT ( 'NONE',  ( 1.366592582628967989, -7.176881904510159949, 3.734999999852264718 ) ) ;
#827 = ADVANCED_FACE ( 'NONE', ( #9082 ), #4748, .T. ) ;
#828 = LINE ( 'NONE', #2696, #571 ) ;
#829 = COLOUR_RGB ( '',0.1411764705882352922, 0.1411764705882352922, 0.1411764705882352922 ) ;
#830 = ORIENTED_EDGE ( 'NONE', *, *, #56, .T. ) ;
#831 = LINE ( 'NONE', #5245, #7064 ) ;
#832 = VERTEX_POINT ( 'NONE', #9898 ) ;
#833 = STYLED_ITEM ( 'NONE', ( #394 ), #2918 ) ;
#834 = VECTOR ( 'NONE', #10350, 1000.000000000000114 ) ;
#835 = FACE_OUTER_BOUND ( 'NONE', #3935, .T. ) ;
#836 = EDGE_CURVE ( 'NONE', #1882, #2519, #9331, .T. ) ;
#837 = CARTESIAN_POINT ( 'NONE',  ( -3.194999999999910134, -2.180000000000000160, -2.185105896938285053 ) ) ;
#838 = CARTESIAN_POINT ( 'NONE',  ( 5.080000000000000071, 1.000000000000000000, -5.080000000000000071 ) ) ;
#839 = VERTEX_POINT ( 'NONE', #2851 ) ;
#840 = CARTESIAN_POINT ( 'NONE',  ( 5.080000000000000071, -3.750000000000454747, 5.079999999999810001 ) ) ;
#841 = LINE ( 'NONE', #9013, #9232 ) ;
#842 = VERTEX_POINT ( 'NONE', #6178 ) ;
#843 = DIRECTION ( 'NONE',  ( 6.123031769111888756E-17, -1.730217700714529757E-16, 1.000000000000000000 ) ) ;
#844 = COLOUR_RGB ( '',0.1411764705882352922, 0.1411764705882352922, 0.1411764705882352922 ) ;
#845 = VERTEX_POINT ( 'NONE', #6966 ) ;
#846 = ORIENTED_EDGE ( 'NONE', *, *, #1539, .F. ) ;
#847 = VECTOR ( 'NONE', #9511, 1000.000000000000000 ) ;
#848 = AXIS2_PLACEMENT_3D ( 'NONE', #8937, #4069, #9778 ) ;
#849 = VECTOR ( 'NONE', #6650, 1000.000000000000114 ) ;
#850 = COLOUR_RGB ( '',0.1411764705882352922, 0.1411764705882352922, 0.1411764705882352922 ) ;
#851 = ORIENTED_EDGE ( 'NONE', *, *, #4947, .T. ) ;
#852 = EDGE_CURVE ( 'NONE', #7246, #4454, #9592, .T. ) ;
#853 =( NAMED_UNIT ( * ) SI_UNIT ( $, .STERADIAN. ) SOLID_ANGLE_UNIT ( ) );
#854 = ORIENTED_EDGE ( 'NONE', *, *, #2695, .T. ) ;
#855 = CARTESIAN_POINT ( 'NONE',  ( 0.6549999999997629940, 7.771561172376099727E-16, -4.357621920338314858 ) ) ;
#856 = VERTEX_POINT ( 'NONE', #6112 ) ;
#857 = LINE ( 'NONE', #4332, #8991 ) ;
#858 = VERTEX_POINT ( 'NONE', #364 ) ;
#859 = DIRECTION ( 'NONE',  ( 0.2468892371171420297, 0.9690437062360580667, 1.525485509063630176E-16 ) ) ;
#860 = LINE ( 'NONE', #4136, #9253 ) ;
#861 = ADVANCED_FACE ( 'NONE', ( #444 ), #2324, .T. ) ;
#862 = VECTOR ( 'NONE', #8396, 1000.000000000000000 ) ;
#863 = CARTESIAN_POINT ( 'NONE',  ( -1.884999999999944942, -2.180000000000000160, -2.185105896938285053 ) ) ;
#864 = VECTOR ( 'NONE', #954, 1000.000000000000000 ) ;
#865 = ORIENTED_EDGE ( 'NONE', *, *, #8715, .T. ) ;
#866 = EDGE_CURVE ( 'NONE', #8987, #7649, #4484, .T. ) ;
#867 = VERTEX_POINT ( 'NONE', #6139 ) ;
#868 = ORIENTED_EDGE ( 'NONE', *, *, #4166, .F. ) ;
#869 = CARTESIAN_POINT ( 'NONE',  ( 0.6550000000000000266, -2.180000000000000160, -3.334999999999999964 ) ) ;
#870 = CYLINDRICAL_SURFACE ( 'NONE', #6639, 0.2749999999999206968 ) ;
#871 = PLANE ( 'NONE',  #2608 ) ;
#872 = ORIENTED_EDGE ( 'NONE', *, *, #745, .T. ) ;
#873 = CARTESIAN_POINT ( 'NONE',  ( -4.325000000000325251, 3.650732037385749672E-05, 4.503679456517140522 ) ) ;
#874 = VECTOR ( 'NONE', #2517, 1000.000000000000000 ) ;
#875 = CARTESIAN_POINT ( 'NONE',  ( 3.519999999999539941, -5.116929645231019563, 3.734999999852264718 ) ) ;
#876 = VECTOR ( 'NONE', #7225, 1000.000000000000000 ) ;
#877 = EDGE_CURVE ( 'NONE', #6352, #5971, #6677, .T. ) ;
#878 = ORIENTED_EDGE ( 'NONE', *, *, #726, .F. ) ;
#879 = DIRECTION ( 'NONE',  ( 0.0000000000000000000, -1.000000000000000000, 0.0000000000000000000 ) ) ;
#880 = VECTOR ( 'NONE', #3145, 1000.000000000000000 ) ;
#881 = CARTESIAN_POINT ( 'NONE',  ( 3.194999999999895035, -0.9719250235416100336, -4.336245315462229577 ) ) ;
#882 = ORIENTED_EDGE ( 'NONE', *, *, #4865, .F. ) ;
#883 = FILL_AREA_STYLE_COLOUR ( '', #829 ) ;
#884 = VERTEX_POINT ( 'NONE', #3590 ) ;
#885 = CARTESIAN_POINT ( 'NONE',  ( -3.810000000000000053, -7.150999999999920753, -3.884999999852265073 ) ) ;
#886 = EDGE_CURVE ( 'NONE', #858, #5963, #6413, .T. ) ;
#887 = FACE_OUTER_BOUND ( 'NONE', #3106, .T. ) ;
#888 = AXIS2_PLACEMENT_3D ( 'NONE', #5103, #6725, #9055 ) ;
#889 = ORIENTED_EDGE ( 'NONE', *, *, #8487, .F. ) ;
#890 = VECTOR ( 'NONE', #9092, 1000.000000000000000 ) ;
#891 = ADVANCED_FACE ( 'NONE', ( #8821 ), #4429, .T. ) ;
#892 = DIRECTION ( 'NONE',  ( -2.126506617005025622E-17, 0.9848077530122221201, 0.1736481776668505062 ) ) ;
#893 = DIRECTION ( 'NONE',  ( 1.063253308502803550E-17, 0.9848077530122136825, 0.1736481776668984678 ) ) ;
#894 = DIRECTION ( 'NONE',  ( -1.000000000000000000, 0.0000000000000000000, 6.123031769111888756E-17 ) ) ;
#895 = FILL_AREA_STYLE ('',( #7769 ) ) ;
#896 = CARTESIAN_POINT ( 'NONE',  ( 0.6550000000000000266, -0.6800000000000000488, -2.169999999999999929 ) ) ;
#897 = PLANE ( 'NONE',  #888 ) ;
#898 =( GEOMETRIC_REPRESENTATION_CONTEXT ( 3 ) GLOBAL_UNCERTAINTY_ASSIGNED_CONTEXT ( ( #4323 ) ) GLOBAL_UNIT_ASSIGNED_CONTEXT ( ( #5280, #436, #6119 ) ) REPRESENTATION_CONTEXT ( 'NONE', 'WORKASPACE' ) );
#899 =( NAMED_UNIT ( * ) PLANE_ANGLE_UNIT ( ) SI_UNIT ( $, .RADIAN. ) );
#900 = ORIENTED_EDGE ( 'NONE', *, *, #10542, .F. ) ;
#901 = PLANE ( 'NONE',  #10442 ) ;
#902 = DIRECTION ( 'NONE',  ( 6.123031769111888756E-17, 0.0000000000000000000, 1.000000000000000000 ) ) ;
#903 = MECHANICAL_DESIGN_GEOMETRIC_PRESENTATION_REPRESENTATION (  '', ( #9820 ), #1433 ) ;
#904 = EDGE_CURVE ( 'NONE', #559, #3897, #5013, .T. ) ;
#905 = CARTESIAN_POINT ( 'NONE',  ( 4.425000000000235190, 3.650731991911014584E-05, 10.25999999999999979 ) ) ;
#906 = EDGE_LOOP ( 'NONE', ( #10176, #5057, #9134, #6717 ) ) ;
#907 =( NAMED_UNIT ( * ) SI_UNIT ( $, .STERADIAN. ) SOLID_ANGLE_UNIT ( ) );
#908 = PRESENTATION_LAYER_ASSIGNMENT (  '', '', ( #10368 ) ) ;
#909 = VECTOR ( 'NONE', #9098, 1000.000000000000000 ) ;
#910 = DIRECTION ( 'NONE',  ( 2.273736754434390162E-12, 1.000000000000000000, 2.784432476399825000E-28 ) ) ;
#911 = ADVANCED_FACE ( 'NONE', ( #6159 ), #4440, .T. ) ;
#912 = DIRECTION ( 'NONE',  ( 1.000000000000000000, 0.0000000000000000000, 6.123031769111888756E-17 ) ) ;
#913 = STYLED_ITEM ( 'NONE', ( #2997 ), #4042 ) ;
#914 = ORIENTED_EDGE ( 'NONE', *, *, #10340, .T. ) ;
#915 = EDGE_CURVE ( 'NONE', #1378, #9409, #7565, .T. ) ;
#916 = LINE ( 'NONE', #10343, #4978 ) ;
#917 = ORIENTED_EDGE ( 'NONE', *, *, #7416, .F. ) ;
#918 = VERTEX_POINT ( 'NONE', #10109 ) ;
#919 = AXIS2_PLACEMENT_3D ( 'NONE', #3744, #9429, #4546 ) ;
#920 = ORIENTED_EDGE ( 'NONE', *, *, #2198, .T. ) ;
#921 =( NAMED_UNIT ( * ) PLANE_ANGLE_UNIT ( ) SI_UNIT ( $, .RADIAN. ) );
#922 = DIRECTION ( 'NONE',  ( 3.342835721018934545E-31, 1.000000000000000000, -5.459445332101871020E-15 ) ) ;
#923 = DIRECTION ( 'NONE',  ( 1.000000000000000000, 0.0000000000000000000, -6.123031769111888756E-17 ) ) ;
#924 = EDGE_CURVE ( 'NONE', #9894, #8259, #1076, .T. ) ;
#925 = DIRECTION ( 'NONE',  ( 1.000000000000000000, 0.0000000000000000000, 0.0000000000000000000 ) ) ;
#926 =( NAMED_UNIT ( * ) SI_UNIT ( $, .STERADIAN. ) SOLID_ANGLE_UNIT ( ) );
#927 = CARTESIAN_POINT ( 'NONE',  ( 0.6549999999998460387, -1.221249999999999947, 2.185105896938279724 ) ) ;
#928 = EDGE_CURVE ( 'NONE', #9431, #1513, #9723, .T. ) ;
#929 = DIRECTION ( 'NONE',  ( -1.000000000000000000, 0.0000000000000000000, 6.123031769111888756E-17 ) ) ;
#930 = VECTOR ( 'NONE', #2896, 1000.000000000000000 ) ;
#931 = CARTESIAN_POINT ( 'NONE',  ( 3.657599999999999962, -3.399999999999379519, -0.09499999999988770205 ) ) ;
#932 = SURFACE_SIDE_STYLE ('',( #8862 ) ) ;
#933 = CARTESIAN_POINT ( 'NONE',  ( 3.294999999999674856, 0.6865000000000239799, 4.478670392594660044 ) ) ;
#934 = VECTOR ( 'NONE', #5514, 1000.000000000000000 ) ;
#935 = CARTESIAN_POINT ( 'NONE',  ( -1.885000000000174980, -0.8897388526408829268, 4.186245315462254979 ) ) ;
#936 = ADVANCED_FACE ( 'NONE', ( #3217 ), #8596, .T. ) ;
#937 = VECTOR ( 'NONE', #7814, 1000.000000000000114 ) ;
#938 = CARTESIAN_POINT ( 'NONE',  ( 0.6550000000000000266, -0.4000000000000569766, -2.460105896938209913 ) ) ;
#939 = EDGE_CURVE ( 'NONE', #867, #2901, #817, .T. ) ;
#940 = MECHANICAL_DESIGN_GEOMETRIC_PRESENTATION_REPRESENTATION (  '', ( #9873 ), #1491 ) ;
#941 = EDGE_LOOP ( 'NONE', ( #3903, #9889, #9593, #8039, #3519 ) ) ;
#942 = CARTESIAN_POINT ( 'NONE',  ( -0.6549999999997689892, -0.04322605824516725231, 4.500000000000000000 ) ) ;
#943 = VECTOR ( 'NONE', #10464, 1000.000000000000000 ) ;
#944 = ORIENTED_EDGE ( 'NONE', *, *, #665, .T. ) ;
#945 = EDGE_CURVE ( 'NONE', #659, #4768, #5129, .T. ) ;
#946 = SURFACE_STYLE_FILL_AREA ( #2764 ) ;
#947 = SURFACE_SIDE_STYLE ('',( #604 ) ) ;
#948 = VERTEX_POINT ( 'NONE', #505 ) ;
#949 = VECTOR ( 'NONE', #1649, 1000.000000000000000 ) ;
#950 = AXIS2_PLACEMENT_3D ( 'NONE', #4517, #2104, #7810 ) ;
#951 = DIRECTION ( 'NONE',  ( -1.000000000000000000, -4.547473508868780324E-12, -8.019035039880990008E-13 ) ) ;
#952 = VECTOR ( 'NONE', #3300, 1000.000000000000000 ) ;
#953 = ORIENTED_EDGE ( 'NONE', *, *, #6713, .T. ) ;
#954 = DIRECTION ( 'NONE',  ( 1.224606353822375779E-16, 0.0000000000000000000, -1.000000000000000000 ) ) ;
#955 = STYLED_ITEM ( 'NONE', ( #2063 ), #1910 ) ;
#956 = ADVANCED_FACE ( 'NONE', ( #2952 ), #563, .T. ) ;
#957 = ORIENTED_EDGE ( 'NONE', *, *, #8432, .F. ) ;
#958 = DIRECTION ( 'NONE',  ( -6.673570731747099829E-14, -1.000000000000000000, -1.730217700714489821E-16 ) ) ;
#959 = VECTOR ( 'NONE', #2034, 1000.000000000000000 ) ;
#960 = ORIENTED_EDGE ( 'NONE', *, *, #6248, .T. ) ;
#961 = DIRECTION ( 'NONE',  ( -6.123031769111888756E-17, 1.836909530733564901E-16, -1.000000000000000000 ) ) ;
#962 = LINE ( 'NONE', #2282, #699 ) ;
#963 = ORIENTED_EDGE ( 'NONE', *, *, #359, .F. ) ;
#965 = ORIENTED_EDGE ( 'NONE', *, *, #6604, .F. ) ;
#964 = CARTESIAN_POINT ( 'NONE',  ( -0.6549999999997749844, -0.08215671584620280743, 4.489186573641489986 ) ) ;
#966 = COLOUR_RGB ( '',0.1411764705882352922, 0.1411764705882352922, 0.1411764705882352922 ) ;
#967 = LINE ( 'NONE', #5248, #5027 ) ;
#968 = CARTESIAN_POINT ( 'NONE',  ( 1.885000000000000009, -0.6800000000000000488, 4.500000000000000000 ) ) ;
#969 = DIRECTION ( 'NONE',  ( 0.0000000000000000000, 0.0000000000000000000, -1.000000000000000000 ) ) ;
#970 = CARTESIAN_POINT ( 'NONE',  ( 4.809999999999999609, -1.227030387021919910, -4.186245315462254979 ) ) ;
#971 = PRESENTATION_LAYER_ASSIGNMENT (  '', '', ( #422 ) ) ;
#972 = DIRECTION ( 'NONE',  ( 1.224606353822375779E-16, 0.0000000000000000000, -1.000000000000000000 ) ) ;
#973 = EDGE_LOOP ( 'NONE', ( #343, #8651, #4235, #5413 ) ) ;
#974 = FACE_OUTER_BOUND ( 'NONE', #2192, .T. ) ;
#975 = ORIENTED_EDGE ( 'NONE', *, *, #9506, .T. ) ;
#976 = PRESENTATION_LAYER_ASSIGNMENT (  '', '', ( #424 ) ) ;
#977 = DIRECTION ( 'NONE',  ( -1.317172696514127587E-13, 0.9848077530122136825, -0.1736481776668984678 ) ) ;
#978 = FILL_AREA_STYLE_COLOUR ( '', #3248 ) ;
#979 = ORIENTED_EDGE ( 'NONE', *, *, #7261, .F. ) ;
#980 = CARTESIAN_POINT ( 'NONE',  ( -4.425000000000235190, 8.272839892444299875E-16, -4.503673019291570156 ) ) ;
#981 = EDGE_CURVE ( 'NONE', #918, #8451, #4871, .T. ) ;
#982 = VECTOR ( 'NONE', #2047, 1000.000000000000000 ) ;
#983 = ORIENTED_EDGE ( 'NONE', *, *, #928, .F. ) ;
#984 = LINE ( 'NONE', #3485, #9365 ) ;
#985 = DIRECTION ( 'NONE',  ( 1.000000000000000000, 0.0000000000000000000, -6.123031769111888756E-17 ) ) ;
#986 = CARTESIAN_POINT ( 'NONE',  ( -3.294999999999674856, 0.6865000000000239799, -4.496744093870610470 ) ) ;
#987 = LINE ( 'NONE', #5976, #5282 ) ;
#988 = ORIENTED_EDGE ( 'NONE', *, *, #8360, .F. ) ;
#989 = ORIENTED_EDGE ( 'NONE', *, *, #3787, .F. ) ;
#990 = FACE_OUTER_BOUND ( 'NONE', #991, .T. ) ;
#991 = EDGE_LOOP ( 'NONE', ( #4139, #6515, #188, #3547 ) ) ;
#992 = LINE ( 'NONE', #19, #9375 ) ;
#993 = VERTEX_POINT ( 'NONE', #10221 ) ;
#994 = FACE_OUTER_BOUND ( 'NONE', #9804, .T. ) ;
#995 = DIRECTION ( 'NONE',  ( 0.0000000000000000000, -1.836909530733564901E-16, 1.000000000000000000 ) ) ;
#996 = PRESENTATION_STYLE_ASSIGNMENT (( #4973 ) ) ;
#997 = FILL_AREA_STYLE_COLOUR ( '', #609 ) ;
#998 = LINE ( 'NONE', #810, #9383 ) ;
#999 = ORIENTED_EDGE ( 'NONE', *, *, #9860, .F. ) ;
#1000 = EDGE_CURVE ( 'NONE', #5897, #1779, #6800, .T. ) ;
#1001 = ORIENTED_EDGE ( 'NONE', *, *, #8594, .T. ) ;
#1002 = VECTOR ( 'NONE', #9356, 1000.000000000000000 ) ;
#1003 = CARTESIAN_POINT ( 'NONE',  ( -0.6549999999998349365, -1.071254713756893961, -4.063030467039109972 ) ) ;
#1004 = CARTESIAN_POINT ( 'NONE',  ( -3.294999999999674856, 0.1836702602581204991, -7.348433255235988781 ) ) ;
#1005 = VERTEX_POINT ( 'NONE', #5272 ) ;
#1006 = VERTEX_POINT ( 'NONE', #429 ) ;
#1007 = CARTESIAN_POINT ( 'NONE',  ( 4.425000000000210321, -0.4000000000000569766, -2.185105896938279724 ) ) ;
#1008 = EDGE_CURVE ( 'NONE', #7457, #5168, #310, .T. ) ;
#1009 = DIRECTION ( 'NONE',  ( 1.000000000000000000, 0.0000000000000000000, -6.123031769111888756E-17 ) ) ;
#1010 = CARTESIAN_POINT ( 'NONE',  ( 0.6549999999997629940, 3.650731991911014584E-05, 4.503679456517060586 ) ) ;
#1011 = ORIENTED_CLOSED_SHELL ( 'NONE', *, #6728, .F. );
#1012 = DIRECTION ( 'NONE',  ( -1.000000000000000000, 0.0000000000000000000, 6.123031769111888756E-17 ) ) ;
#1013 = VERTEX_POINT ( 'NONE', #7767 ) ;
#1014 = DIRECTION ( 'NONE',  ( -1.000000000000000000, 0.0000000000000000000, 0.0000000000000000000 ) ) ;
#1015 = LINE ( 'NONE', #8600, #5067 ) ;
#1016 = CARTESIAN_POINT ( 'NONE',  ( 4.424999999999999822, -2.180000000000000160, -2.169999999999999929 ) ) ;
#1017 = EDGE_LOOP ( 'NONE', ( #10361, #4658, #9416, #8961 ) ) ;
#1018 = ORIENTED_EDGE ( 'NONE', *, *, #8244, .T. ) ;
#1019 = CARTESIAN_POINT ( 'NONE',  ( 3.194999999999999840, 3.330669073875469621E-16, -1.667499999999999982 ) ) ;
#1020 = EDGE_CURVE ( 'NONE', #50, #9580, #2453, .T. ) ;
#1021 = DIRECTION ( 'NONE',  ( -0.2468892371171420297, 0.9690437062360580667, -1.827827637527644934E-16 ) ) ;
#1022 = UNCERTAINTY_MEASURE_WITH_UNIT (LENGTH_MEASURE( 1.000000000000000082E-05 ), #2476, 'distance_accuracy_value', 'NONE');
#1023 = LINE ( 'NONE', #8216, #7247 ) ;
#1024 = DIRECTION ( 'NONE',  ( 1.907145531779215073E-29, -1.000000000000000000, 3.114707882784410092E-13 ) ) ;
#1025 = ADVANCED_FACE ( 'NONE', ( #2708 ), #9644, .T. ) ;
#1026 = EDGE_LOOP ( 'NONE', ( #4773, #10346, #2405, #2031 ) ) ;
#1027 = FILL_AREA_STYLE_COLOUR ( '', #1355 ) ;
#1028 = EDGE_CURVE ( 'NONE', #8645, #7190, #2199, .T. ) ;
#1029 = SURFACE_STYLE_USAGE ( .BOTH. , #947 ) ;
#1030 = AXIS2_PLACEMENT_3D ( 'NONE', #3372, #5866, #6576 ) ;
#1031 = VECTOR ( 'NONE', #3626, 1000.000000000000000 ) ;
#1032 = ORIENTED_EDGE ( 'NONE', *, *, #6524, .F. ) ;
#1033 = ORIENTED_EDGE ( 'NONE', *, *, #199, .T. ) ;
#1034 = DIRECTION ( 'NONE',  ( 1.000000000000000000, 0.0000000000000000000, 0.0000000000000000000 ) ) ;
#1035 = CARTESIAN_POINT ( 'NONE',  ( -1.173407417371200134, -7.176881904510220345, -3.734999999852264718 ) ) ;
#1036 = CARTESIAN_POINT ( 'NONE',  ( -3.194999999999815099, -0.3902521710451150594, 4.288809933303020294 ) ) ;
#1037 = DIRECTION ( 'NONE',  ( -3.977760680568585528E-29, 1.000000000000000000, -6.496390726951169788E-13 ) ) ;
#1038 =( GEOMETRIC_REPRESENTATION_CONTEXT ( 3 ) GLOBAL_UNCERTAINTY_ASSIGNED_CONTEXT ( ( #5423 ) ) GLOBAL_UNIT_ASSIGNED_CONTEXT ( ( #8313, #3456, #9126 ) ) REPRESENTATION_CONTEXT ( 'NONE', 'WORKASPACE' ) );
#1039 = DIRECTION ( 'NONE',  ( -1.000000000000000000, 0.0000000000000000000, 0.0000000000000000000 ) ) ;
#1040 = CARTESIAN_POINT ( 'NONE',  ( 0.6550000000000000266, 3.330669073875469621E-16, -1.667499999999999982 ) ) ;
#1041 = ORIENTED_EDGE ( 'NONE', *, *, #8023, .F. ) ;
#1042 = DIRECTION ( 'NONE',  ( 0.0000000000000000000, -0.9848077530122136825, 0.1736481776668984678 ) ) ;
#1043 =( GEOMETRIC_REPRESENTATION_CONTEXT ( 3 ) GLOBAL_UNCERTAINTY_ASSIGNED_CONTEXT ( ( #10140 ) ) GLOBAL_UNIT_ASSIGNED_CONTEXT ( ( #2443, #8154, #3280 ) ) REPRESENTATION_CONTEXT ( 'NONE', 'WORKASPACE' ) );
#1044 = CARTESIAN_POINT ( 'NONE',  ( -2.810000000000000053, -1.308111948986800055, -3.923659150360660153 ) ) ;
#1045 = CARTESIAN_POINT ( 'NONE',  ( -4.424999999999999822, -3.330669073875469621E-16, 1.667499999999999982 ) ) ;
#1046 = EDGE_CURVE ( 'NONE', #8007, #1624, #4362, .T. ) ;
#1047 = CARTESIAN_POINT ( 'NONE',  ( 1.785000000000324993, 0.9086536693862470315, 4.663893177324039740 ) ) ;
#1048 = VERTEX_POINT ( 'NONE', #8299 ) ;
#1049 = CARTESIAN_POINT ( 'NONE',  ( 3.810000000000000053, -7.150999999999920753, 3.884999999852265073 ) ) ;
#1050 = ORIENTED_EDGE ( 'NONE', *, *, #4957, .F. ) ;
#1051 = DIRECTION ( 'NONE',  ( 0.0000000000000000000, -1.000000000000000000, 0.0000000000000000000 ) ) ;
#1052 = VERTEX_POINT ( 'NONE', #4724 ) ;
#1053 =( LENGTH_UNIT ( ) NAMED_UNIT ( * ) SI_UNIT ( .MILLI., .METRE. ) );
#1054 =( GEOMETRIC_REPRESENTATION_CONTEXT ( 3 ) GLOBAL_UNCERTAINTY_ASSIGNED_CONTEXT ( ( #7269 ) ) GLOBAL_UNIT_ASSIGNED_CONTEXT ( ( #1395, #7074, #2181 ) ) REPRESENTATION_CONTEXT ( 'NONE', 'WORKASPACE' ) );
#1055 = DIRECTION ( 'NONE',  ( -1.000000000000000000, 0.0000000000000000000, 6.123031769111888756E-17 ) ) ;
#1056 = CARTESIAN_POINT ( 'NONE',  ( -0.6549999999997959677, -0.4877706291219079948, -4.271614798027000504 ) ) ;
#1057 = EDGE_CURVE ( 'NONE', #9580, #7560, #4111, .T. ) ;
#1058 = ORIENTED_EDGE ( 'NONE', *, *, #5694, .T. ) ;
#1059 = LINE ( 'NONE', #8731, #9702 ) ;
#1060 = LINE ( 'NONE', #6017, #9443 ) ;
#1061 = PLANE ( 'NONE',  #5357 ) ;
#1062 = FILL_AREA_STYLE ('',( #252 ) ) ;
#1063 = SURFACE_SIDE_STYLE ('',( #6072 ) ) ;
#1064 = EDGE_CURVE ( 'NONE', #8504, #10266, #6279, .T. ) ;
#1065 = SURFACE_STYLE_FILL_AREA ( #8426 ) ;
#1066 = ADVANCED_FACE ( 'NONE', ( #6033 ), #61, .T. ) ;
#1067 = DIRECTION ( 'NONE',  ( 0.0000000000000000000, -0.1736481776666925214, -0.9848077530122499867 ) ) ;
#1068 = VERTEX_POINT ( 'NONE', #8780 ) ;
#1069 = PLANE ( 'NONE',  #4702 ) ;
#1070 = EDGE_CURVE ( 'NONE', #845, #335, #10355, .T. ) ;
#1071 = PLANE ( 'NONE',  #162 ) ;
#1072 = DIRECTION ( 'NONE',  ( 1.000000000000000000, 2.273736754434390162E-12, -4.009823671528949589E-13 ) ) ;
#1073 = VERTEX_POINT ( 'NONE', #1520 ) ;
#1074 = LINE ( 'NONE', #2196, #5126 ) ;
#1075 = DIRECTION ( 'NONE',  ( -1.000000000000000000, 0.0000000000000000000, -6.123031769111888756E-17 ) ) ;
#1076 = LINE ( 'NONE', #2002, #9459 ) ;
#1077 = EDGE_LOOP ( 'NONE', ( #4319, #9733, #1544, #1447 ) ) ;
#1078 =( NAMED_UNIT ( * ) SI_UNIT ( $, .STERADIAN. ) SOLID_ANGLE_UNIT ( ) );
#1079 = DIRECTION ( 'NONE',  ( -1.000000000000000000, 0.0000000000000000000, 0.0000000000000000000 ) ) ;
#1080 = EDGE_CURVE ( 'NONE', #4876, #7083, #8195, .T. ) ;
#1081 = CARTESIAN_POINT ( 'NONE',  ( 3.713407417371035191, -7.176881904510159949, -3.884999999852265073 ) ) ;
#1082 = DIRECTION ( 'NONE',  ( 0.0000000000000000000, 0.0000000000000000000, -1.000000000000000000 ) ) ;
#1083 = AXIS2_PLACEMENT_3D ( 'NONE', #257, #318, #9478 ) ;
#1084 = ORIENTED_EDGE ( 'NONE', *, *, #4324, .F. ) ;
#1085 = FACE_OUTER_BOUND ( 'NONE', #1376, .T. ) ;
#1086 = CIRCLE ( 'NONE', #9523, 0.1000000000000807049 ) ;
#1087 = LINE ( 'NONE', #1659, #3230 ) ;
#1088 = EDGE_LOOP ( 'NONE', ( #10426, #9359, #3052, #3379, #2255 ) ) ;
#1089 = VECTOR ( 'NONE', #10258, 1000.000000000000000 ) ;
#1090 = VERTEX_POINT ( 'NONE', #1958 ) ;
#1091 = LINE ( 'NONE', #2194, #5392 ) ;
#1092 = LINE ( 'NONE', #4636, #9475 ) ;
#1093 = AXIS2_PLACEMENT_3D ( 'NONE', #7415, #2533, #8232 ) ;
#1094 = ORIENTED_EDGE ( 'NONE', *, *, #9549, .F. ) ;
#1095 = FACE_OUTER_BOUND ( 'NONE', #9047, .T. ) ;
#1096 = ORIENTED_EDGE ( 'NONE', *, *, #6005, .T. ) ;
#1097 = DIRECTION ( 'NONE',  ( -4.547473508868780324E-12, 1.000000000000000000, -5.568864952799650000E-28 ) ) ;
#1098 = DIRECTION ( 'NONE',  ( -1.000000000000000000, 0.0000000000000000000, 6.123031769111888756E-17 ) ) ;
#1099 = VECTOR ( 'NONE', #633, 1000.000000000000114 ) ;
#1100 = VERTEX_POINT ( 'NONE', #2451 ) ;
#1101 = VERTEX_POINT ( 'NONE', #3124 ) ;
#1102 = AXIS2_PLACEMENT_3D ( 'NONE', #5012, #5806, #7078 ) ;
#1103 = LINE ( 'NONE', #2983, #847 ) ;
#1104 = LINE ( 'NONE', #3343, #5163 ) ;
#1105 =( NAMED_UNIT ( * ) SI_UNIT ( $, .STERADIAN. ) SOLID_ANGLE_UNIT ( ) );
#1106 = VECTOR ( 'NONE', #8518, 1000.000000000000000 ) ;
#1107 = ORIENTED_EDGE ( 'NONE', *, *, #6506, .T. ) ;
#1108 = ORIENTED_EDGE ( 'NONE', *, *, #4525, .T. ) ;
#1109 = ORIENTED_EDGE ( 'NONE', *, *, #1174, .T. ) ;
#1110 =( NAMED_UNIT ( * ) PLANE_ANGLE_UNIT ( ) SI_UNIT ( $, .RADIAN. ) );
#1111 = CARTESIAN_POINT ( 'NONE',  ( -0.7549999999996730438, 3.650732014648385516E-05, 4.503679456517109436 ) ) ;
#1112 = VECTOR ( 'NONE', #231, 1000.000000000000000 ) ;
#1113 = VERTEX_POINT ( 'NONE', #2421 ) ;
#1114 = CARTESIAN_POINT ( 'NONE',  ( -4.424999999999999822, -0.4000000000000569766, -2.460105896938209913 ) ) ;
#1115 = VECTOR ( 'NONE', #8161, 1000.000000000000114 ) ;
#1116 = AXIS2_PLACEMENT_3D ( 'NONE', #5645, #787, #6482 ) ;
#1117 = DIRECTION ( 'NONE',  ( 3.342835721018934545E-31, 1.000000000000000000, -5.459445332101871020E-15 ) ) ;
#1118 = VECTOR ( 'NONE', #5904, 1000.000000000000000 ) ;
#1119 = DIRECTION ( 'NONE',  ( 0.0000000000000000000, 0.0000000000000000000, 1.000000000000000000 ) ) ;
#1120 = LINE ( 'NONE', #3376, #5421 ) ;
#1121 = VERTEX_POINT ( 'NONE', #7242 ) ;
#1122 = EDGE_CURVE ( 'NONE', #2204, #435, #5776, .T. ) ;
#1123 = CARTESIAN_POINT ( 'NONE',  ( -1.885000000000000009, -2.180000000000000160, 3.334999999999999964 ) ) ;
#1124 = ORIENTED_EDGE ( 'NONE', *, *, #3862, .T. ) ;
#1125 = VERTEX_POINT ( 'NONE', #4059 ) ;
#1126 = DIRECTION ( 'NONE',  ( 1.224606353822375779E-16, 0.0000000000000000000, -1.000000000000000000 ) ) ;
#1127 = VECTOR ( 'NONE', #1430, 1000.000000000000000 ) ;
#1128 = ADVANCED_FACE ( 'NONE', ( #7939 ), #4868, .T. ) ;
#1129 = ORIENTED_EDGE ( 'NONE', *, *, #2211, .T. ) ;
#1130 = DIRECTION ( 'NONE',  ( 1.000000000000000000, -3.185316169981599645E-29, 6.123031769111888756E-17 ) ) ;
#1131 = LINE ( 'NONE', #1004, #5185 ) ;
#1132 = LINE ( 'NONE', #9679, #4934 ) ;
#1133 = PRESENTATION_LAYER_ASSIGNMENT (  '', '', ( #34 ) ) ;
#1134 = ORIENTED_EDGE ( 'NONE', *, *, #4057, .T. ) ;
#1135 = LINE ( 'NONE', #3060, #7371 ) ;
#1136 = EDGE_CURVE ( 'NONE', #6277, #8834, #6544, .T. ) ;
#1137 = VERTEX_POINT ( 'NONE', #5622 ) ;
#1138 = PLANE ( 'NONE',  #1181 ) ;
#1139 = ORIENTED_EDGE ( 'NONE', *, *, #10114, .T. ) ;
#1140 = FACE_OUTER_BOUND ( 'NONE', #9877, .T. ) ;
#1141 = EDGE_CURVE ( 'NONE', #5794, #6357, #7693, .T. ) ;
#1142 = VERTEX_POINT ( 'NONE', #5711 ) ;
#1143 =( LENGTH_UNIT ( ) NAMED_UNIT ( * ) SI_UNIT ( .MILLI., .METRE. ) );
#1144 = EDGE_CURVE ( 'NONE', #8619, #7934, #10102, .T. ) ;
#1145 = CARTESIAN_POINT ( 'NONE',  ( -3.824106735979689642, -7.250000000000000000, 3.809999999852264896 ) ) ;
#1146 = DIRECTION ( 'NONE',  ( -1.000000000000000000, 0.0000000000000000000, 6.123031769111888756E-17 ) ) ;
#1147 = UNCERTAINTY_MEASURE_WITH_UNIT (LENGTH_MEASURE( 1.000000000000000082E-05 ), #8312, 'distance_accuracy_value', 'NONE');
#1148 = CARTESIAN_POINT ( 'NONE',  ( 4.309999999999999609, 0.6865000000000239799, -4.478670392594660044 ) ) ;
#1149 = CARTESIAN_POINT ( 'NONE',  ( -1.885000000000089937, -2.180000000000000160, 2.185105896938285053 ) ) ;
#1150 = ORIENTED_EDGE ( 'NONE', *, *, #10001, .F. ) ;
#1151 = ORIENTED_EDGE ( 'NONE', *, *, #5065, .T. ) ;
#1152 = EDGE_CURVE ( 'NONE', #6357, #1871, #3365, .T. ) ;
#1153 = CARTESIAN_POINT ( 'NONE',  ( 5.080000000000000071, -1.375000000000225819, -5.080000000000000071 ) ) ;
#1154 = DIRECTION ( 'NONE',  ( -1.000000000000000000, 3.185316169981599645E-29, -6.123031769111888756E-17 ) ) ;
#1155 = PRESENTATION_STYLE_ASSIGNMENT (( #10004 ) ) ;
#1156 = FILL_AREA_STYLE ('',( #7645 ) ) ;
#1157 = ORIENTED_EDGE ( 'NONE', *, *, #9311, .F. ) ;
#1158 = AXIS2_PLACEMENT_3D ( 'NONE', #3948, #8413, #995 ) ;
#1159 = VECTOR ( 'NONE', #3257, 1000.000000000000000 ) ;
#1160 = DIRECTION ( 'NONE',  ( -3.977760680568585528E-29, 1.000000000000000000, -6.496390726951169788E-13 ) ) ;
#1161 = EDGE_LOOP ( 'NONE', ( #9011, #5409, #8943, #3240 ) ) ;
#1162 = DIRECTION ( 'NONE',  ( 1.000000000000000000, 0.0000000000000000000, -6.123031769111888756E-17 ) ) ;
#1163 = AXIS2_PLACEMENT_3D ( 'NONE', #7061, #8679, #3824 ) ;
#1164 = ADVANCED_FACE ( 'NONE', ( #3860 ), #7200, .T. ) ;
#1165 = VECTOR ( 'NONE', #7145, 1000.000000000000000 ) ;
#1166 = VERTEX_POINT ( 'NONE', #7557 ) ;
#1167 = ORIENTED_EDGE ( 'NONE', *, *, #2824, .F. ) ;
#1168 = ORIENTED_EDGE ( 'NONE', *, *, #6314, .F. ) ;
#1169 = STYLED_ITEM ( 'NONE', ( #1405 ), #3209 ) ;
#1170 = VERTEX_POINT ( 'NONE', #9837 ) ;
#1171 = DIRECTION ( 'NONE',  ( -1.000000000000000000, 0.0000000000000000000, 6.123031769111888756E-17 ) ) ;
#1172 = FACE_OUTER_BOUND ( 'NONE', #4629, .T. ) ;
#1173 = CARTESIAN_POINT ( 'NONE',  ( -2.270000000000000018, 0.6767650295757380308, 4.551953854652450282 ) ) ;
#1174 = EDGE_CURVE ( 'NONE', #3109, #2625, #9579, .T. ) ;
#1175 = FILL_AREA_STYLE ('',( #9490 ) ) ;
#1176 = CARTESIAN_POINT ( 'NONE',  ( -0.7549999999996730438, 0.6646145760520150159, -4.620862500821749208 ) ) ;
#1177 = CARTESIAN_POINT ( 'NONE',  ( 0.7699999999999999067, -2.180000000000000160, 2.185105896938285053 ) ) ;
#1178 = DIRECTION ( 'NONE',  ( 1.000000000000000000, 4.547473508868780324E-12, 1.224606353822375779E-16 ) ) ;
#1179 = CARTESIAN_POINT ( 'NONE',  ( 1.885000000000234932, 3.650731991911014584E-05, -4.503679456517060586 ) ) ;
#1180 = VERTEX_POINT ( 'NONE', #6747 ) ;
#1181 = AXIS2_PLACEMENT_3D ( 'NONE', #3558, #6818, #1935 ) ;
#1182 = LINE ( 'NONE', #7728, #5763 ) ;
#1183 = CARTESIAN_POINT ( 'NONE',  ( 5.080000000000000071, -4.100000000000365574, -3.329999999997769855 ) ) ;
#1184 = LINE ( 'NONE', #5598, #5231 ) ;
#1185 = LINE ( 'NONE', #10477, #9996 ) ;
#1186 = LINE ( 'NONE', #2780, #9573 ) ;
#1187 = EDGE_CURVE ( 'NONE', #2727, #1687, #5238, .T. ) ;
#1188 = CARTESIAN_POINT ( 'NONE',  ( 4.425000000000104627, -0.9719250235416100336, 4.336245315462229577 ) ) ;
#1189 = DIRECTION ( 'NONE',  ( -6.123031769111888756E-17, 0.0000000000000000000, -1.000000000000000000 ) ) ;
#1190 = ORIENTED_EDGE ( 'NONE', *, *, #2811, .T. ) ;
#1191 = COLOUR_RGB ( '',0.1411764705882352922, 0.1411764705882352922, 0.1411764705882352922 ) ;
#1192 = FILL_AREA_STYLE ('',( #8938 ) ) ;
#1193 = VECTOR ( 'NONE', #6527, 1000.000000000000000 ) ;
#1194 = EDGE_LOOP ( 'NONE', ( #330, #3294, #5132, #10033 ) ) ;
#1195 = CARTESIAN_POINT ( 'NONE',  ( 3.194999999999999840, -1.699963492679900101, -10.25999999999999979 ) ) ;
#1196 = EDGE_CURVE ( 'NONE', #1833, #6923, #9324, .T. ) ;
#1197 =( GEOMETRIC_REPRESENTATION_CONTEXT ( 3 ) GLOBAL_UNCERTAINTY_ASSIGNED_CONTEXT ( ( #9019 ) ) GLOBAL_UNIT_ASSIGNED_CONTEXT ( ( #9096, #4220, #9939 ) ) REPRESENTATION_CONTEXT ( 'NONE', 'WORKASPACE' ) );
#1198 = ORIENTED_EDGE ( 'NONE', *, *, #4853, .T. ) ;
#1199 = VECTOR ( 'NONE', #8891, 1000.000000000000000 ) ;
#1200 = LINE ( 'NONE', #8354, #952 ) ;
#1201 = VERTEX_POINT ( 'NONE', #7641 ) ;
#1202 = EDGE_CURVE ( 'NONE', #3861, #1761, #678, .T. ) ;
#1203 = VECTOR ( 'NONE', #4006, 1000.000000000000000 ) ;
#1204 = CARTESIAN_POINT ( 'NONE',  ( -0.6549999999997669908, -0.04322605824517084666, -4.500000000000000000 ) ) ;
#1205 = PRESENTATION_STYLE_ASSIGNMENT (( #779 ) ) ;
#1206 =( NAMED_UNIT ( * ) PLANE_ANGLE_UNIT ( ) SI_UNIT ( $, .RADIAN. ) );
#1207 = DIRECTION ( 'NONE',  ( 1.224606353822375779E-16, 0.0000000000000000000, -1.000000000000000000 ) ) ;
#1208 = DIRECTION ( 'NONE',  ( -6.123031769111888756E-17, 0.0000000000000000000, -1.000000000000000000 ) ) ;
#1209 = CARTESIAN_POINT ( 'NONE',  ( 3.194999999999829754, -0.4877706291219079948, -4.271614798027000504 ) ) ;
#1210 = PLANE ( 'NONE',  #6832 ) ;
#1211 = ORIENTED_EDGE ( 'NONE', *, *, #141, .T. ) ;
#1212 = VECTOR ( 'NONE', #2005, 1000.000000000000000 ) ;
#1213 = VERTEX_POINT ( 'NONE', #4091 ) ;
#1214 = CARTESIAN_POINT ( 'NONE',  ( -3.810000000000000053, -2.180000000000000160, -2.169999999999999929 ) ) ;
#1215 = EDGE_CURVE ( 'NONE', #8604, #7958, #7434, .T. ) ;
#1216 = LINE ( 'NONE', #4669, #5518 ) ;
#1217 = ORIENTED_EDGE ( 'NONE', *, *, #4874, .T. ) ;
#1218 =( NAMED_UNIT ( * ) SI_UNIT ( $, .STERADIAN. ) SOLID_ANGLE_UNIT ( ) );
#1219 = VERTEX_POINT ( 'NONE', #4959 ) ;
#1220 = LINE ( 'NONE', #8016, #5522 ) ;
#1221 = VECTOR ( 'NONE', #7700, 1000.000000000000000 ) ;
#1222 = LINE ( 'NONE', #4366, #9612 ) ;
#1223 = ADVANCED_FACE ( 'NONE', ( #5001 ), #8809, .T. ) ;
#1224 = DIRECTION ( 'NONE',  ( -3.240339941653820604E-20, 0.9999998599709450930, -0.0005292051493183439707 ) ) ;
#1225 = VERTEX_POINT ( 'NONE', #8925 ) ;
#1226 = VECTOR ( 'NONE', #7950, 1000.000000000000000 ) ;
#1227 = ORIENTED_EDGE ( 'NONE', *, *, #1546, .F. ) ;
#1228 = DIRECTION ( 'NONE',  ( 0.9690437062360581777, -0.2468892371171420574, 0.0000000000000000000 ) ) ;
#1229 = ORIENTED_EDGE ( 'NONE', *, *, #6384, .T. ) ;
#1230 = VECTOR ( 'NONE', #6132, 1000.000000000000000 ) ;
#1231 = VERTEX_POINT ( 'NONE', #8408 ) ;
#1232 = LINE ( 'NONE', #506, #8848 ) ;
#1233 = PLANE ( 'NONE',  #9318 ) ;
#1234 = ORIENTED_EDGE ( 'NONE', *, *, #8673, .T. ) ;
#1235 = SURFACE_STYLE_FILL_AREA ( #6523 ) ;
#1236 = FACE_OUTER_BOUND ( 'NONE', #8522, .T. ) ;
#1237 = CARTESIAN_POINT ( 'NONE',  ( 2.270000000000000018, -0.9719250235416100336, -4.186245315462254979 ) ) ;
#1238 = CARTESIAN_POINT ( 'NONE',  ( 0.2700000000000000178, -0.1618430139594435047, 2.597605896938239844 ) ) ;
#1239 = VERTEX_POINT ( 'NONE', #9763 ) ;
#1240 = AXIS2_PLACEMENT_3D ( 'NONE', #5572, #4970, #5051 ) ;
#1241 = ORIENTED_EDGE ( 'NONE', *, *, #2428, .F. ) ;
#1242 = LINE ( 'NONE', #4101, #3119 ) ;
#1243 = ORIENTED_EDGE ( 'NONE', *, *, #9064, .T. ) ;
#1244 = EDGE_CURVE ( 'NONE', #4141, #10202, #6915, .T. ) ;
#1245 = VECTOR ( 'NONE', #793, 1000.000000000000000 ) ;
#1246 = ORIENTED_EDGE ( 'NONE', *, *, #1827, .T. ) ;
#1247 = VECTOR ( 'NONE', #7687, 1000.000000000000000 ) ;
#1248 = FACE_OUTER_BOUND ( 'NONE', #6168, .T. ) ;
#1249 = SURFACE_SIDE_STYLE ('',( #3973 ) ) ;
#1250 = DIRECTION ( 'NONE',  ( 3.342835721018934545E-31, 1.000000000000000000, 5.459445332101871020E-15 ) ) ;
#1251 = LINE ( 'NONE', #5723, #9127 ) ;
#1252 = ORIENTED_EDGE ( 'NONE', *, *, #8546, .T. ) ;
#1253 = DIRECTION ( 'NONE',  ( 6.123031769111888756E-17, -1.836909530733564901E-16, 1.000000000000000000 ) ) ;
#1254 = CARTESIAN_POINT ( 'NONE',  ( 1.560000000000000053, -6.417755088244880390, -10.25999999999999979 ) ) ;
#1255 = MECHANICAL_DESIGN_GEOMETRIC_PRESENTATION_REPRESENTATION (  '', ( #10181 ), #1796 ) ;
#1256 = ORIENTED_EDGE ( 'NONE', *, *, #2941, .T. ) ;
#1257 = CARTESIAN_POINT ( 'NONE',  ( 5.080000000000000071, -8.272839892444299875E-16, 4.503673019291570156 ) ) ;
#1258 = FACE_OUTER_BOUND ( 'NONE', #5592, .T. ) ;
#1259 = DIRECTION ( 'NONE',  ( 0.0000000000000000000, 0.0000000000000000000, 1.000000000000000000 ) ) ;
#1260 = EDGE_LOOP ( 'NONE', ( #628, #2114, #2003, #9233 ) ) ;
#1261 = VERTEX_POINT ( 'NONE', #2535 ) ;
#1262 = EDGE_CURVE ( 'NONE', #4825, #124, #6666, .T. ) ;
#1263 = PRESENTATION_STYLE_ASSIGNMENT (( #7842 ) ) ;
#1264 = PLANE ( 'NONE',  #773 ) ;
#1265 = VERTEX_POINT ( 'NONE', #297 ) ;
#1266 = CARTESIAN_POINT ( 'NONE',  ( -4.424999999999999822, -2.180000000000000160, -3.334999999999999964 ) ) ;
#1267 = FACE_OUTER_BOUND ( 'NONE', #7630, .T. ) ;
#1268 = DIRECTION ( 'NONE',  ( 0.9690437062360581777, -0.2468892371171420574, 0.0000000000000000000 ) ) ;
#1269 = ORIENTED_EDGE ( 'NONE', *, *, #7442, .T. ) ;
#1270 = VERTEX_POINT ( 'NONE', #837 ) ;
#1271 = DIRECTION ( 'NONE',  ( 1.000000000000000000, 0.0000000000000000000, 6.123031769111888756E-17 ) ) ;
#1272 = FACE_OUTER_BOUND ( 'NONE', #8998, .T. ) ;
#1273 = PLANE ( 'NONE',  #10425 ) ;
#1274 = VERTEX_POINT ( 'NONE', #838 ) ;
#1275 = PLANE ( 'NONE',  #7740 ) ;
#1276 = CARTESIAN_POINT ( 'NONE',  ( 1.885000000000230047, -0.04322605824516725231, 4.500000000000000000 ) ) ;
#1277 = EDGE_CURVE ( 'NONE', #6357, #6195, #176, .T. ) ;
#1278 = VECTOR ( 'NONE', #4403, 1000.000000000000000 ) ;
#1279 = ADVANCED_FACE ( 'NONE', ( #434 ), #9691, .T. ) ;
#1280 = ORIENTED_EDGE ( 'NONE', *, *, #10530, .F. ) ;
#1281 = ORIENTED_EDGE ( 'NONE', *, *, #9613, .T. ) ;
#1282 = EDGE_LOOP ( 'NONE', ( #1556, #5251, #7724, #3660 ) ) ;
#1283 = EDGE_CURVE ( 'NONE', #8629, #6822, #2578, .T. ) ;
#1284 = DIRECTION ( 'NONE',  ( 1.000000000000000000, 0.0000000000000000000, 0.0000000000000000000 ) ) ;
#1285 = DIRECTION ( 'NONE',  ( 3.681132786215100208E-13, 1.000000000000000000, 1.730217700714304685E-16 ) ) ;
#1286 = DIRECTION ( 'NONE',  ( -1.000000000000000000, 0.0000000000000000000, -1.224606353822377751E-16 ) ) ;
#1287 = CARTESIAN_POINT ( 'NONE',  ( 2.270000000000000018, -0.4000000000000569766, -2.460105896938209913 ) ) ;
#1288 = PRESENTATION_LAYER_ASSIGNMENT (  '', '', ( #741 ) ) ;
#1289 = EDGE_CURVE ( 'NONE', #1871, #1857, #2314, .T. ) ;
#1290 = ORIENTED_EDGE ( 'NONE', *, *, #8075, .T. ) ;
#1291 = ADVANCED_FACE ( 'NONE', ( #2820 ), #8130, .T. ) ;
#1292 = DIRECTION ( 'NONE',  ( 6.123031769111888756E-17, 0.0000000000000000000, 1.000000000000000000 ) ) ;
#1293 = CARTESIAN_POINT ( 'NONE',  ( -1.885000000000075060, -1.221249999999999947, -2.185105896938279724 ) ) ;
#1294 = CARTESIAN_POINT ( 'NONE',  ( -4.425000000000235190, 3.650731991911014584E-05, 4.357628357563815058 ) ) ;
#1295 = CARTESIAN_POINT ( 'NONE',  ( 0.7699999999999999067, -0.04322605824517099932, 4.500000000000000000 ) ) ;
#1296 = VECTOR ( 'NONE', #2469, 1000.000000000000000 ) ;
#1297 = PLANE ( 'NONE',  #2268 ) ;
#1298 = STYLED_ITEM ( 'NONE', ( #6320 ), #5820 ) ;
#1299 = ORIENTED_EDGE ( 'NONE', *, *, #254, .F. ) ;
#1300 = ORIENTED_EDGE ( 'NONE', *, *, #2418, .T. ) ;
#1301 = PRESENTATION_LAYER_ASSIGNMENT (  '', '', ( #213 ) ) ;
#1302 = SURFACE_STYLE_FILL_AREA ( #7831 ) ;
#1303 = DIRECTION ( 'NONE',  ( 1.224606353822375779E-16, 0.0000000000000000000, -1.000000000000000000 ) ) ;
#1304 = DIRECTION ( 'NONE',  ( 1.063253308502803550E-17, 0.9848077530122136825, 0.1736481776668984678 ) ) ;
#1305 = SURFACE_SIDE_STYLE ('',( #4908 ) ) ;
#1306 = LINE ( 'NONE', #10284, #3479 ) ;
#1307 = STYLED_ITEM ( 'NONE', ( #9221 ), #7276 ) ;
#1308 = FACE_OUTER_BOUND ( 'NONE', #6500, .T. ) ;
#1309 = PRESENTATION_LAYER_ASSIGNMENT (  '', '', ( #234 ) ) ;
#1310 = DIRECTION ( 'NONE',  ( 1.337492208489744030E-13, -1.000000000000000000, 0.0000000000000000000 ) ) ;
#1311 = EDGE_CURVE ( 'NONE', #9245, #832, #4234, .T. ) ;
#1312 = DIRECTION ( 'NONE',  ( -1.000000000000000000, 0.0000000000000000000, 6.123031769111888756E-17 ) ) ;
#1313 = CARTESIAN_POINT ( 'NONE',  ( 3.520000000001160423, -3.750000000000104805, -3.734999999852260277 ) ) ;
#1314 = LINE ( 'NONE', #7583, #2942 ) ;
#1315 = DIRECTION ( 'NONE',  ( 0.0000000000000000000, -1.000000000000000000, 0.0000000000000000000 ) ) ;
#1316 = CARTESIAN_POINT ( 'NONE',  ( -2.810000000000000053, -0.6165488638581649861, -3.330318181988674464 ) ) ;
#1317 = FACE_OUTER_BOUND ( 'NONE', #3841, .T. ) ;
#1318 = ORIENTED_EDGE ( 'NONE', *, *, #665, .F. ) ;
#1319 = DIRECTION ( 'NONE',  ( 4.547473508868780324E-12, 1.000000000000000000, 0.0000000000000000000 ) ) ;
#1320 = PLANE ( 'NONE',  #4022 ) ;
#1321 = STYLED_ITEM ( 'NONE', ( #200 ), #9057 ) ;
#1322 = ORIENTED_EDGE ( 'NONE', *, *, #4542, .F. ) ;
#1323 = DIRECTION ( 'NONE',  ( 1.000000000000000000, 2.273736754434390162E-12, -4.009823671532990071E-13 ) ) ;
#1324 = VECTOR ( 'NONE', #9456, 1000.000000000000000 ) ;
#1325 = DIRECTION ( 'NONE',  ( 6.123031769111888756E-17, -1.730217700714529757E-16, 1.000000000000000000 ) ) ;
#1326 = AXIS2_PLACEMENT_3D ( 'NONE', #9250, #324, #6012 ) ;
#1327 = VECTOR ( 'NONE', #9497, 1000.000000000000000 ) ;
#1328 = VECTOR ( 'NONE', #4313, 1000.000000000000000 ) ;
#1329 = ORIENTED_EDGE ( 'NONE', *, *, #3597, .F. ) ;
#1330 = FILL_AREA_STYLE_COLOUR ( '', #6418 ) ;
#1331 = VECTOR ( 'NONE', #153, 1000.000000000000000 ) ;
#1332 = UNCERTAINTY_MEASURE_WITH_UNIT (LENGTH_MEASURE( 1.000000000000000082E-05 ), #4232, 'distance_accuracy_value', 'NONE');
#1333 = PLANE ( 'NONE',  #2032 ) ;
#1334 = EDGE_CURVE ( 'NONE', #9675, #1809, #6148, .T. ) ;
#1335 = ORIENTED_EDGE ( 'NONE', *, *, #1144, .T. ) ;
#1336 = DIRECTION ( 'NONE',  ( 0.0000000000000000000, -1.000000000000000000, 0.0000000000000000000 ) ) ;
#1337 = VECTOR ( 'NONE', #7912, 1000.000000000000000 ) ;
#1338 = VECTOR ( 'NONE', #1559, 1000.000000000000000 ) ;
#1339 = DIRECTION ( 'NONE',  ( 0.0000000000000000000, 1.000000000000000000, 0.0000000000000000000 ) ) ;
#1340 = ADVANCED_FACE ( 'NONE', ( #8318 ), #4968, .T. ) ;
#1341 = LINE ( 'NONE', #9722, #7577 ) ;
#1342 = ORIENTED_EDGE ( 'NONE', *, *, #3461, .T. ) ;
#1343 = VERTEX_POINT ( 'NONE', #8349 ) ;
#1344 = EDGE_CURVE ( 'NONE', #3252, #7246, #3969, .T. ) ;
#1345 = LINE ( 'NONE', #10218, #3235 ) ;
#1346 = VERTEX_POINT ( 'NONE', #3424 ) ;
#1347 = LINE ( 'NONE', #7353, #5396 ) ;
#1348 = EDGE_LOOP ( 'NONE', ( #9415, #8395, #3762, #10455 ) ) ;
#1349 = EDGE_CURVE ( 'NONE', #8890, #5880, #8061, .T. ) ;
#1350 = VECTOR ( 'NONE', #10332, 1000.000000000000000 ) ;
#1351 = VERTEX_POINT ( 'NONE', #1035 ) ;
#1352 = DIRECTION ( 'NONE',  ( -1.063253308502803550E-17, -0.9848077530122136825, -0.1736481776668984678 ) ) ;
#1353 = ORIENTED_EDGE ( 'NONE', *, *, #1612, .F. ) ;
#1354 = LINE ( 'NONE', #6991, #9489 ) ;
#1355 = COLOUR_RGB ( '',0.1411764705882352922, 0.1411764705882352922, 0.1411764705882352922 ) ;
#1356 = CARTESIAN_POINT ( 'NONE',  ( 3.520000000000980123, -6.417755088248520146, -10.25999999999999979 ) ) ;
#1357 = CARTESIAN_POINT ( 'NONE',  ( -4.809999999999999609, -0.4000000000000569766, 2.185105896938279724 ) ) ;
#1358 = DIRECTION ( 'NONE',  ( -1.000000000000000000, 0.0000000000000000000, 6.123031769111888756E-17 ) ) ;
#1359 = SURFACE_STYLE_FILL_AREA ( #1793 ) ;
#1360 = LINE ( 'NONE', #9060, #890 ) ;
#1361 = EDGE_CURVE ( 'NONE', #7240, #7518, #10232, .T. ) ;
#1362 = VECTOR ( 'NONE', #10087, 1000.000000000000000 ) ;
#1363 = EDGE_LOOP ( 'NONE', ( #7874, #4303, #9740, #6275 ) ) ;
#1364 = PLANE ( 'NONE',  #5853 ) ;
#1365 = DIRECTION ( 'NONE',  ( 0.0000000000000000000, 0.1736481776666925214, 0.9848077530122499867 ) ) ;
#1366 = VERTEX_POINT ( 'NONE', #4149 ) ;
#1367 = SURFACE_STYLE_FILL_AREA ( #1062 ) ;
#1368 = ORIENTED_EDGE ( 'NONE', *, *, #2086, .T. ) ;
#1369 = DIRECTION ( 'NONE',  ( 0.0000000000000000000, 1.000000000000000000, 0.0000000000000000000 ) ) ;
#1370 = AXIS2_PLACEMENT_3D ( 'NONE', #3401, #10144, #1855 ) ;
#1371 = VECTOR ( 'NONE', #1012, 1000.000000000000000 ) ;
#1372 = ORIENTED_EDGE ( 'NONE', *, *, #915, .F. ) ;
#1373 = DIRECTION ( 'NONE',  ( 0.0000000000000000000, -0.9848077530121837064, 0.1736481776670679711 ) ) ;
#1374 = VECTOR ( 'NONE', #2174, 1000.000000000000000 ) ;
#1375 = DIRECTION ( 'NONE',  ( 1.224606353822375779E-16, 0.0000000000000000000, -1.000000000000000000 ) ) ;
#1376 = EDGE_LOOP ( 'NONE', ( #5746, #7566, #8999, #7866 ) ) ;
#1377 = PLANE ( 'NONE',  #3100 ) ;
#1378 = VERTEX_POINT ( 'NONE', #7537 ) ;
#1379 = EDGE_LOOP ( 'NONE', ( #9775, #9787, #5436, #4866 ) ) ;
#1380 = EDGE_LOOP ( 'NONE', ( #8283, #4146, #4067, #8062, #4912, #7029, #4375, #2361, #5304, #7513 ) ) ;
#1381 =( NAMED_UNIT ( * ) SI_UNIT ( $, .STERADIAN. ) SOLID_ANGLE_UNIT ( ) );
#1382 = FILL_AREA_STYLE_COLOUR ( '', #5634 ) ;
#1383 = FACE_OUTER_BOUND ( 'NONE', #1839, .T. ) ;
#1384 = CARTESIAN_POINT ( 'NONE',  ( -3.294999999999674856, 0.3432682536601989742, -10.25999999999999979 ) ) ;
#1385 = DIRECTION ( 'NONE',  ( -1.000000000000000000, 0.0000000000000000000, 6.123031769111888756E-17 ) ) ;
#1386 = AXIS2_PLACEMENT_3D ( 'NONE', #6769, #1891, #7588 ) ;
#1387 = FACE_OUTER_BOUND ( 'NONE', #6087, .T. ) ;
#1388 = CARTESIAN_POINT ( 'NONE',  ( -3.194999999999849738, -0.6264186456785509893, 3.346222332753779671 ) ) ;
#1389 = EDGE_CURVE ( 'NONE', #4393, #3861, #9978, .T. ) ;
#1390 = ORIENTED_EDGE ( 'NONE', *, *, #3831, .F. ) ;
#1391 = LINE ( 'NONE', #642, #3287 ) ;
#1392 = ORIENTED_EDGE ( 'NONE', *, *, #10283, .F. ) ;
#1393 = VERTEX_POINT ( 'NONE', #9888 ) ;
#1394 = DIRECTION ( 'NONE',  ( 2.126506617005608948E-17, -0.9848077530122136825, -0.1736481776668984678 ) ) ;
#1395 =( LENGTH_UNIT ( ) NAMED_UNIT ( * ) SI_UNIT ( .MILLI., .METRE. ) );
#1396 = VECTOR ( 'NONE', #5961, 1000.000000000000000 ) ;
#1397 = DIRECTION ( 'NONE',  ( 0.0000000000000000000, 0.0000000000000000000, 1.000000000000000000 ) ) ;
#1398 = PRESENTATION_LAYER_ASSIGNMENT (  '', '', ( #296 ) ) ;
#1399 = ORIENTED_EDGE ( 'NONE', *, *, #8477, .F. ) ;
#1400 = AXIS2_PLACEMENT_3D ( 'NONE', #2365, #8065, #3177 ) ;
#1401 = ADVANCED_FACE ( 'NONE', ( #1317 ), #1832, .T. ) ;
#1402 = APPLICATION_PROTOCOL_DEFINITION ( 'draft international standard', 'automotive_design', 1998, #2189 ) ;
#1403 = EDGE_CURVE ( 'NONE', #8619, #1100, #552, .T. ) ;
#1404 = DIRECTION ( 'NONE',  ( 0.0000000000000000000, 0.0000000000000000000, -1.000000000000000000 ) ) ;
#1405 = PRESENTATION_STYLE_ASSIGNMENT (( #7258 ) ) ;
#1406 = DIRECTION ( 'NONE',  ( -1.063253308502803550E-17, 0.9848077530122136825, -0.1736481776668984400 ) ) ;
#1407 = ORIENTED_EDGE ( 'NONE', *, *, #7072, .T. ) ;
#1408 = ORIENTED_EDGE ( 'NONE', *, *, #1555, .T. ) ;
#1409 = CARTESIAN_POINT ( 'NONE',  ( 4.425000000000104627, -0.9719250235416100336, 4.186245315462254979 ) ) ;
#1410 = DIRECTION ( 'NONE',  ( -1.907145531779215073E-29, 1.000000000000000000, -3.114707882784410092E-13 ) ) ;
#1411 = EDGE_CURVE ( 'NONE', #3915, #7852, #7039, .T. ) ;
#1412 = FACE_OUTER_BOUND ( 'NONE', #9020, .T. ) ;
#1413 = AXIS2_PLACEMENT_3D ( 'NONE', #6401, #7229, #2329 ) ;
#1414 = CARTESIAN_POINT ( 'NONE',  ( 1.560000000000959952, -3.750000000001014744, -7.232499999999600249 ) ) ;
#1415 = ORIENTED_EDGE ( 'NONE', *, *, #2947, .F. ) ;
#1416 = DIRECTION ( 'NONE',  ( -9.556289355536120687E-26, -2.596018638148705187E-13, -1.000000000000000000 ) ) ;
#1417 = SURFACE_STYLE_USAGE ( .BOTH. , #6274 ) ;
#1418 = DIRECTION ( 'NONE',  ( 0.0000000000000000000, 0.0000000000000000000, 1.000000000000000000 ) ) ;
#1419 = EDGE_CURVE ( 'NONE', #9378, #5897, #8933, .T. ) ;
#1420 = VECTOR ( 'NONE', #7587, 1000.000000000000000 ) ;
#1421 = ORIENTED_EDGE ( 'NONE', *, *, #1215, .T. ) ;
#1422 = EDGE_CURVE ( 'NONE', #6575, #5152, #4599, .T. ) ;
#1423 = CARTESIAN_POINT ( 'NONE',  ( 2.270000000000000018, 0.6767650295757380308, -4.551953854652450282 ) ) ;
#1424 = CARTESIAN_POINT ( 'NONE',  ( -1.885000000000234932, 3.650731991911014584E-05, -4.503679456517060586 ) ) ;
#1425 = PLANE ( 'NONE',  #4690 ) ;
#1426 = PLANE ( 'NONE',  #9777 ) ;
#1427 = ORIENTED_EDGE ( 'NONE', *, *, #5086, .T. ) ;
#1428 = APPLICATION_CONTEXT ( 'automotive_design' ) ;
#1429 = EDGE_LOOP ( 'NONE', ( #10506, #8282, #8186, #2617 ) ) ;
#1430 = DIRECTION ( 'NONE',  ( 0.0000000000000000000, 0.0000000000000000000, 1.000000000000000000 ) ) ;
#1431 = PRESENTATION_STYLE_ASSIGNMENT (( #3080 ) ) ;
#1432 = CARTESIAN_POINT ( 'NONE',  ( 1.770000000000000018, 0.6865000000000239799, -4.496744093870610470 ) ) ;
#1433 =( GEOMETRIC_REPRESENTATION_CONTEXT ( 3 ) GLOBAL_UNCERTAINTY_ASSIGNED_CONTEXT ( ( #5358 ) ) GLOBAL_UNIT_ASSIGNED_CONTEXT ( ( #9039, #9339, #9252 ) ) REPRESENTATION_CONTEXT ( 'NONE', 'WORKASPACE' ) );
#1434 = DIRECTION ( 'NONE',  ( 6.673570731747099829E-14, -1.000000000000000000, 1.730217700714569693E-16 ) ) ;
#1435 = FACE_OUTER_BOUND ( 'NONE', #1026, .T. ) ;
#1436 = EDGE_CURVE ( 'NONE', #1513, #3693, #299, .T. ) ;
#1437 = FILL_AREA_STYLE ('',( #9545 ) ) ;
#1438 = CARTESIAN_POINT ( 'NONE',  ( -2.270000000000000018, -0.4000000000000569766, 2.460105896938209913 ) ) ;
#1439 = CIRCLE ( 'NONE', #2419, 0.1000000000000809269 ) ;
#1440 = ADVANCED_FACE ( 'NONE', ( #49 ), #3189, .T. ) ;
#1441 = VECTOR ( 'NONE', #3199, 1000.000000000000000 ) ;
#1442 = CARTESIAN_POINT ( 'NONE',  ( -3.194999999999764917, 3.650731991911014584E-05, -4.357628357563815058 ) ) ;
#1443 = MECHANICAL_DESIGN_GEOMETRIC_PRESENTATION_REPRESENTATION (  '', ( #10368 ), #1989 ) ;
#1444 = ORIENTED_EDGE ( 'NONE', *, *, #4542, .T. ) ;
#1445 = FACE_BOUND ( 'NONE', #6721, .T. ) ;
#1446 = VECTOR ( 'NONE', #5119, 1000.000000000000000 ) ;
#1447 = ORIENTED_EDGE ( 'NONE', *, *, #9561, .F. ) ;
#1448 = AXIS2_PLACEMENT_3D ( 'NONE', #8356, #9995, #5105 ) ;
#1449 = CARTESIAN_POINT ( 'NONE',  ( 0.3525000000015984791, 3.650733078189305481E-05, -4.503679456518979940 ) ) ;
#1450 =( LENGTH_UNIT ( ) NAMED_UNIT ( * ) SI_UNIT ( .MILLI., .METRE. ) );
#1451 = EDGE_CURVE ( 'NONE', #1624, #4759, #6532, .T. ) ;
#1452 = CARTESIAN_POINT ( 'NONE',  ( -3.194999999999895035, -0.9719250235416100336, 4.186245315462254979 ) ) ;
#1453 = DIRECTION ( 'NONE',  ( 1.000000000000000000, -6.687461042448720151E-14, 0.0000000000000000000 ) ) ;
#1454 = UNCERTAINTY_MEASURE_WITH_UNIT (LENGTH_MEASURE( 1.000000000000000082E-05 ), #6388, 'distance_accuracy_value', 'NONE');
#1455 = ORIENTED_EDGE ( 'NONE', *, *, #3715, .F. ) ;
#1456 = FACE_OUTER_BOUND ( 'NONE', #3644, .T. ) ;
#1457 = ORIENTED_EDGE ( 'NONE', *, *, #5389, .T. ) ;
#1458 = SURFACE_STYLE_FILL_AREA ( #4436 ) ;
#1459 = ORIENTED_EDGE ( 'NONE', *, *, #7072, .F. ) ;
#1460 = CARTESIAN_POINT ( 'NONE',  ( 2.404999999999999805, -3.750000000000144773, -3.884999999852265073 ) ) ;
#1461 = SURFACE_STYLE_FILL_AREA ( #10533 ) ;
#1462 = AXIS2_PLACEMENT_3D ( 'NONE', #2058, #2874, #8564 ) ;
#1463 = LINE ( 'NONE', #3176, #1725 ) ;
#1464 = UNCERTAINTY_MEASURE_WITH_UNIT (LENGTH_MEASURE( 1.000000000000000082E-05 ), #7177, 'distance_accuracy_value', 'NONE');
#1465 = PLANE ( 'NONE',  #315 ) ;
#1466 = DIRECTION ( 'NONE',  ( -1.317172696514127587E-13, 0.9848077530122136825, -0.1736481776668984678 ) ) ;
#1467 = DIRECTION ( 'NONE',  ( 0.2468892371169170985, 0.9690437062361153542, -1.525485509063870532E-16 ) ) ;
#1468 = EDGE_CURVE ( 'NONE', #1687, #6611, #8437, .T. ) ;
#1469 = VERTEX_POINT ( 'NONE', #5098 ) ;
#1470 = VECTOR ( 'NONE', #1823, 1000.000000000000000 ) ;
#1471 = ORIENTED_EDGE ( 'NONE', *, *, #7872, .T. ) ;
#1472 = FILL_AREA_STYLE ('',( #651 ) ) ;
#1473 = ADVANCED_FACE ( 'NONE', ( #6270 ), #1061, .T. ) ;
#1474 = DIRECTION ( 'NONE',  ( -5.202631688678576249E-17, 0.5272949808244127290, -0.8496822954477646350 ) ) ;
#1475 = ORIENTED_EDGE ( 'NONE', *, *, #270, .F. ) ;
#1476 = ORIENTED_EDGE ( 'NONE', *, *, #2153, .F. ) ;
#1477 = CARTESIAN_POINT ( 'NONE',  ( -3.194999999999999840, -1.308111948986800055, -3.923659150360660153 ) ) ;
#1478 = EDGE_CURVE ( 'NONE', #685, #2842, #3351, .T. ) ;
#1479 = SURFACE_STYLE_FILL_AREA ( #9287 ) ;
#1480 = PLANE ( 'NONE',  #8260 ) ;
#1481 = CARTESIAN_POINT ( 'NONE',  ( 5.080000000000000071, -2.700000000000729816, 0.9199999999997310329 ) ) ;
#1482 = DIRECTION ( 'NONE',  ( -1.337492208489744030E-13, -1.000000000000000000, -1.637901456704465060E-29 ) ) ;
#1483 = EDGE_LOOP ( 'NONE', ( #2012, #6335, #7688, #8476, #6128, #328, #267, #9152 ) ) ;
#1484 = CARTESIAN_POINT ( 'NONE',  ( 0.6550000000000000266, -2.180000000000000160, 2.169999999999999929 ) ) ;
#1485 = FACE_OUTER_BOUND ( 'NONE', #1088, .T. ) ;
#1486 = EDGE_LOOP ( 'NONE', ( #1492, #3095, #4163, #882 ) ) ;
#1487 = EDGE_CURVE ( 'NONE', #8493, #724, #1184, .T. ) ;
#1488 = VERTEX_POINT ( 'NONE', #5455 ) ;
#1489 = LINE ( 'NONE', #1237, #10137 ) ;
#1490 = ORIENTED_EDGE ( 'NONE', *, *, #2562, .F. ) ;
#1491 =( GEOMETRIC_REPRESENTATION_CONTEXT ( 3 ) GLOBAL_UNCERTAINTY_ASSIGNED_CONTEXT ( ( #9674 ) ) GLOBAL_UNIT_ASSIGNED_CONTEXT ( ( #9396, #4500, #10220 ) ) REPRESENTATION_CONTEXT ( 'NONE', 'WORKASPACE' ) );
#1492 = ORIENTED_EDGE ( 'NONE', *, *, #4324, .T. ) ;
#1493 = VECTOR ( 'NONE', #5588, 1000.000000000000000 ) ;
#1494 = LINE ( 'NONE', #1901, #5542 ) ;
#1495 = EDGE_CURVE ( 'NONE', #8992, #10083, #7424, .T. ) ;
#1496 = DIRECTION ( 'NONE',  ( 1.000000000000000000, 0.0000000000000000000, 0.0000000000000000000 ) ) ;
#1497 = CARTESIAN_POINT ( 'NONE',  ( 3.294999999999674856, 0.9086536693863019876, 4.663893177324050399 ) ) ;
#1498 = ORIENTED_EDGE ( 'NONE', *, *, #2962, .T. ) ;
#1499 = EDGE_LOOP ( 'NONE', ( #8340, #8530, #66, #7485 ) ) ;
#1500 = LINE ( 'NONE', #4880, #5550 ) ;
#1501 = ORIENTED_EDGE ( 'NONE', *, *, #1900, .F. ) ;
#1502 = VECTOR ( 'NONE', #8078, 1000.000000000000000 ) ;
#1503 = VERTEX_POINT ( 'NONE', #2213 ) ;
#1504 = VECTOR ( 'NONE', #6929, 1000.000000000000000 ) ;
#1505 = ADVANCED_FACE ( 'NONE', ( #9570 ), #2355, .F. ) ;
#1506 = VECTOR ( 'NONE', #7327, 1000.000000000000114 ) ;
#1507 = CARTESIAN_POINT ( 'NONE',  ( 1.785000000000324993, 0.6865000000000239799, -10.25999999999999979 ) ) ;
#1508 = ORIENTED_EDGE ( 'NONE', *, *, #6121, .T. ) ;
#1509 = AXIS2_PLACEMENT_3D ( 'NONE', #8965, #1691, #3236 ) ;
#1510 = ORIENTED_EDGE ( 'NONE', *, *, #3461, .F. ) ;
#1511 = CARTESIAN_POINT ( 'NONE',  ( -4.424999999999999822, -0.6800000000000000488, 3.334999999999999964 ) ) ;
#1512 = ORIENTED_EDGE ( 'NONE', *, *, #521, .T. ) ;
#1513 = VERTEX_POINT ( 'NONE', #9477 ) ;
#1514 = CARTESIAN_POINT ( 'NONE',  ( -2.270000000000000018, -5.325000000000000178, 3.734999999852264718 ) ) ;
#1515 = VECTOR ( 'NONE', #4503, 1000.000000000000000 ) ;
#1516 = CARTESIAN_POINT ( 'NONE',  ( -4.425000000000170353, -0.4877706291219079948, -4.271614798027000504 ) ) ;
#1517 = MECHANICAL_DESIGN_GEOMETRIC_PRESENTATION_REPRESENTATION (  '', ( #422 ), #2040 ) ;
#1518 = EDGE_LOOP ( 'NONE', ( #4704, #6689, #9540, #738, #2085, #9500, #1604, #4551, #10288 ) ) ;
#1519 = FILL_AREA_STYLE ('',( #4424 ) ) ;
#1520 = CARTESIAN_POINT ( 'NONE',  ( 0.9800000000011589441, -3.750000000000144773, -3.884999999852260189 ) ) ;
#1521 = VECTOR ( 'NONE', #7797, 1000.000000000000000 ) ;
#1522 = CARTESIAN_POINT ( 'NONE',  ( -2.270000000000000018, -1.071254713756893961, 4.063030467039109972 ) ) ;
#1523 = ORIENTED_EDGE ( 'NONE', *, *, #3, .T. ) ;
#1524 = MECHANICAL_DESIGN_GEOMETRIC_PRESENTATION_REPRESENTATION (  '', ( #424 ), #2043 ) ;
#1525 = EDGE_CURVE ( 'NONE', #1068, #7457, #9317, .T. ) ;
#1526 = CARTESIAN_POINT ( 'NONE',  ( 5.080000000000000071, -3.924999999999839950, -2.330000000000270077 ) ) ;
#1527 = EDGE_LOOP ( 'NONE', ( #7397, #9524, #3290, #2742 ) ) ;
#1528 = ADVANCED_FACE ( 'NONE', ( #8545 ), #4817, .T. ) ;
#1529 =( NAMED_UNIT ( * ) PLANE_ANGLE_UNIT ( ) SI_UNIT ( $, .RADIAN. ) );
#1530 = AXIS2_PLACEMENT_3D ( 'NONE', #2170, #7893, #2984 ) ;
#1531 = CARTESIAN_POINT ( 'NONE',  ( 3.194999999999999840, -0.6800000000000000488, 3.334999999999999964 ) ) ;
#1532 = CARTESIAN_POINT ( 'NONE',  ( 0.6549999999998930011, -0.9719250235416100336, -4.186245315462254979 ) ) ;
#1533 = LINE ( 'NONE', #10073, #8018 ) ;
#1534 = AXIS2_PLACEMENT_3D ( 'NONE', #5651, #2412, #8119 ) ;
#1535 = ORIENTED_EDGE ( 'NONE', *, *, #1289, .T. ) ;
#1536 = ORIENTED_EDGE ( 'NONE', *, *, #10173, .T. ) ;
#1537 = DIRECTION ( 'NONE',  ( 1.000000000000000000, 0.0000000000000000000, 6.123031769111888756E-17 ) ) ;
#1538 = CARTESIAN_POINT ( 'NONE',  ( -1.559999999999020170, -6.417755088248520146, -10.25999999999999979 ) ) ;
#1539 = EDGE_CURVE ( 'NONE', #5500, #4895, #6394, .T. ) ;
#1540 = PLANE ( 'NONE',  #1413 ) ;
#1541 = PLANE ( 'NONE',  #370 ) ;
#1542 = PLANE ( 'NONE',  #10452 ) ;
#1543 = CARTESIAN_POINT ( 'NONE',  ( 4.325000000000325251, 0.6646145760520150159, -4.620862500821749208 ) ) ;
#1544 = ORIENTED_EDGE ( 'NONE', *, *, #4660, .T. ) ;
#1545 = SURFACE_SIDE_STYLE ('',( #9609 ) ) ;
#1546 = EDGE_CURVE ( 'NONE', #78, #5999, #2060, .T. ) ;
#1547 = STYLED_ITEM ( 'NONE', ( #9076 ), #9953 ) ;
#1548 = LINE ( 'NONE', #5526, #8782 ) ;
#1549 = DIRECTION ( 'NONE',  ( 0.0000000000000000000, -0.9848077530122136825, 0.1736481776668984678 ) ) ;
#1550 = DIRECTION ( 'NONE',  ( 6.123031769111888756E-17, -1.730217700714529757E-16, 1.000000000000000000 ) ) ;
#1551 = LINE ( 'NONE', #1257, #1296 ) ;
#1552 = CARTESIAN_POINT ( 'NONE',  ( -4.424999999999999822, -0.6800000000000000488, 2.169999999999999929 ) ) ;
#1553 = ADVANCED_FACE ( 'NONE', ( #4224 ), #10224, .T. ) ;
#1554 = CARTESIAN_POINT ( 'NONE',  ( -1.603051519122189905, -6.248777273997109916, -3.734999999852260277 ) ) ;
#1555 = EDGE_CURVE ( 'NONE', #6352, #9617, #6137, .T. ) ;
#1556 = ORIENTED_EDGE ( 'NONE', *, *, #7559, .T. ) ;
#1557 = LINE ( 'NONE', #7660, #3716 ) ;
#1558 = EDGE_CURVE ( 'NONE', #839, #8162, #10465, .T. ) ;
#1559 = DIRECTION ( 'NONE',  ( 0.0000000000000000000, -1.000000000000000000, 0.0000000000000000000 ) ) ;
#1560 = DIRECTION ( 'NONE',  ( 0.0000000000000000000, -1.617629641348372616E-13, 1.000000000000000000 ) ) ;
#1561 = SURFACE_STYLE_USAGE ( .BOTH. , #781 ) ;
#1562 = STYLED_ITEM ( 'NONE', ( #2700 ), #1473 ) ;
#1563 = FACE_OUTER_BOUND ( 'NONE', #4738, .T. ) ;
#1564 = DIRECTION ( 'NONE',  ( 0.0000000000000000000, 0.1736481776666925214, 0.9848077530122499867 ) ) ;
#1565 = COLOUR_RGB ( '',0.1411764705882352922, 0.1411764705882352922, 0.1411764705882352922 ) ;
#1566 = SURFACE_SIDE_STYLE ('',( #7646 ) ) ;
#1567 =( NAMED_UNIT ( * ) PLANE_ANGLE_UNIT ( ) SI_UNIT ( $, .RADIAN. ) );
#1568 = DIRECTION ( 'NONE',  ( 1.000000000000000000, -1.337492208489744030E-13, 1.224606353822377751E-16 ) ) ;
#1569 = FACE_OUTER_BOUND ( 'NONE', #7141, .T. ) ;
#1570 = CARTESIAN_POINT ( 'NONE',  ( 0.6549999999999910338, -1.699963492679900101, -10.25999999999999979 ) ) ;
#1571 = VECTOR ( 'NONE', #2542, 1000.000000000000114 ) ;
#1572 = EDGE_LOOP ( 'NONE', ( #4941, #7960, #2527, #4371 ) ) ;
#1573 = CARTESIAN_POINT ( 'NONE',  ( -2.810000000000000053, 0.6767650295757380308, -4.551953854652450282 ) ) ;
#1574 = ADVANCED_FACE ( 'NONE', ( #1563 ), #5115, .T. ) ;
#1575 = CARTESIAN_POINT ( 'NONE',  ( 2.810000000000000053, -1.071254713756893961, 4.063030467039109972 ) ) ;
#1576 = PRESENTATION_STYLE_ASSIGNMENT (( #6925 ) ) ;
#1577 = LINE ( 'NONE', #6488, #9981 ) ;
#1578 = DIRECTION ( 'NONE',  ( 1.000000000000000000, 2.273736754434390162E-12, -4.009823671528949589E-13 ) ) ;
#1579 = EDGE_CURVE ( 'NONE', #3910, #311, #9967, .T. ) ;
#1580 = VERTEX_POINT ( 'NONE', #1921 ) ;
#1581 = LINE ( 'NONE', #541, #3978 ) ;
#1582 = ORIENTED_EDGE ( 'NONE', *, *, #4670, .F. ) ;
#1583 = LINE ( 'NONE', #6981, #9985 ) ;
#1584 = CARTESIAN_POINT ( 'NONE',  ( -3.194999999999999840, -0.5070092621839650260, 4.418222507946190092 ) ) ;
#1585 = DIRECTION ( 'NONE',  ( -1.000000000000000000, 0.0000000000000000000, 6.123031769111888756E-17 ) ) ;
#1586 = ORIENTED_EDGE ( 'NONE', *, *, #10410, .F. ) ;
#1587 = LINE ( 'NONE', #5006, #7824 ) ;
#1588 = ORIENTED_EDGE ( 'NONE', *, *, #4580, .F. ) ;
#1589 = LINE ( 'NONE', #7055, #9728 ) ;
#1590 = AXIS2_PLACEMENT_3D ( 'NONE', #10182, #5275, #432 ) ;
#1591 = DIRECTION ( 'NONE',  ( 1.000000000000000000, 0.0000000000000000000, 6.123031769111888756E-17 ) ) ;
#1592 = LINE ( 'NONE', #9805, #2964 ) ;
#1593 = EDGE_LOOP ( 'NONE', ( #1879, #4062, #9998, #1801 ) ) ;
#1594 = CARTESIAN_POINT ( 'NONE',  ( 3.194999999999999840, -2.180000000000000160, -3.334999999999999964 ) ) ;
#1595 = EDGE_CURVE ( 'NONE', #161, #4393, #8052, .T. ) ;
#1596 =( NAMED_UNIT ( * ) PLANE_ANGLE_UNIT ( ) SI_UNIT ( $, .RADIAN. ) );
#1597 = CARTESIAN_POINT ( 'NONE',  ( -3.657599999999999962, 0.0000000000000000000, 4.535697013287319144E-16 ) ) ;
#1598 = DIRECTION ( 'NONE',  ( 0.0000000000000000000, 0.0000000000000000000, -1.000000000000000000 ) ) ;
#1599 = UNCERTAINTY_MEASURE_WITH_UNIT (LENGTH_MEASURE( 1.000000000000000082E-05 ), #8338, 'distance_accuracy_value', 'NONE');
#1600 = ADVANCED_FACE ( 'NONE', ( #1308 ), #269, .T. ) ;
#1601 = ORIENTED_EDGE ( 'NONE', *, *, #1361, .T. ) ;
#1602 = DIRECTION ( 'NONE',  ( 6.123031769111888756E-17, 0.0000000000000000000, 1.000000000000000000 ) ) ;
#1603 = LINE ( 'NONE', #25, #7848 ) ;
#1604 = ORIENTED_EDGE ( 'NONE', *, *, #6018, .F. ) ;
#1605 = DIRECTION ( 'NONE',  ( -1.000000000000000000, 0.0000000000000000000, 6.123031769111888756E-17 ) ) ;
#1606 = CARTESIAN_POINT ( 'NONE',  ( -3.520000000000000018, -6.417755088244880390, -10.25999999999999979 ) ) ;
#1607 = ORIENTED_EDGE ( 'NONE', *, *, #6668, .F. ) ;
#1609 = ORIENTED_EDGE ( 'NONE', *, *, #3856, .F. ) ;
#1608 = DIRECTION ( 'NONE',  ( 0.0000000000000000000, 0.0000000000000000000, 1.000000000000000000 ) ) ;
#1610 = FACE_OUTER_BOUND ( 'NONE', #8103, .T. ) ;
#1611 = VECTOR ( 'NONE', #1799, 1000.000000000000114 ) ;
#1612 = EDGE_CURVE ( 'NONE', #2349, #3713, #5623, .T. ) ;
#1613 =( NAMED_UNIT ( * ) PLANE_ANGLE_UNIT ( ) SI_UNIT ( $, .RADIAN. ) );
#1614 = CARTESIAN_POINT ( 'NONE',  ( 0.6549999999999269740, -1.227030387021919910, -4.186245315462254979 ) ) ;
#1615 = LINE ( 'NONE', #5812, #9750 ) ;
#1616 = DIRECTION ( 'NONE',  ( 1.000000000000000000, 0.0000000000000000000, -6.123031769111888756E-17 ) ) ;
#1617 = EDGE_LOOP ( 'NONE', ( #8166, #1211, #118, #10431 ) ) ;
#1618 = DIRECTION ( 'NONE',  ( 1.589550459459106939E-29, -1.000000000000000000, 2.596018638148705187E-13 ) ) ;
#1619 = ORIENTED_EDGE ( 'NONE', *, *, #4213, .T. ) ;
#1620 = EDGE_CURVE ( 'NONE', #9293, #9262, #9704, .T. ) ;
#1621 = ORIENTED_EDGE ( 'NONE', *, *, #6416, .F. ) ;
#1622 = LINE ( 'NONE', #4284, #6196 ) ;
#1623 = EDGE_LOOP ( 'NONE', ( #712, #9303, #10366, #4647 ) ) ;
#1624 = VERTEX_POINT ( 'NONE', #9915 ) ;
#1625 = LINE ( 'NONE', #970, #6961 ) ;
#1626 = EDGE_LOOP ( 'NONE', ( #9795, #8592, #8789, #5401 ) ) ;
#1627 = LINE ( 'NONE', #8788, #9764 ) ;
#1628 = CARTESIAN_POINT ( 'NONE',  ( -4.425000000000125056, -1.699963492679900101, 10.25999999999999979 ) ) ;
#1629 = EDGE_CURVE ( 'NONE', #8358, #1803, #1060, .T. ) ;
#1630 = ORIENTED_EDGE ( 'NONE', *, *, #2645, .T. ) ;
#1631 = ORIENTED_EDGE ( 'NONE', *, *, #2734, .F. ) ;
#1632 = ORIENTED_EDGE ( 'NONE', *, *, #1539, .T. ) ;
#1633 = MECHANICAL_DESIGN_GEOMETRIC_PRESENTATION_REPRESENTATION (  '', ( #10020 ), #2157 ) ;
#1634 = ORIENTED_EDGE ( 'NONE', *, *, #2525, .F. ) ;
#1635 = VECTOR ( 'NONE', #6512, 1000.000000000000000 ) ;
#1636 = ADVANCED_FACE ( 'NONE', ( #7285 ), #5850, .T. ) ;
#1637 = SURFACE_STYLE_USAGE ( .BOTH. , #6505 ) ;
#1638 = FACE_OUTER_BOUND ( 'NONE', #106, .T. ) ;
#1639 = DIRECTION ( 'NONE',  ( 0.0000000000000000000, -0.1736481776666925214, -0.9848077530122499867 ) ) ;
#1640 = DIRECTION ( 'NONE',  ( -1.000000000000000000, 0.0000000000000000000, 0.0000000000000000000 ) ) ;
#1641 = ORIENTED_EDGE ( 'NONE', *, *, #427, .F. ) ;
#1642 = STYLED_ITEM ( 'NONE', ( #10018 ), #5923 ) ;
#1643 = VERTEX_POINT ( 'NONE', #8505 ) ;
#1644 = VERTEX_POINT ( 'NONE', #5881 ) ;
#1645 = DIRECTION ( 'NONE',  ( -1.000000000000000000, 2.273736754434390162E-12, 4.008599065175130241E-13 ) ) ;
#1646 = DIRECTION ( 'NONE',  ( 6.123031769111888756E-17, 6.812328479116998918E-13, 1.000000000000000000 ) ) ;
#1647 = ORIENTED_EDGE ( 'NONE', *, *, #7825, .T. ) ;
#1648 = DIRECTION ( 'NONE',  ( -6.123031769111888756E-17, 1.730217700714529757E-16, -1.000000000000000000 ) ) ;
#1649 = DIRECTION ( 'NONE',  ( 0.0000000000000000000, 0.0000000000000000000, 1.000000000000000000 ) ) ;
#1650 = SURFACE_SIDE_STYLE ('',( #8026 ) ) ;
#1651 = SURFACE_SIDE_STYLE ('',( #1235 ) ) ;
#1652 = LINE ( 'NONE', #9641, #10312 ) ;
#1653 = AXIS2_PLACEMENT_3D ( 'NONE', #5736, #7384, #2486 ) ;
#1654 = PLANE ( 'NONE',  #1509 ) ;
#1655 = VERTEX_POINT ( 'NONE', #4007 ) ;
#1656 = DIRECTION ( 'NONE',  ( 2.126506617005608948E-17, -0.9848077530122136825, -0.1736481776668984678 ) ) ;
#1657 = ADVANCED_FACE ( 'NONE', ( #8812 ), #2026, .T. ) ;
#1658 = ORIENTED_EDGE ( 'NONE', *, *, #7585, .T. ) ;
#1659 = CARTESIAN_POINT ( 'NONE',  ( -0.6549999999997699884, -0.08215671584572729891, -4.489186573641555711 ) ) ;
#1660 = DIRECTION ( 'NONE',  ( -1.000000000000000000, 0.0000000000000000000, 6.123031769111888756E-17 ) ) ;
#1661 =( LENGTH_UNIT ( ) NAMED_UNIT ( * ) SI_UNIT ( .MILLI., .METRE. ) );
#1662 = EDGE_CURVE ( 'NONE', #1346, #1068, #8064, .T. ) ;
#1663 = UNCERTAINTY_MEASURE_WITH_UNIT (LENGTH_MEASURE( 1.000000000000000082E-05 ), #5176, 'distance_accuracy_value', 'NONE');
#1664 = LINE ( 'NONE', #159, #5733 ) ;
#1665 = VERTEX_POINT ( 'NONE', #3499 ) ;
#1666 = CARTESIAN_POINT ( 'NONE',  ( 3.415994185473270051, -6.009530812630630159, 3.884999999852265073 ) ) ;
#1667 = CARTESIAN_POINT ( 'NONE',  ( 1.885000000000000009, -2.180000000000000160, 3.334999999999999964 ) ) ;
#1668 = CARTESIAN_POINT ( 'NONE',  ( 3.944999999999999840, 0.6646145760520399959, 4.620862500821609764 ) ) ;
#1669 = MECHANICAL_DESIGN_GEOMETRIC_PRESENTATION_REPRESENTATION (  '', ( #34 ), #2191 ) ;
#1670 = PLANE ( 'NONE',  #5584 ) ;
#1671 = DIRECTION ( 'NONE',  ( -9.893158939993060918E-30, -1.000000000000000000, -1.615728827326989927E-13 ) ) ;
#1672 = EDGE_CURVE ( 'NONE', #8465, #1665, #1577, .T. ) ;
#1673 = DIRECTION ( 'NONE',  ( 0.0000000000000000000, 0.0000000000000000000, -1.000000000000000000 ) ) ;
#1674 = CARTESIAN_POINT ( 'NONE',  ( -1.885000000000000009, -0.6800000000000000488, -3.334999999999999964 ) ) ;
#1675 = CARTESIAN_POINT ( 'NONE',  ( -4.688081641153219792, -1.875000000000000000, 0.9199999999993749844 ) ) ;
#1676 = ORIENTED_EDGE ( 'NONE', *, *, #3091, .F. ) ;
#1677 = SURFACE_SIDE_STYLE ('',( #10515 ) ) ;
#1678 = EDGE_CURVE ( 'NONE', #7511, #7591, #3738, .T. ) ;
#1679 = DIRECTION ( 'NONE',  ( -2.126506617005608948E-17, 0.9848077530122136825, 0.1736481776668984678 ) ) ;
#1680 = DIRECTION ( 'NONE',  ( 6.123031769111888756E-17, 0.0000000000000000000, -1.000000000000000000 ) ) ;
#1681 = ORIENTED_EDGE ( 'NONE', *, *, #7277, .T. ) ;
#1682 = CARTESIAN_POINT ( 'NONE',  ( -3.195000000000054907, -2.180000000000000160, 4.335605995874404428 ) ) ;
#1683 = ADVANCED_FACE ( 'NONE', ( #5906 ), #551, .T. ) ;
#1684 = DIRECTION ( 'NONE',  ( -1.224606352864879832E-16, -2.601093943404129786E-13, 1.000000000000000000 ) ) ;
#1685 = ORIENTED_EDGE ( 'NONE', *, *, #5117, .T. ) ;
#1686 = CARTESIAN_POINT ( 'NONE',  ( 0.9800000000011600543, -3.750000000001014744, -7.232499999999600249 ) ) ;
#1687 = VERTEX_POINT ( 'NONE', #32 ) ;
#1688 = EDGE_CURVE ( 'NONE', #1142, #5167, #9199, .T. ) ;
#1689 = FACE_OUTER_BOUND ( 'NONE', #2126, .T. ) ;
#1690 = AXIS2_PLACEMENT_3D ( 'NONE', #7639, #2733, #8433 ) ;
#1691 = DIRECTION ( 'NONE',  ( -1.000000000000000000, 0.0000000000000000000, 6.123031769111888756E-17 ) ) ;
#1692 = CARTESIAN_POINT ( 'NONE',  ( 0.6550000000000000266, -4.440892098500625176E-16, 2.169999999999999929 ) ) ;
#1693 = VECTOR ( 'NONE', #3027, 1000.000000000000000 ) ;
#1694 = FILL_AREA_STYLE ('',( #883 ) ) ;
#1695 = EDGE_CURVE ( 'NONE', #2866, #2458, #2703, .T. ) ;
#1696 = LINE ( 'NONE', #2765, #7930 ) ;
#1697 = VERTEX_POINT ( 'NONE', #4102 ) ;
#1698 = LINE ( 'NONE', #3094, #9844 ) ;
#1699 = FILL_AREA_STYLE_COLOUR ( '', #7217 ) ;
#1700 = CARTESIAN_POINT ( 'NONE',  ( 5.080000000000000071, -2.700000000000729816, 0.9199999999997310329 ) ) ;
#1701 = CARTESIAN_POINT ( 'NONE',  ( -3.194999999999999840, -0.6800000000000000488, 3.334999999999999964 ) ) ;
#1702 = AXIS2_PLACEMENT_3D ( 'NONE', #2651, #2420, #7916 ) ;
#1703 = EDGE_LOOP ( 'NONE', ( #4893, #5678, #1335, #8371 ) ) ;
#1704 = LINE ( 'NONE', #7264, #1948 ) ;
#1705 = CARTESIAN_POINT ( 'NONE',  ( -4.809999999999999609, -0.9719250235416100336, 4.336245315462229577 ) ) ;
#1706 = ADVANCED_FACE ( 'NONE', ( #6791 ), #2445, .T. ) ;
#1707 = VECTOR ( 'NONE', #1863, 1000.000000000000000 ) ;
#1708 = DIRECTION ( 'NONE',  ( -6.687461042448720151E-14, 1.000000000000000000, -8.189507283522321094E-30 ) ) ;
#1709 = EDGE_LOOP ( 'NONE', ( #8860, #5538, #1476, #10401 ) ) ;
#1710 = DIRECTION ( 'NONE',  ( 0.0000000000000000000, 1.000000000000000000, 0.0000000000000000000 ) ) ;
#1711 = DIRECTION ( 'NONE',  ( -1.000000000000000000, 0.0000000000000000000, -6.123031769111888756E-17 ) ) ;
#1712 = CARTESIAN_POINT ( 'NONE',  ( 4.424999999999999822, -0.6800000000000000488, 4.500000000000000000 ) ) ;
#1713 = CARTESIAN_POINT ( 'NONE',  ( 0.6549999999998280531, -0.9719250235416100336, 4.186245315462254979 ) ) ;
#1714 = CARTESIAN_POINT ( 'NONE',  ( -1.785000000000324993, 0.6646145760520150159, -4.620862500821749208 ) ) ;
#1715 = ORIENTED_EDGE ( 'NONE', *, *, #5128, .T. ) ;
#1716 = LINE ( 'NONE', #10494, #7947 ) ;
#1717 = CARTESIAN_POINT ( 'NONE',  ( 1.270000000000000018, -2.180000000000000160, 4.500000000000000000 ) ) ;
#1718 = CARTESIAN_POINT ( 'NONE',  ( 2.810000000000000053, 0.6767650295757380308, 4.551953854652450282 ) ) ;
#1719 = SURFACE_SIDE_STYLE ('',( #9164 ) ) ;
#1720 = LINE ( 'NONE', #3598, #6040 ) ;
#1721 = VERTEX_POINT ( 'NONE', #4177 ) ;
#1722 = AXIS2_PLACEMENT_3D ( 'NONE', #8801, #8037, #3152 ) ;
#1723 = CARTESIAN_POINT ( 'NONE',  ( 5.080000000000000071, 1.000000000000000000, -4.680000000000180904 ) ) ;
#1724 = LINE ( 'NONE', #4755, #7955 ) ;
#1725 = VECTOR ( 'NONE', #8032, 1000.000000000000000 ) ;
#1726 = EDGE_CURVE ( 'NONE', #8615, #8706, #7044, .T. ) ;
#1727 = ORIENTED_EDGE ( 'NONE', *, *, #4902, .T. ) ;
#1728 = CARTESIAN_POINT ( 'NONE',  ( -1.885000000000234932, 3.650731991911014584E-05, -10.25999999999999979 ) ) ;
#1729 = LINE ( 'NONE', #7529, #1470 ) ;
#1730 = ORIENTED_EDGE ( 'NONE', *, *, #8813, .T. ) ;
#1731 = FILL_AREA_STYLE_COLOUR ( '', #9505 ) ;
#1732 = VERTEX_POINT ( 'NONE', #9466 ) ;
#1733 = ORIENTED_EDGE ( 'NONE', *, *, #527, .F. ) ;
#1734 = LINE ( 'NONE', #1922, #9884 ) ;
#1735 = STYLED_ITEM ( 'NONE', ( #10535 ), #4841 ) ;
#1736 = ADVANCED_FACE ( 'NONE', ( #8936 ), #4725, .T. ) ;
#1737 = ORIENTED_EDGE ( 'NONE', *, *, #3531, .F. ) ;
#1738 = DIRECTION ( 'NONE',  ( 0.0000000000000000000, 1.000000000000000000, 0.0000000000000000000 ) ) ;
#1739 = FACE_OUTER_BOUND ( 'NONE', #8092, .T. ) ;
#1740 = ORIENTED_EDGE ( 'NONE', *, *, #9277, .F. ) ;
#1741 = SURFACE_SIDE_STYLE ('',( #9319 ) ) ;
#1742 = PRESENTATION_LAYER_ASSIGNMENT (  '', '', ( #2269 ) ) ;
#1743 = VERTEX_POINT ( 'NONE', #10201 ) ;
#1744 = VECTOR ( 'NONE', #5227, 1000.000000000000114 ) ;
#1745 = VERTEX_POINT ( 'NONE', #5407 ) ;
#1746 = PLANE ( 'NONE',  #10112 ) ;
#1747 = ORIENTED_EDGE ( 'NONE', *, *, #5613, .T. ) ;
#1748 = LINE ( 'NONE', #5968, #8240 ) ;
#1749 = CARTESIAN_POINT ( 'NONE',  ( -0.9800000000000199663, -6.417755088244880390, -3.884999999852265073 ) ) ;
#1750 = SURFACE_STYLE_FILL_AREA ( #10489 ) ;
#1751 = CARTESIAN_POINT ( 'NONE',  ( -3.810000000000000053, -0.6800000000000000488, -4.500000000000000000 ) ) ;
#1752 = VECTOR ( 'NONE', #7539, 1000.000000000000114 ) ;
#1753 = ORIENTED_EDGE ( 'NONE', *, *, #10323, .T. ) ;
#1754 = EDGE_CURVE ( 'NONE', #2214, #1366, #8681, .T. ) ;
#1755 = ORIENTED_EDGE ( 'NONE', *, *, #736, .T. ) ;
#1756 = VERTEX_POINT ( 'NONE', #8391 ) ;
#1757 = DIRECTION ( 'NONE',  ( 1.206001831632339867E-16, 0.1736481776666925214, -0.9848077530122499867 ) ) ;
#1758 = DIRECTION ( 'NONE',  ( -6.123031769111888756E-17, -3.114707882784410092E-13, -1.000000000000000000 ) ) ;
#1759 = LINE ( 'NONE', #763, #8249 ) ;
#1760 =( LENGTH_UNIT ( ) NAMED_UNIT ( * ) SI_UNIT ( .MILLI., .METRE. ) );
#1761 = VERTEX_POINT ( 'NONE', #4958 ) ;
#1762 = DIRECTION ( 'NONE',  ( -3.342835721018934545E-31, -1.000000000000000000, -5.459445332101871020E-15 ) ) ;
#1763 = LINE ( 'NONE', #7035, #1504 ) ;
#1764 = DIRECTION ( 'NONE',  ( 1.224606353822375779E-16, 0.0000000000000000000, -1.000000000000000000 ) ) ;
#1765 = DIRECTION ( 'NONE',  ( -1.000000000000000000, 0.0000000000000000000, 6.123031769111888756E-17 ) ) ;
#1766 = LINE ( 'NONE', #43, #1506 ) ;
#1767 = DIRECTION ( 'NONE',  ( 0.0000000000000000000, 0.0000000000000000000, 1.000000000000000000 ) ) ;
#1768 = EDGE_CURVE ( 'NONE', #1343, #9116, #54, .T. ) ;
#1769 = EDGE_LOOP ( 'NONE', ( #7022, #8822, #10289, #9121, #9393, #3137, #8512, #3103, #1299, #7709 ) ) ;
#1770 = ORIENTED_EDGE ( 'NONE', *, *, #499, .T. ) ;
#1771 = DIRECTION ( 'NONE',  ( 6.123031769111888756E-17, -1.836909530733564901E-16, 1.000000000000000000 ) ) ;
#1772 = ADVANCED_FACE ( 'NONE', ( #4864 ), #6002, .T. ) ;
#1773 = EDGE_LOOP ( 'NONE', ( #653, #9460, #8248, #603 ) ) ;
#1774 = ORIENTED_EDGE ( 'NONE', *, *, #3522, .T. ) ;
#1775 = EDGE_CURVE ( 'NONE', #4697, #4524, #9845, .T. ) ;
#1776 = LINE ( 'NONE', #2903, #9655 ) ;
#1777 = VERTEX_POINT ( 'NONE', #7101 ) ;
#1778 = VECTOR ( 'NONE', #6731, 1000.000000000000000 ) ;
#1779 = VERTEX_POINT ( 'NONE', #8051 ) ;
#1780 = DIRECTION ( 'NONE',  ( -1.000000000000000000, 0.0000000000000000000, -6.123031769111888756E-17 ) ) ;
#1781 = DIRECTION ( 'NONE',  ( 0.0000000000000000000, 0.0000000000000000000, 1.000000000000000000 ) ) ;
#1782 = STYLED_ITEM ( 'NONE', ( #4793 ), #6351 ) ;
#1783 = EDGE_LOOP ( 'NONE', ( #5084, #1129, #2492, #2471 ) ) ;
#1784 = DIRECTION ( 'NONE',  ( -4.547473508868780324E-12, 1.000000000000000000, -5.568864952799650000E-28 ) ) ;
#1785 = PRESENTATION_LAYER_ASSIGNMENT (  '', '', ( #682 ) ) ;
#1786 = FILL_AREA_STYLE_COLOUR ( '', #7567 ) ;
#1787 = DIRECTION ( 'NONE',  ( 1.000000000000000000, 0.0000000000000000000, 0.0000000000000000000 ) ) ;
#1788 = EDGE_CURVE ( 'NONE', #78, #1882, #1186, .T. ) ;
#1789 = CARTESIAN_POINT ( 'NONE',  ( -1.284106735979636094, -7.250000000000000000, -3.734999999852264718 ) ) ;
#1790 = PLANE ( 'NONE',  #7028 ) ;
#1791 = ORIENTED_EDGE ( 'NONE', *, *, #2502, .F. ) ;
#1792 = VERTEX_POINT ( 'NONE', #5663 ) ;
#1793 = FILL_AREA_STYLE ('',( #978 ) ) ;
#1794 = CARTESIAN_POINT ( 'NONE',  ( -4.424999999999999822, -0.4000000000000569766, 2.460105896938215242 ) ) ;
#1795 = UNCERTAINTY_MEASURE_WITH_UNIT (LENGTH_MEASURE( 1.000000000000000082E-05 ), #126, 'distance_accuracy_value', 'NONE');
#1796 =( GEOMETRIC_REPRESENTATION_CONTEXT ( 3 ) GLOBAL_UNCERTAINTY_ASSIGNED_CONTEXT ( ( #4913 ) ) GLOBAL_UNIT_ASSIGNED_CONTEXT ( ( #4358, #10068, #5187 ) ) REPRESENTATION_CONTEXT ( 'NONE', 'WORKASPACE' ) );
#1797 = VECTOR ( 'NONE', #5656, 1000.000000000000000 ) ;
#1798 = PLANE ( 'NONE',  #3691 ) ;
#1799 = DIRECTION ( 'NONE',  ( 0.0000000000000000000, 0.9848077530122136825, -0.1736481776668984678 ) ) ;
#1800 = STYLED_ITEM ( 'NONE', ( #6188 ), #4156 ) ;
#1801 = ORIENTED_EDGE ( 'NONE', *, *, #9717, .F. ) ;
#1802 = EDGE_CURVE ( 'NONE', #7917, #2556, #3355, .T. ) ;
#1803 = VERTEX_POINT ( 'NONE', #9043 ) ;
#1804 = CARTESIAN_POINT ( 'NONE',  ( 4.424999999999999822, -3.330669073875469621E-16, 1.667499999999999982 ) ) ;
#1805 = ORIENTED_EDGE ( 'NONE', *, *, #3696, .T. ) ;
#1806 = CARTESIAN_POINT ( 'NONE',  ( -4.325000000000329692, 0.6865000000000239799, -4.496744093870610470 ) ) ;
#1807 = ADVANCED_FACE ( 'NONE', ( #7425 ), #1480, .T. ) ;
#1808 = SURFACE_SIDE_STYLE ('',( #2120 ) ) ;
#1809 = VERTEX_POINT ( 'NONE', #7241 ) ;
#1810 = EDGE_CURVE ( 'NONE', #3580, #845, #7682, .T. ) ;
#1811 = CARTESIAN_POINT ( 'NONE',  ( 0.6550000000000000266, -1.364496228814613854, -4.336037564729834592 ) ) ;
#1812 = CARTESIAN_POINT ( 'NONE',  ( 3.674999999999999822, 0.6646145760520150159, -4.620862500821749208 ) ) ;
#1813 = VECTOR ( 'NONE', #2731, 1000.000000000000114 ) ;
#1814 = CARTESIAN_POINT ( 'NONE',  ( -1.785000000000324993, 3.650732014648385516E-05, -4.357628357563855026 ) ) ;
#1815 = SURFACE_STYLE_FILL_AREA ( #1192 ) ;
#1816 = CARTESIAN_POINT ( 'NONE',  ( 0.6549999999997639932, 8.272839892444299875E-16, -4.503673019291570156 ) ) ;
#1817 = EDGE_CURVE ( 'NONE', #4496, #4512, #3065, .T. ) ;
#1818 = DIRECTION ( 'NONE',  ( 3.342835721018934545E-31, -1.000000000000000000, 5.459445332101871020E-15 ) ) ;
#1819 = CARTESIAN_POINT ( 'NONE',  ( -0.7699999999999999067, 0.6865000000000239799, -4.496744093870610470 ) ) ;
#1820 = VECTOR ( 'NONE', #5802, 1000.000000000000000 ) ;
#1821 = DIRECTION ( 'NONE',  ( -1.000000000000000000, 0.0000000000000000000, 6.123031769111888756E-17 ) ) ;
#1822 = MECHANICAL_DESIGN_GEOMETRIC_PRESENTATION_REPRESENTATION (  '', ( #741 ), #2354 ) ;
#1823 = DIRECTION ( 'NONE',  ( -3.681132786215100208E-13, 1.000000000000000000, -1.730217700714754829E-16 ) ) ;
#1824 = FILL_AREA_STYLE ('',( #1027 ) ) ;
#1825 = SURFACE_STYLE_FILL_AREA ( #6643 ) ;
#1826 = VERTEX_POINT ( 'NONE', #9437 ) ;
#1827 = EDGE_CURVE ( 'NONE', #7591, #1378, #5492, .T. ) ;
#1828 = VECTOR ( 'NONE', #3621, 1000.000000000000000 ) ;
#1829 = ORIENTED_EDGE ( 'NONE', *, *, #9171, .T. ) ;
#1830 = VECTOR ( 'NONE', #7806, 1000.000000000000000 ) ;
#1831 = AXIS2_PLACEMENT_3D ( 'NONE', #3975, #9688, #4806 ) ;
#1832 = PLANE ( 'NONE',  #1030 ) ;
#1833 = VERTEX_POINT ( 'NONE', #3559 ) ;
#1834 = FACE_OUTER_BOUND ( 'NONE', #2077, .T. ) ;
#1835 = CARTESIAN_POINT ( 'NONE',  ( 5.080000000000000071, -3.750000000000000000, -3.329999999997769855 ) ) ;
#1836 = MECHANICAL_DESIGN_GEOMETRIC_PRESENTATION_REPRESENTATION (  '', ( #213 ), #2375 ) ;
#1837 =( NAMED_UNIT ( * ) PLANE_ANGLE_UNIT ( ) SI_UNIT ( $, .RADIAN. ) );
#1838 = DIRECTION ( 'NONE',  ( 1.000000000000000000, 0.0000000000000000000, -6.123031769111888756E-17 ) ) ;
#1839 = EDGE_LOOP ( 'NONE', ( #501, #8563, #7214, #9559, #3101, #5207, #9196, #3889 ) ) ;
#1840 = DIRECTION ( 'NONE',  ( 0.0000000000000000000, 0.0000000000000000000, -1.000000000000000000 ) ) ;
#1841 = CARTESIAN_POINT ( 'NONE',  ( 0.7549999999996720446, 0.6865000000000239799, 10.25999999999999979 ) ) ;
#1842 = ORIENTED_EDGE ( 'NONE', *, *, #8097, .F. ) ;
#1843 = LINE ( 'NONE', #3835, #10255 ) ;
#1844 = ORIENTED_EDGE ( 'NONE', *, *, #4117, .T. ) ;
#1845 = PRESENTATION_STYLE_ASSIGNMENT (( #2972 ) ) ;
#1846 = DIRECTION ( 'NONE',  ( 6.123031769111888756E-17, 0.0000000000000000000, 1.000000000000000000 ) ) ;
#1847 = DIRECTION ( 'NONE',  ( 6.123031769111888756E-17, 3.114707882784410092E-13, 1.000000000000000000 ) ) ;
#1848 = AXIS2_PLACEMENT_3D ( 'NONE', #3846, #629, #6300 ) ;
#1849 = DIRECTION ( 'NONE',  ( 0.0000000000000000000, 0.0000000000000000000, 1.000000000000000000 ) ) ;
#1850 = DIRECTION ( 'NONE',  ( -1.000000000000000000, 0.0000000000000000000, 0.0000000000000000000 ) ) ;
#1851 = EDGE_LOOP ( 'NONE', ( #5964, #485, #5063, #9387 ) ) ;
#1852 = VECTOR ( 'NONE', #4020, 1000.000000000000000 ) ;
#1853 = ORIENTED_EDGE ( 'NONE', *, *, #10418, .T. ) ;
#1854 = MECHANICAL_DESIGN_GEOMETRIC_PRESENTATION_REPRESENTATION (  '', ( #234 ), #2393 ) ;
#1855 = DIRECTION ( 'NONE',  ( 0.0000000000000000000, -1.000000000000000000, 0.0000000000000000000 ) ) ;
#1856 = CARTESIAN_POINT ( 'NONE',  ( 4.099999999999019984, -6.417755088248520146, 10.25999999999999979 ) ) ;
#1857 = VERTEX_POINT ( 'NONE', #5507 ) ;
#1858 = DIRECTION ( 'NONE',  ( -6.123031769111888756E-17, 1.730217700714529757E-16, 1.000000000000000000 ) ) ;
#1859 = EDGE_CURVE ( 'NONE', #2602, #5815, #2810, .T. ) ;
#1860 = VECTOR ( 'NONE', #416, 1000.000000000000000 ) ;
#1861 =( NAMED_UNIT ( * ) SI_UNIT ( $, .STERADIAN. ) SOLID_ANGLE_UNIT ( ) );
#1862 = LINE ( 'NONE', #5020, #8095 ) ;
#1863 = DIRECTION ( 'NONE',  ( -1.000000000000000000, 0.0000000000000000000, 6.123031769111888756E-17 ) ) ;
#1864 = ADVANCED_FACE ( 'NONE', ( #7162 ), #1654, .F. ) ;
#1865 = LINE ( 'NONE', #9680, #10273 ) ;
#1866 = ORIENTED_EDGE ( 'NONE', *, *, #4457, .T. ) ;
#1867 = AXIS2_PLACEMENT_3D ( 'NONE', #8820, #9662, #4769 ) ;
#1868 = EDGE_LOOP ( 'NONE', ( #5834, #8764, #7455, #7666 ) ) ;
#1869 = LINE ( 'NONE', #1804, #10522 ) ;
#1870 = ORIENTED_EDGE ( 'NONE', *, *, #2284, .T. ) ;
#1871 = VERTEX_POINT ( 'NONE', #7512 ) ;
#1872 = LINE ( 'NONE', #2956, #4019 ) ;
#1873 = STYLED_ITEM ( 'NONE', ( #98 ), #5368 ) ;
#1874 = CARTESIAN_POINT ( 'NONE',  ( 4.592499999998110205, 3.650731915741389777E-05, -4.357628357563680055 ) ) ;
#1875 = SURFACE_STYLE_USAGE ( .BOTH. , #6757 ) ;
#1876 = DIRECTION ( 'NONE',  ( -6.123031769111888756E-17, 1.730217700714529757E-16, 1.000000000000000000 ) ) ;
#1877 =( LENGTH_UNIT ( ) NAMED_UNIT ( * ) SI_UNIT ( .MILLI., .METRE. ) );
#1878 = PRESENTATION_STYLE_ASSIGNMENT (( #115 ) ) ;
#1879 = ORIENTED_EDGE ( 'NONE', *, *, #6470, .F. ) ;
#1880 = EDGE_CURVE ( 'NONE', #2842, #2949, #4226, .T. ) ;
#1881 = VERTEX_POINT ( 'NONE', #10272 ) ;
#1882 = VERTEX_POINT ( 'NONE', #2613 ) ;
#1883 = VERTEX_POINT ( 'NONE', #9297 ) ;
#1884 = DIRECTION ( 'NONE',  ( -6.123031769111888756E-17, 0.0000000000000000000, -1.000000000000000000 ) ) ;
#1885 = CYLINDRICAL_SURFACE ( 'NONE', #5114, 0.2748194203352921083 ) ;
#1886 = EDGE_CURVE ( 'NONE', #7958, #9589, #10226, .T. ) ;
#1887 = CARTESIAN_POINT ( 'NONE',  ( 1.785000000000324993, 0.3432682536601989742, -10.25999999999999979 ) ) ;
#1888 = AXIS2_PLACEMENT_3D ( 'NONE', #6282, #7113, #2219 ) ;
#1889 = CARTESIAN_POINT ( 'NONE',  ( -3.657599999999999962, -2.500000000000000000, -0.9200000000000000400 ) ) ;
#1890 = ORIENTED_EDGE ( 'NONE', *, *, #7140, .T. ) ;
#1891 = DIRECTION ( 'NONE',  ( 0.0000000000000000000, 1.000000000000000000, 0.0000000000000000000 ) ) ;
#1892 = ORIENTED_EDGE ( 'NONE', *, *, #9731, .T. ) ;
#1893 = ORIENTED_EDGE ( 'NONE', *, *, #3726, .F. ) ;
#1894 = FILL_AREA_STYLE ('',( #10187 ) ) ;
#1895 = CARTESIAN_POINT ( 'NONE',  ( -1.885000000000104814, -0.9719250235416100336, -4.336245315462229577 ) ) ;
#1896 = EDGE_CURVE ( 'NONE', #2458, #7871, #3964, .T. ) ;
#1897 = CARTESIAN_POINT ( 'NONE',  ( 0.9369484808778080209, -6.248777273997109916, -3.734999999852260277 ) ) ;
#1898 = VERTEX_POINT ( 'NONE', #8128 ) ;
#1899 = CARTESIAN_POINT ( 'NONE',  ( -5.080000000000000071, -3.750000000000000000, -3.329999999997769855 ) ) ;
#1900 = EDGE_CURVE ( 'NONE', #6212, #1697, #8309, .T. ) ;
#1901 = CARTESIAN_POINT ( 'NONE',  ( -0.6550000000000000266, -3.330669073875469621E-16, 1.667499999999999982 ) ) ;
#1902 = STYLED_ITEM ( 'NONE', ( #7807 ), #1636 ) ;
#1903 = FACE_OUTER_BOUND ( 'NONE', #3974, .T. ) ;
#1904 = EDGE_LOOP ( 'NONE', ( #10417, #2008, #5495, #6313, #6257, #8704, #6499, #764, #2980 ) ) ;
#1905 = EDGE_LOOP ( 'NONE', ( #1280, #6919, #9357, #10333 ) ) ;
#1906 = DIRECTION ( 'NONE',  ( -6.123031769111888756E-17, 0.0000000000000000000, -1.000000000000000000 ) ) ;
#1907 = DIRECTION ( 'NONE',  ( 6.123031769111888756E-17, 0.0000000000000000000, 1.000000000000000000 ) ) ;
#1908 = FILL_AREA_STYLE_COLOUR ( '', #8357 ) ;
#1909 = LINE ( 'NONE', #135, #6241 ) ;
#1910 = ADVANCED_FACE ( 'NONE', ( #5893 ), #8650, .T. ) ;
#1911 = DIRECTION ( 'NONE',  ( 0.0000000000000000000, 0.9848077530122136825, -0.1736481776668984678 ) ) ;
#1912 = CARTESIAN_POINT ( 'NONE',  ( 5.080000000000000071, -1.754506651265350214, 0.02920150240682060222 ) ) ;
#1913 = ORIENTED_EDGE ( 'NONE', *, *, #597, .F. ) ;
#1914 = PRESENTATION_LAYER_ASSIGNMENT (  '', '', ( #833 ) ) ;
#1915 = DIRECTION ( 'NONE',  ( -1.063253308502512041E-17, -0.9848077530122221201, -0.1736481776668505062 ) ) ;
#1916 = EDGE_CURVE ( 'NONE', #5611, #1643, #2938, .T. ) ;
#1917 = UNCERTAINTY_MEASURE_WITH_UNIT (LENGTH_MEASURE( 1.000000000000000082E-05 ), #8983, 'distance_accuracy_value', 'NONE');
#1918 = PLANE ( 'NONE',  #249 ) ;
#1919 = DIRECTION ( 'NONE',  ( -3.681132786215100208E-13, 1.000000000000000000, -4.507938599262890244E-29 ) ) ;
#1920 = DIRECTION ( 'NONE',  ( -1.000000000000000000, 0.0000000000000000000, 6.123031769111888756E-17 ) ) ;
#1921 = CARTESIAN_POINT ( 'NONE',  ( -3.294999999999674856, 3.650732037385749672E-05, -4.357628357563889665 ) ) ;
#1922 = CARTESIAN_POINT ( 'NONE',  ( -1.770000000000000018, -0.04322605824517099932, 4.500000000000000000 ) ) ;
#1923 = VERTEX_POINT ( 'NONE', #2278 ) ;
#1924 = PLANE ( 'NONE',  #6045 ) ;
#1925 = CARTESIAN_POINT ( 'NONE',  ( 2.674999999999999822, -3.750000000000104805, 3.734999999852264718 ) ) ;
#1926 = MECHANICAL_DESIGN_GEOMETRIC_PRESENTATION_REPRESENTATION (  '', ( #296 ), #2457 ) ;
#1927 = DIRECTION ( 'NONE',  ( 6.673570731747099829E-14, 1.000000000000000000, 1.730217700714489821E-16 ) ) ;
#1928 = AXIS2_PLACEMENT_3D ( 'NONE', #7176, #3098, #4742 ) ;
#1929 = ORIENTED_EDGE ( 'NONE', *, *, #67, .F. ) ;
#1930 =( NAMED_UNIT ( * ) PLANE_ANGLE_UNIT ( ) SI_UNIT ( $, .RADIAN. ) );
#1931 = EDGE_CURVE ( 'NONE', #1665, #5933, #7031, .T. ) ;
#1932 = VERTEX_POINT ( 'NONE', #419 ) ;
#1933 = LINE ( 'NONE', #702, #8425 ) ;
#1934 = LINE ( 'NONE', #8445, #2434 ) ;
#1935 = DIRECTION ( 'NONE',  ( -1.059417794895478013E-32, -1.000000000000000000, 1.730217700714529757E-16 ) ) ;
#1936 = DIRECTION ( 'NONE',  ( 0.2468892371169170985, 0.9690437062361153542, -1.525485509063870532E-16 ) ) ;
#1937 = DIRECTION ( 'NONE',  ( -1.000000000000000000, 0.0000000000000000000, 6.123031769111888756E-17 ) ) ;
#1938 = EDGE_CURVE ( 'NONE', #6195, #1052, #5113, .T. ) ;
#1939 = STYLED_ITEM ( 'NONE', ( #7705 ), #9705 ) ;
#1940 = COLOUR_RGB ( '',0.1411764705882352922, 0.1411764705882352922, 0.1411764705882352922 ) ;
#1941 = ORIENTED_EDGE ( 'NONE', *, *, #1277, .T. ) ;
#1942 = VECTOR ( 'NONE', #1352, 1000.000000000000114 ) ;
#1943 = EDGE_CURVE ( 'NONE', #1121, #598, #2693, .T. ) ;
#1944 = DIRECTION ( 'NONE',  ( -1.063253308502823887E-17, 0.9848077530122131273, -0.1736481776669020483 ) ) ;
#1945 = DIRECTION ( 'NONE',  ( -1.224606353822375779E-16, 0.0000000000000000000, 1.000000000000000000 ) ) ;
#1946 = DIRECTION ( 'NONE',  ( -6.123031769111888756E-17, 1.836909530733564901E-16, -1.000000000000000000 ) ) ;
#1947 = ORIENTED_EDGE ( 'NONE', *, *, #6030, .T. ) ;
#1948 = VECTOR ( 'NONE', #2378, 1000.000000000000000 ) ;
#1949 = DIRECTION ( 'NONE',  ( -3.240339941653820604E-20, -0.9999998599709450930, -0.0005292051493183439707 ) ) ;
#1950 = VECTOR ( 'NONE', #2277, 1000.000000000000000 ) ;
#1951 = ORIENTED_EDGE ( 'NONE', *, *, #1859, .T. ) ;
#1952 = CARTESIAN_POINT ( 'NONE',  ( -4.143051519122194826, -6.248777273997109916, -3.884999999852260189 ) ) ;
#1953 = DIRECTION ( 'NONE',  ( 1.000000000000000000, 0.0000000000000000000, 6.123031769111888756E-17 ) ) ;
#1954 = CYLINDRICAL_SURFACE ( 'NONE', #5008, 0.2748194203352921083 ) ;
#1955 = EDGE_CURVE ( 'NONE', #7649, #10274, #802, .T. ) ;
#1956 = DIRECTION ( 'NONE',  ( -1.144914669571143966E-32, -1.000000000000000000, -1.869849304631664997E-16 ) ) ;
#1957 = CARTESIAN_POINT ( 'NONE',  ( -4.809999999999999609, -5.325000000000000178, 3.884999999852265073 ) ) ;
#1958 = CARTESIAN_POINT ( 'NONE',  ( 5.080000000000000071, -4.099999999999909939, 3.329999999997765414 ) ) ;
#1959 = AXIS2_PLACEMENT_3D ( 'NONE', #175, #9991, #1781 ) ;
#1960 = ADVANCED_FACE ( 'NONE', ( #292 ), #10437, .T. ) ;
#1961 = ORIENTED_EDGE ( 'NONE', *, *, #10393, .T. ) ;
#1962 = SURFACE_STYLE_USAGE ( .BOTH. , #6853 ) ;
#1963 = FACE_OUTER_BOUND ( 'NONE', #3305, .T. ) ;
#1964 = VECTOR ( 'NONE', #912, 1000.000000000000000 ) ;
#1965 = SURFACE_STYLE_FILL_AREA ( #6124 ) ;
#1966 = ORIENTED_EDGE ( 'NONE', *, *, #4387, .F. ) ;
#1967 = ORIENTED_EDGE ( 'NONE', *, *, #8861, .T. ) ;
#1968 = DIRECTION ( 'NONE',  ( 3.342835721018934545E-31, 1.000000000000000000, 5.459445332101871020E-15 ) ) ;
#1969 = EDGE_LOOP ( 'NONE', ( #4526, #7503, #9663, #5066, #4744, #9630, #4084, #9885 ) ) ;
#1970 = FILL_AREA_STYLE ('',( #1908 ) ) ;
#1971 = COLOUR_RGB ( '',0.1411764705882352922, 0.1411764705882352922, 0.1411764705882352922 ) ;
#1972 = VERTEX_POINT ( 'NONE', #3793 ) ;
#1973 = VERTEX_POINT ( 'NONE', #2498 ) ;
#1974 = UNCERTAINTY_MEASURE_WITH_UNIT (LENGTH_MEASURE( 1.000000000000000082E-05 ), #1143, 'distance_accuracy_value', 'NONE');
#1975 = PRESENTATION_STYLE_ASSIGNMENT (( #8779 ) ) ;
#1976 = LINE ( 'NONE', #2739, #10377 ) ;
#1977 = LINE ( 'NONE', #2694, #3878 ) ;
#1978 = EDGE_CURVE ( 'NONE', #6414, #9818, #6528, .T. ) ;
#1979 = ORIENTED_EDGE ( 'NONE', *, *, #2347, .T. ) ;
#1980 = ORIENTED_EDGE ( 'NONE', *, *, #10393, .F. ) ;
#1981 = ORIENTED_EDGE ( 'NONE', *, *, #7165, .T. ) ;
#1982 = VECTOR ( 'NONE', #1968, 1000.000000000000000 ) ;
#1983 = EDGE_LOOP ( 'NONE', ( #7325, #3530, #9992, #2122, #1658, #10254, #2039, #10356, #3120 ) ) ;
#1984 = PLANE ( 'NONE',  #4808 ) ;
#1985 = DIRECTION ( 'NONE',  ( -6.030009158161699333E-17, -0.1736481776666925214, 0.9848077530122499867 ) ) ;
#1986 = SURFACE_STYLE_FILL_AREA ( #10141 ) ;
#1987 = PLANE ( 'NONE',  #2404 ) ;
#1988 = CARTESIAN_POINT ( 'NONE',  ( -0.2700000000000000178, -7.250000000000000000, -3.884999999852265073 ) ) ;
#1989 =( GEOMETRIC_REPRESENTATION_CONTEXT ( 3 ) GLOBAL_UNCERTAINTY_ASSIGNED_CONTEXT ( ( #6816 ) ) GLOBAL_UNIT_ASSIGNED_CONTEXT ( ( #5698, #821, #6519 ) ) REPRESENTATION_CONTEXT ( 'NONE', 'WORKASPACE' ) );
#1990 = EDGE_LOOP ( 'NONE', ( #4809, #1498, #6691, #610 ) ) ;
#1991 = DIRECTION ( 'NONE',  ( 1.000000000000000000, 2.273736754434390162E-12, -4.009823671528949589E-13 ) ) ;
#1992 = PRESENTATION_LAYER_ASSIGNMENT (  '', '', ( #913 ) ) ;
#1993 = LINE ( 'NONE', #6622, #10394 ) ;
#1994 = DIRECTION ( 'NONE',  ( 0.0000000000000000000, 1.000000000000000000, 0.0000000000000000000 ) ) ;
#1995 = ORIENTED_EDGE ( 'NONE', *, *, #4846, .T. ) ;
#1996 = FILL_AREA_STYLE_COLOUR ( '', #7702 ) ;
#1997 = EDGE_CURVE ( 'NONE', #832, #1580, #8927, .T. ) ;
#1998 = DIRECTION ( 'NONE',  ( 1.224606353822375779E-16, 0.0000000000000000000, -1.000000000000000000 ) ) ;
#1999 = ORIENTED_EDGE ( 'NONE', *, *, #2686, .F. ) ;
#2000 = ORIENTED_EDGE ( 'NONE', *, *, #1629, .T. ) ;
#2001 = CYLINDRICAL_SURFACE ( 'NONE', #8799, 0.2748194203352921083 ) ;
#2002 = CARTESIAN_POINT ( 'NONE',  ( -4.309999999999999609, -2.180000000000000160, 2.185105896938289938 ) ) ;
#2003 = ORIENTED_EDGE ( 'NONE', *, *, #9226, .F. ) ;
#2004 = LINE ( 'NONE', #7287, #10161 ) ;
#2005 = DIRECTION ( 'NONE',  ( 1.224606353822375779E-16, 0.0000000000000000000, -1.000000000000000000 ) ) ;
#2006 = ORIENTED_EDGE ( 'NONE', *, *, #1943, .F. ) ;
#2007 = DIRECTION ( 'NONE',  ( -1.000000000000000000, 2.273736754434390162E-12, 4.008599065175130241E-13 ) ) ;
#2008 = ORIENTED_EDGE ( 'NONE', *, *, #1495, .F. ) ;
#2009 = SURFACE_STYLE_FILL_AREA ( #8941 ) ;
#2010 = EDGE_CURVE ( 'NONE', #3073, #6073, #2178, .T. ) ;
#2011 = ORIENTED_EDGE ( 'NONE', *, *, #3174, .F. ) ;
#2012 = ORIENTED_EDGE ( 'NONE', *, *, #8931, .F. ) ;
#2013 = LINE ( 'NONE', #4467, #6095 ) ;
#2014 = EDGE_CURVE ( 'NONE', #2727, #9293, #8672, .T. ) ;
#2015 = ADVANCED_FACE ( 'NONE', ( #4094 ), #10339, .T. ) ;
#2016 = ORIENTED_EDGE ( 'NONE', *, *, #1289, .F. ) ;
#2017 = VERTEX_POINT ( 'NONE', #1276 ) ;
#2018 = EDGE_CURVE ( 'NONE', #9431, #8162, #41, .T. ) ;
#2019 = CARTESIAN_POINT ( 'NONE',  ( -0.6550000000000000266, -1.364496228814613854, -4.336037564729834592 ) ) ;
#2020 = PRESENTATION_STYLE_ASSIGNMENT (( #9788 ) ) ;
#2021 = CARTESIAN_POINT ( 'NONE',  ( -3.795893264020365088, -7.250000000000000000, 3.809999999852264896 ) ) ;
#2022 = DIRECTION ( 'NONE',  ( 1.000000000000000000, 0.0000000000000000000, 6.123031769111888756E-17 ) ) ;
#2023 = AXIS2_PLACEMENT_3D ( 'NONE', #6973, #7731, #5319 ) ;
#2024 = DIRECTION ( 'NONE',  ( 0.2468892371169171263, -0.9690437062361154652, 0.0000000000000000000 ) ) ;
#2025 = ORIENTED_EDGE ( 'NONE', *, *, #9181, .F. ) ;
#2026 = PLANE ( 'NONE',  #8990 ) ;
#2027 = DIRECTION ( 'NONE',  ( 1.000000000000000000, 0.0000000000000000000, -6.123031769111888756E-17 ) ) ;
#2028 = EDGE_CURVE ( 'NONE', #7988, #375, #1934, .T. ) ;
#2029 = CARTESIAN_POINT ( 'NONE',  ( 1.270000000000000018, -0.6800000000000000488, -2.169999999999999929 ) ) ;
#2030 = DIRECTION ( 'NONE',  ( 0.0000000000000000000, 1.000000000000000000, 0.0000000000000000000 ) ) ;
#2031 = ORIENTED_EDGE ( 'NONE', *, *, #1695, .F. ) ;
#2032 = AXIS2_PLACEMENT_3D ( 'NONE', #7023, #2940, #8648 ) ;
#2033 = ORIENTED_EDGE ( 'NONE', *, *, #6470, .T. ) ;
#2034 = DIRECTION ( 'NONE',  ( 6.123031769111888756E-17, -1.196703554964752142E-12, 1.000000000000000000 ) ) ;
#2035 = PRESENTATION_LAYER_ASSIGNMENT (  '', '', ( #955 ) ) ;
#2036 = CARTESIAN_POINT ( 'NONE',  ( -5.080000000000000071, -4.100000000000365574, -3.329999999997769855 ) ) ;
#2037 = VECTOR ( 'NONE', #8082, 1000.000000000000000 ) ;
#2038 = DIRECTION ( 'NONE',  ( 0.0000000000000000000, -0.1736481776666925214, -0.9848077530122499867 ) ) ;
#2039 = ORIENTED_EDGE ( 'NONE', *, *, #6856, .T. ) ;
#2040 =( GEOMETRIC_REPRESENTATION_CONTEXT ( 3 ) GLOBAL_UNCERTAINTY_ASSIGNED_CONTEXT ( ( #1332 ) ) GLOBAL_UNIT_ASSIGNED_CONTEXT ( ( #4232, #9949, #5059 ) ) REPRESENTATION_CONTEXT ( 'NONE', 'WORKASPACE' ) );
#2041 = ORIENTED_EDGE ( 'NONE', *, *, #3048, .T. ) ;
#2042 = ORIENTED_EDGE ( 'NONE', *, *, #380, .F. ) ;
#2043 =( GEOMETRIC_REPRESENTATION_CONTEXT ( 3 ) GLOBAL_UNCERTAINTY_ASSIGNED_CONTEXT ( ( #9336 ) ) GLOBAL_UNIT_ASSIGNED_CONTEXT ( ( #9059, #4196, #9899 ) ) REPRESENTATION_CONTEXT ( 'NONE', 'WORKASPACE' ) );
#2044 = ORIENTED_EDGE ( 'NONE', *, *, #5670, .T. ) ;
#2045 =( LENGTH_UNIT ( ) NAMED_UNIT ( * ) SI_UNIT ( .MILLI., .METRE. ) );
#2046 = EDGE_CURVE ( 'NONE', #2519, #10000, #6016, .T. ) ;
#2047 = DIRECTION ( 'NONE',  ( -1.224606353822375779E-16, 0.0000000000000000000, 1.000000000000000000 ) ) ;
#2048 = DIRECTION ( 'NONE',  ( -1.224606353822375779E-16, 0.0000000000000000000, 1.000000000000000000 ) ) ;
#2049 = DIRECTION ( 'NONE',  ( 1.063253308502823887E-17, -0.9848077530122131273, -0.1736481776669020483 ) ) ;
#2050 = PLANE ( 'NONE',  #4315 ) ;
#2051 = DIRECTION ( 'NONE',  ( -1.000000000000000000, 0.0000000000000000000, 6.123031769111888756E-17 ) ) ;
#2052 = CARTESIAN_POINT ( 'NONE',  ( -0.9369484808778090201, -6.248777273997109916, 3.884999999852265073 ) ) ;
#2053 = DIRECTION ( 'NONE',  ( -1.000000000000000000, 0.0000000000000000000, 6.123031769111888756E-17 ) ) ;
#2054 = DIRECTION ( 'NONE',  ( 6.123031769111888756E-17, 0.0000000000000000000, -1.000000000000000000 ) ) ;
#2055 = STYLED_ITEM ( 'NONE', ( #9235 ), #8919 ) ;
#2056 = CYLINDRICAL_SURFACE ( 'NONE', #10513, 0.1000000000000807049 ) ;
#2057 = ADVANCED_FACE ( 'NONE', ( #7926 ), #9518, .T. ) ;
#2058 = CARTESIAN_POINT ( 'NONE',  ( 0.6549999999998770139, -1.699963492679900101, 10.25999999999999979 ) ) ;
#2059 = DIRECTION ( 'NONE',  ( 6.123031769111888756E-17, 0.0000000000000000000, 1.000000000000000000 ) ) ;
#2060 = LINE ( 'NONE', #4736, #8308 ) ;
#2061 = AXIS2_PLACEMENT_3D ( 'NONE', #4122, #9825, #4950 ) ;
#2062 = PLANE ( 'NONE',  #643 ) ;
#2063 = PRESENTATION_STYLE_ASSIGNMENT (( #6914 ) ) ;
#2064 = EDGE_CURVE ( 'NONE', #1270, #5659, #5757, .T. ) ;
#2065 = VECTOR ( 'NONE', #5764, 1000.000000000000000 ) ;
#2066 = FILL_AREA_STYLE ('',( #4473 ) ) ;
#2067 = DIRECTION ( 'NONE',  ( 6.123031769111888756E-17, -1.836909530733564901E-16, 1.000000000000000000 ) ) ;
#2068 = VECTOR ( 'NONE', #8926, 1000.000000000000000 ) ;
#2069 = EDGE_LOOP ( 'NONE', ( #4155, #8085, #611, #1392 ) ) ;
#2070 = VECTOR ( 'NONE', #1171, 1000.000000000000000 ) ;
#2071 = ADVANCED_FACE ( 'NONE', ( #10086 ), #3123, .T. ) ;
#2072 = EDGE_CURVE ( 'NONE', #5289, #3587, #663, .T. ) ;
#2073 = PRESENTATION_LAYER_ASSIGNMENT (  '', '', ( #1547 ) ) ;
#2074 = EDGE_LOOP ( 'NONE', ( #2215, #7382, #7058, #3544 ) ) ;
#2075 = VECTOR ( 'NONE', #2059, 1000.000000000000000 ) ;
#2076 = VECTOR ( 'NONE', #1927, 1000.000000000000000 ) ;
#2077 = EDGE_LOOP ( 'NONE', ( #4847, #8219, #224, #3139 ) ) ;
#2078 = EDGE_CURVE ( 'NONE', #9454, #9378, #7154, .T. ) ;
#2079 = FACE_OUTER_BOUND ( 'NONE', #1527, .T. ) ;
#2080 = CARTESIAN_POINT ( 'NONE',  ( -0.9800000000011600543, -3.750000000001014744, 7.232499999999490115 ) ) ;
#2081 = CARTESIAN_POINT ( 'NONE',  ( -3.194999999999999840, -0.5070092621839650260, -4.418222507946190092 ) ) ;
#2082 = CARTESIAN_POINT ( 'NONE',  ( -0.2700000000000000178, -1.071254713756893961, -4.063030467039109972 ) ) ;
#2083 = DIRECTION ( 'NONE',  ( -6.123031769111888756E-17, 0.0000000000000000000, -1.000000000000000000 ) ) ;
#2084 = PLANE ( 'NONE',  #636 ) ;
#2085 = ORIENTED_EDGE ( 'NONE', *, *, #6256, .T. ) ;
#2086 = EDGE_CURVE ( 'NONE', #9133, #1932, #2805, .T. ) ;
#2087 = ORIENTED_EDGE ( 'NONE', *, *, #2755, .F. ) ;
#2088 = CARTESIAN_POINT ( 'NONE',  ( 4.375000000000280664, 3.650732014648385516E-05, -10.25999999999999979 ) ) ;
#2089 = VECTOR ( 'NONE', #2792, 1000.000000000000000 ) ;
#2090 = CARTESIAN_POINT ( 'NONE',  ( -3.194999999999764917, 3.650731991911014584E-05, 4.357628357563815058 ) ) ;
#2091 = LINE ( 'NONE', #4577, #6172 ) ;
#2092 = COLOUR_RGB ( '',0.1411764705882352922, 0.1411764705882352922, 0.1411764705882352922 ) ;
#2093 = AXIS2_PLACEMENT_3D ( 'NONE', #1570, #6441, #761 ) ;
#2094 = PLANE ( 'NONE',  #3067 ) ;
#2095 = CARTESIAN_POINT ( 'NONE',  ( 3.194999999999999840, -2.180000000000000160, 3.334999999999999964 ) ) ;
#2096 = ORIENTED_EDGE ( 'NONE', *, *, #10375, .T. ) ;
#2097 = LINE ( 'NONE', #6458, #3998 ) ;
#2098 = ORIENTED_EDGE ( 'NONE', *, *, #6552, .F. ) ;
#2099 = CARTESIAN_POINT ( 'NONE',  ( 1.885000000000000009, -1.699963492679900101, 10.25999999999999979 ) ) ;
#2100 = COLOUR_RGB ( '',0.1411764705882352922, 0.1411764705882352922, 0.1411764705882352922 ) ;
#2101 = EDGE_LOOP ( 'NONE', ( #8646, #5387, #7786, #7694 ) ) ;
#2102 = UNCERTAINTY_MEASURE_WITH_UNIT (LENGTH_MEASURE( 1.000000000000000082E-05 ), #1760, 'distance_accuracy_value', 'NONE');
#2103 = LINE ( 'NONE', #4445, #4004 ) ;
#2104 = DIRECTION ( 'NONE',  ( -0.9690437062360581777, -0.2468892371171420574, -1.186697079788262602E-16 ) ) ;
#2105 = ORIENTED_EDGE ( 'NONE', *, *, #3820, .T. ) ;
#2106 = STYLED_ITEM ( 'NONE', ( #10397 ), #6459 ) ;
#2107 = CARTESIAN_POINT ( 'NONE',  ( 0.9369484808778080209, -6.248777273997109916, -3.884999999852265073 ) ) ;
#2108 =( LENGTH_UNIT ( ) NAMED_UNIT ( * ) SI_UNIT ( .MILLI., .METRE. ) );
#2109 = VECTOR ( 'NONE', #8113, 1000.000000000000114 ) ;
#2110 =( LENGTH_UNIT ( ) NAMED_UNIT ( * ) SI_UNIT ( .MILLI., .METRE. ) );
#2111 = LINE ( 'NONE', #9275, #6447 ) ;
#2112 = ORIENTED_EDGE ( 'NONE', *, *, #8766, .T. ) ;
#2113 = STYLED_ITEM ( 'NONE', ( #7010 ), #2796 ) ;
#2114 = ORIENTED_EDGE ( 'NONE', *, *, #9094, .T. ) ;
#2115 = VECTOR ( 'NONE', #4189, 1000.000000000000000 ) ;
#2116 = VERTEX_POINT ( 'NONE', #8663 ) ;
#2117 = EDGE_CURVE ( 'NONE', #1213, #5815, #8791, .T. ) ;
#2118 = ADVANCED_FACE ( 'NONE', ( #4719 ), #2402, .T. ) ;
#2119 = ORIENTED_EDGE ( 'NONE', *, *, #45, .T. ) ;
#2120 = SURFACE_STYLE_FILL_AREA ( #5872 ) ;
#2121 = CARTESIAN_POINT ( 'NONE',  ( 1.885000000000000009, -0.5070092621839650260, -4.418222507946190092 ) ) ;
#2122 = ORIENTED_EDGE ( 'NONE', *, *, #9760, .F. ) ;
#2123 = CARTESIAN_POINT ( 'NONE',  ( 2.270000000000000018, -7.250000000000000000, -3.809999999852264896 ) ) ;
#2124 = STYLED_ITEM ( 'NONE', ( #5356 ), #8316 ) ;
#2125 = ORIENTED_EDGE ( 'NONE', *, *, #8876, .T. ) ;
#2126 = EDGE_LOOP ( 'NONE', ( #2757, #5955, #9971, #6464, #7245, #6176, #1582, #2597 ) ) ;
#2127 = CARTESIAN_POINT ( 'NONE',  ( 1.905000000000000027, 3.885780586188049864E-16, -2.169999999999999929 ) ) ;
#2128 = CARTESIAN_POINT ( 'NONE',  ( -2.270000000000000018, -0.9719250235416100336, 4.186245315462254979 ) ) ;
#2129 = LINE ( 'NONE', #9457, #6724 ) ;
#2130 = DIRECTION ( 'NONE',  ( -3.228643919281117811E-17, 0.8496822954477646350, -0.5272949808244127290 ) ) ;
#2131 = VERTEX_POINT ( 'NONE', #10480 ) ;
#2132 =( NAMED_UNIT ( * ) SI_UNIT ( $, .STERADIAN. ) SOLID_ANGLE_UNIT ( ) );
#2133 = AXIS2_PLACEMENT_3D ( 'NONE', #258, #6088, #1208 ) ;
#2134 = ADVANCED_FACE ( 'NONE', ( #5887 ), #6628, .T. ) ;
#2135 = EDGE_CURVE ( 'NONE', #6852, #9762, #1557, .T. ) ;
#2136 = FACE_OUTER_BOUND ( 'NONE', #1783, .T. ) ;
#2137 = SURFACE_SIDE_STYLE ('',( #9924 ) ) ;
#2138 = VERTEX_POINT ( 'NONE', #3178 ) ;
#2139 = DIRECTION ( 'NONE',  ( -1.000000000000000000, 0.0000000000000000000, 6.123031769111888756E-17 ) ) ;
#2140 = FACE_OUTER_BOUND ( 'NONE', #3254, .T. ) ;
#2141 = DIRECTION ( 'NONE',  ( -6.030009158161467605E-17, -0.1736481776669020483, 0.9848077530122131273 ) ) ;
#2142 = ORIENTED_EDGE ( 'NONE', *, *, #7198, .T. ) ;
#2143 = VERTEX_POINT ( 'NONE', #8104 ) ;
#2144 = FILL_AREA_STYLE ('',( #1330 ) ) ;
#2145 = PRESENTATION_STYLE_ASSIGNMENT (( #5921 ) ) ;
#2146 = EDGE_CURVE ( 'NONE', #5167, #7097, #8045, .T. ) ;
#2147 = ORIENTED_EDGE ( 'NONE', *, *, #8097, .T. ) ;
#2148 = CARTESIAN_POINT ( 'NONE',  ( 0.6550000000000000266, -3.330669073875469621E-16, 1.667499999999999982 ) ) ;
#2149 = EDGE_CURVE ( 'NONE', #3861, #2349, #10217, .T. ) ;
#2150 = VECTOR ( 'NONE', #6187, 1000.000000000000000 ) ;
#2151 = ORIENTED_EDGE ( 'NONE', *, *, #10519, .T. ) ;
#2152 = ORIENTED_EDGE ( 'NONE', *, *, #6235, .T. ) ;
#2153 = EDGE_CURVE ( 'NONE', #8771, #9454, #7800, .T. ) ;
#2154 = DIRECTION ( 'NONE',  ( 6.123031769111888756E-17, -1.730217700714529757E-16, -1.000000000000000000 ) ) ;
#2155 = CARTESIAN_POINT ( 'NONE',  ( 1.885000000000234932, 8.272839892444299875E-16, -4.503673019291570156 ) ) ;
#2156 = CARTESIAN_POINT ( 'NONE',  ( 0.2700000000000000178, -2.048462511770785088, 4.335675606200250165 ) ) ;
#2157 =( GEOMETRIC_REPRESENTATION_CONTEXT ( 3 ) GLOBAL_UNCERTAINTY_ASSIGNED_CONTEXT ( ( #105 ) ) GLOBAL_UNIT_ASSIGNED_CONTEXT ( ( #9526, #1837, #10482 ) ) REPRESENTATION_CONTEXT ( 'NONE', 'WORKASPACE' ) );
#2158 = EDGE_LOOP ( 'NONE', ( #2756, #3557, #2473, #9557 ) ) ;
#2159 = DIRECTION ( 'NONE',  ( 6.687461042448720151E-14, 1.000000000000000000, 0.0000000000000000000 ) ) ;
#2160 = DIRECTION ( 'NONE',  ( -0.2468892371171420297, -0.9690437062360580667, -1.525485509063630176E-16 ) ) ;
#2161 = FILL_AREA_STYLE ('',( #7050 ) ) ;
#2162 = CARTESIAN_POINT ( 'NONE',  ( -0.9800000000000199663, -6.417755088244880390, -10.25999999999999979 ) ) ;
#2163 = COLOUR_RGB ( '',0.1411764705882352922, 0.1411764705882352922, 0.1411764705882352922 ) ;
#2164 = SURFACE_SIDE_STYLE ('',( #8378 ) ) ;
#2165 = PRESENTATION_LAYER_ASSIGNMENT (  '', '', ( #1642 ) ) ;
#2166 = ORIENTED_EDGE ( 'NONE', *, *, #4525, .F. ) ;
#2167 = STYLED_ITEM ( 'NONE', ( #157 ), #2356 ) ;
#2168 = DIRECTION ( 'NONE',  ( -5.202631688678575633E-17, -0.5272949808244126180, -0.8496822954477645240 ) ) ;
#2169 = VECTOR ( 'NONE', #2022, 1000.000000000000000 ) ;
#2170 = CARTESIAN_POINT ( 'NONE',  ( -1.885000000000000009, -0.6800000000000000488, 3.334999999999999964 ) ) ;
#2171 = ORIENTED_EDGE ( 'NONE', *, *, #4940, .T. ) ;
#2172 = CARTESIAN_POINT ( 'NONE',  ( 1.269999999999974039, -7.150999999999920753, 3.734999999852264718 ) ) ;
#2173 = ADVANCED_FACE ( 'NONE', ( #3476 ), #4743, .F. ) ;
#2174 = DIRECTION ( 'NONE',  ( 1.732471668143100266E-26, 2.596018638148705187E-13, 1.000000000000000000 ) ) ;
#2175 = ORIENTED_EDGE ( 'NONE', *, *, #4049, .F. ) ;
#2176 = LINE ( 'NONE', #9584, #6526 ) ;
#2177 = AXIS2_PLACEMENT_3D ( 'NONE', #1718, #7413, #2530 ) ;
#2178 = CIRCLE ( 'NONE', #5299, 0.1000000000000804967 ) ;
#2179 = AXIS2_PLACEMENT_3D ( 'NONE', #8148, #8951, #4076 ) ;
#2180 = DIRECTION ( 'NONE',  ( -1.144914669571143966E-32, -1.000000000000000000, -1.869849304631664997E-16 ) ) ;
#2181 =( NAMED_UNIT ( * ) SI_UNIT ( $, .STERADIAN. ) SOLID_ANGLE_UNIT ( ) );
#2182 = EDGE_CURVE ( 'NONE', #6699, #4238, #6777, .T. ) ;
#2183 = CARTESIAN_POINT ( 'NONE',  ( 0.6549999999997659916, -0.04322605824517084666, 4.500000000000000000 ) ) ;
#2184 =( LENGTH_UNIT ( ) NAMED_UNIT ( * ) SI_UNIT ( .MILLI., .METRE. ) );
#2185 = VECTOR ( 'NONE', #2377, 1000.000000000000000 ) ;
#2186 = EDGE_LOOP ( 'NONE', ( #1471, #8755, #6285, #2754 ) ) ;
#2187 = LINE ( 'NONE', #4593, #1942 ) ;
#2188 = PRESENTATION_STYLE_ASSIGNMENT (( #2915 ) ) ;
#2189 = APPLICATION_CONTEXT ( 'automotive_design' ) ;
#2190 = CARTESIAN_POINT ( 'NONE',  ( 3.713407417371199948, -7.176881904510220345, 3.734999999852264718 ) ) ;
#2191 =( GEOMETRIC_REPRESENTATION_CONTEXT ( 3 ) GLOBAL_UNCERTAINTY_ASSIGNED_CONTEXT ( ( #1599 ) ) GLOBAL_UNIT_ASSIGNED_CONTEXT ( ( #8338, #3477, #9153 ) ) REPRESENTATION_CONTEXT ( 'NONE', 'WORKASPACE' ) );
#2192 = EDGE_LOOP ( 'NONE', ( #10314, #3754, #6120, #8196 ) ) ;
#2193 = DIRECTION ( 'NONE',  ( 1.000000000000000000, 0.0000000000000000000, -6.123031769111888756E-17 ) ) ;
#2194 = CARTESIAN_POINT ( 'NONE',  ( -4.425000000000224532, -0.08215671584652960158, -4.489186573641415379 ) ) ;
#2195 = LINE ( 'NONE', #2300, #8443 ) ;
#2196 = CARTESIAN_POINT ( 'NONE',  ( -5.080000000000000071, 8.272839892444299875E-16, -4.503673019291570156 ) ) ;
#2197 = DIRECTION ( 'NONE',  ( 6.123031769111888756E-17, 0.0000000000000000000, 1.000000000000000000 ) ) ;
#2198 = EDGE_CURVE ( 'NONE', #8722, #4552, #8917, .T. ) ;
#2199 = LINE ( 'NONE', #3886, #8949 ) ;
#2200 = ORIENTED_EDGE ( 'NONE', *, *, #2357, .F. ) ;
#2201 = CARTESIAN_POINT ( 'NONE',  ( -3.310000000000000053, -2.180000000000000160, -4.335605995874404428 ) ) ;
#2202 = SURFACE_STYLE_FILL_AREA ( #10043 ) ;
#2203 = EDGE_CURVE ( 'NONE', #2627, #30, #4584, .T. ) ;
#2204 = VERTEX_POINT ( 'NONE', #4904 ) ;
#2205 = DIRECTION ( 'NONE',  ( 1.000000000000000000, 0.0000000000000000000, 6.123031769111888756E-17 ) ) ;
#2206 = ORIENTED_EDGE ( 'NONE', *, *, #567, .F. ) ;
#2207 = PLANE ( 'NONE',  #2249 ) ;
#2208 = VECTOR ( 'NONE', #7420, 1000.000000000000000 ) ;
#2209 =( NAMED_UNIT ( * ) PLANE_ANGLE_UNIT ( ) SI_UNIT ( $, .RADIAN. ) );
#2210 = ORIENTED_EDGE ( 'NONE', *, *, #514, .T. ) ;
#2211 = EDGE_CURVE ( 'NONE', #1239, #248, #2427, .T. ) ;
#2212 = AXIS2_PLACEMENT_3D ( 'NONE', #8372, #10012, #5116 ) ;
#2213 = CARTESIAN_POINT ( 'NONE',  ( 4.099999999998840572, -3.750000000000144773, 3.884999999852260189 ) ) ;
#2214 = VERTEX_POINT ( 'NONE', #5111 ) ;
#2215 = ORIENTED_EDGE ( 'NONE', *, *, #1122, .F. ) ;
#2216 = EDGE_CURVE ( 'NONE', #9646, #2767, #8417, .T. ) ;
#2217 = VECTOR ( 'NONE', #4619, 1000.000000000000000 ) ;
#2218 = ORIENTED_EDGE ( 'NONE', *, *, #2396, .F. ) ;
#2219 = DIRECTION ( 'NONE',  ( -3.681132786215100208E-13, 1.000000000000000000, -4.507938599262890244E-29 ) ) ;
#2220 = CARTESIAN_POINT ( 'NONE',  ( 0.7549999999996720446, 3.650732014648385516E-05, -4.357628357563855026 ) ) ;
#2221 = ORIENTED_EDGE ( 'NONE', *, *, #7895, .T. ) ;
#2222 = VECTOR ( 'NONE', #1434, 1000.000000000000000 ) ;
#2223 = LINE ( 'NONE', #5120, #6306 ) ;
#2224 = SURFACE_SIDE_STYLE ('',( #10545 ) ) ;
#2225 = DIRECTION ( 'NONE',  ( 1.000000000000000000, 0.0000000000000000000, 6.123031769111888756E-17 ) ) ;
#2226 = VECTOR ( 'NONE', #1051, 1000.000000000000000 ) ;
#2227 = UNCERTAINTY_MEASURE_WITH_UNIT (LENGTH_MEASURE( 1.000000000000000082E-05 ), #10429, 'distance_accuracy_value', 'NONE');
#2228 = ADVANCED_FACE ( 'NONE', ( #8664 ), #3699, .F. ) ;
#2229 = ORIENTED_EDGE ( 'NONE', *, *, #3243, .F. ) ;
#2230 = ORIENTED_EDGE ( 'NONE', *, *, #7617, .T. ) ;
#2231 = CARTESIAN_POINT ( 'NONE',  ( -4.424999999999999822, -1.308111948986800055, 3.923659150360660153 ) ) ;
#2232 = ORIENTED_EDGE ( 'NONE', *, *, #5482, .T. ) ;
#2233 = LINE ( 'NONE', #6031, #6316 ) ;
#2234 = VERTEX_POINT ( 'NONE', #2789 ) ;
#2235 = STYLED_ITEM ( 'NONE', ( #2188 ), #1772 ) ;
#2236 = UNCERTAINTY_MEASURE_WITH_UNIT (LENGTH_MEASURE( 1.000000000000000082E-05 ), #8485, 'distance_accuracy_value', 'NONE');
#2237 = VECTOR ( 'NONE', #9284, 1000.000000000000000 ) ;
#2238 = ORIENTED_EDGE ( 'NONE', *, *, #8292, .F. ) ;
#2239 = CARTESIAN_POINT ( 'NONE',  ( -3.194999999999764917, 7.771561172376099727E-16, -4.357621920338319299 ) ) ;
#2240 = PLANE ( 'NONE',  #7659 ) ;
#2241 = FACE_BOUND ( 'NONE', #1348, .T. ) ;
#2242 = CARTESIAN_POINT ( 'NONE',  ( -0.9369484808778090201, -6.248777273997109916, 3.734999999852260277 ) ) ;
#2243 = VECTOR ( 'NONE', #9197, 1000.000000000000000 ) ;
#2244 = ORIENTED_EDGE ( 'NONE', *, *, #3309, .F. ) ;
#2245 = ORIENTED_EDGE ( 'NONE', *, *, #4103, .T. ) ;
#2246 = SURFACE_STYLE_FILL_AREA ( #809 ) ;
#2247 = ORIENTED_EDGE ( 'NONE', *, *, #3292, .F. ) ;
#2248 = LINE ( 'NONE', #3158, #4167 ) ;
#2249 = AXIS2_PLACEMENT_3D ( 'NONE', #1384, #7918, #3028 ) ;
#2250 = VERTEX_POINT ( 'NONE', #7733 ) ;
#2251 = SURFACE_STYLE_USAGE ( .BOTH. , #7132 ) ;
#2252 = CARTESIAN_POINT ( 'NONE',  ( 5.080000000000000071, -4.099999999999679900, -2.330000000000270077 ) ) ;
#2253 = DIRECTION ( 'NONE',  ( 0.2468892371171420297, 0.9690437062360580667, 1.525485509063630176E-16 ) ) ;
#2254 = PRESENTATION_LAYER_ASSIGNMENT (  '', '', ( #1169 ) ) ;
#2255 = ORIENTED_EDGE ( 'NONE', *, *, #4064, .F. ) ;
#2256 = EDGE_CURVE ( 'NONE', #3159, #3914, #9826, .T. ) ;
#2257 = EDGE_LOOP ( 'NONE', ( #3687, #3571, #1727, #7672 ) ) ;
#2258 = FACE_OUTER_BOUND ( 'NONE', #8497, .T. ) ;
#2259 = ORIENTED_EDGE ( 'NONE', *, *, #2773, .F. ) ;
#2260 = ORIENTED_EDGE ( 'NONE', *, *, #6053, .F. ) ;
#2261 =( NAMED_UNIT ( * ) SI_UNIT ( $, .STERADIAN. ) SOLID_ANGLE_UNIT ( ) );
#2262 = LINE ( 'NONE', #4408, #128 ) ;
#2263 = AXIS2_PLACEMENT_3D ( 'NONE', #2779, #9296, #4423 ) ;
#2264 = DIRECTION ( 'NONE',  ( 6.673570731747099829E-14, -1.000000000000000000, 8.172497120780549775E-30 ) ) ;
#2265 = DIRECTION ( 'NONE',  ( -6.123030911709541608E-17, -0.0005292051493183440791, -0.9999998599709452041 ) ) ;
#2266 =( NAMED_UNIT ( * ) SI_UNIT ( $, .STERADIAN. ) SOLID_ANGLE_UNIT ( ) );
#2267 = EDGE_LOOP ( 'NONE', ( #6, #8319, #5071, #481 ) ) ;
#2268 = AXIS2_PLACEMENT_3D ( 'NONE', #518, #2141, #7845 ) ;
#2269 = STYLED_ITEM ( 'NONE', ( #6468 ), #31 ) ;
#2270 = SURFACE_STYLE_FILL_AREA ( #2435 ) ;
#2271 = CARTESIAN_POINT ( 'NONE',  ( -4.325000000000329692, 0.6865000000000239799, -4.478670392594660044 ) ) ;
#2272 = DIRECTION ( 'NONE',  ( -1.000000000000000000, 0.0000000000000000000, 6.123031769111888756E-17 ) ) ;
#2273 = ORIENTED_EDGE ( 'NONE', *, *, #7066, .F. ) ;
#2274 = SURFACE_STYLE_USAGE ( .BOTH. , #7155 ) ;
#2275 = DIRECTION ( 'NONE',  ( 0.0000000000000000000, 0.0000000000000000000, 1.000000000000000000 ) ) ;
#2276 = EDGE_CURVE ( 'NONE', #1351, #4494, #3328, .T. ) ;
#2277 = DIRECTION ( 'NONE',  ( 1.000000000000000000, 0.0000000000000000000, 6.123031769111888756E-17 ) ) ;
#2278 = CARTESIAN_POINT ( 'NONE',  ( 1.284106735979636094, -7.250000000000000000, 3.884999999852265073 ) ) ;
#2279 = ORIENTED_EDGE ( 'NONE', *, *, #8002, .F. ) ;
#2280 = CARTESIAN_POINT ( 'NONE',  ( -1.366592582628800123, -7.176881904510220345, 3.884999999852265073 ) ) ;
#2281 = ADVANCED_FACE ( 'NONE', ( #9558 ), #3049, .T. ) ;
#2282 = CARTESIAN_POINT ( 'NONE',  ( 3.476948480877809722, -6.248777273997109916, -3.734999999852260277 ) ) ;
#2283 = CARTESIAN_POINT ( 'NONE',  ( 4.325000000000325251, 0.6865000000000239799, 4.496744093870610470 ) ) ;
#2284 = EDGE_CURVE ( 'NONE', #311, #3532, #5476, .T. ) ;
#2285 = VECTOR ( 'NONE', #4805, 1000.000000000000000 ) ;
#2286 = ORIENTED_EDGE ( 'NONE', *, *, #2216, .F. ) ;
#2287 = EDGE_CURVE ( 'NONE', #8451, #9646, #7670, .T. ) ;
#2288 = DIRECTION ( 'NONE',  ( -1.000000000000000000, 4.547473508868780324E-12, 0.0000000000000000000 ) ) ;
#2289 = CARTESIAN_POINT ( 'NONE',  ( -0.9800000000000199663, -6.417755088244880390, -3.734999999852264718 ) ) ;
#2290 = AXIS2_PLACEMENT_3D ( 'NONE', #4339, #4918, #5017 ) ;
#2291 = COLOUR_RGB ( '',0.1411764705882352922, 0.1411764705882352922, 0.1411764705882352922 ) ;
#2292 = VECTOR ( 'NONE', #1315, 1000.000000000000000 ) ;
#2293 = ORIENTED_EDGE ( 'NONE', *, *, #136, .T. ) ;
#2294 = DIRECTION ( 'NONE',  ( 6.030009158161467605E-17, 0.1736481776668984400, -0.9848077530122136825 ) ) ;
#2295 = DIRECTION ( 'NONE',  ( 0.0000000000000000000, 0.0000000000000000000, 1.000000000000000000 ) ) ;
#2296 = ORIENTED_EDGE ( 'NONE', *, *, #1057, .F. ) ;
#2297 = CARTESIAN_POINT ( 'NONE',  ( -0.6549999999998169509, -0.4000000000000569766, 2.185105896938279724 ) ) ;
#2298 = DIRECTION ( 'NONE',  ( 3.240339941653820604E-20, 0.9999998599709450930, 0.0005292051493183439707 ) ) ;
#2299 = DIRECTION ( 'NONE',  ( 6.123031769111888756E-17, 0.0000000000000000000, 1.000000000000000000 ) ) ;
#2300 = CARTESIAN_POINT ( 'NONE',  ( 0.7549999999996730438, 0.9086536693863019876, 4.663893177324050399 ) ) ;
#2301 = CARTESIAN_POINT ( 'NONE',  ( 0.2700000000000000178, -1.308111948986800055, 3.923659150360660153 ) ) ;
#2302 = AXIS2_PLACEMENT_3D ( 'NONE', #8101, #3212, #8905 ) ;
#2303 = ORIENTED_EDGE ( 'NONE', *, *, #191, .T. ) ;
#2304 = CARTESIAN_POINT ( 'NONE',  ( -3.194999999999999840, -0.4000000000000569766, -2.460105896938209913 ) ) ;
#2305 = ADVANCED_FACE ( 'NONE', ( #7146 ), #656, .T. ) ;
#2306 = MECHANICAL_DESIGN_GEOMETRIC_PRESENTATION_REPRESENTATION (  '', ( #682 ), #2843 ) ;
#2307 = CARTESIAN_POINT ( 'NONE',  ( -3.294999999999674856, 0.6005582141877939817, 4.463516536985700611 ) ) ;
#2308 = PRESENTATION_STYLE_ASSIGNMENT (( #6251 ) ) ;
#2309 = EDGE_CURVE ( 'NONE', #8022, #1745, #916, .T. ) ;
#2310 = SURFACE_STYLE_USAGE ( .BOTH. , #1741 ) ;
#2311 = DIRECTION ( 'NONE',  ( -0.2468892371171420297, -0.9690437062360580667, -1.525485509063630176E-16 ) ) ;
#2312 = DIRECTION ( 'NONE',  ( -6.123031769111888756E-17, 1.615728827326989927E-13, -1.000000000000000000 ) ) ;
#2313 = LINE ( 'NONE', #931, #6145 ) ;
#2314 = LINE ( 'NONE', #62, #2068 ) ;
#2315 = ORIENTED_EDGE ( 'NONE', *, *, #3773, .F. ) ;
#2316 = AXIS2_PLACEMENT_3D ( 'NONE', #820, #6516, #1646 ) ;
#2317 = DIRECTION ( 'NONE',  ( 6.123031769111888756E-17, -1.730217700714529757E-16, 1.000000000000000000 ) ) ;
#2318 = EDGE_CURVE ( 'NONE', #5933, #3816, #5222, .T. ) ;
#2319 = DIRECTION ( 'NONE',  ( 6.123031769111888756E-17, 0.0000000000000000000, 1.000000000000000000 ) ) ;
#2320 = DIRECTION ( 'NONE',  ( -1.000000000000000000, 0.0000000000000000000, 6.123031769111888756E-17 ) ) ;
#2321 = ORIENTED_EDGE ( 'NONE', *, *, #8829, .T. ) ;
#2322 = LINE ( 'NONE', #935, #6410 ) ;
#2323 = ADVANCED_FACE ( 'NONE', ( #9049 ), #3465, .T. ) ;
#2324 = CYLINDRICAL_SURFACE ( 'NONE', #2507, 0.2749999999999206968 ) ;
#2325 = PLANE ( 'NONE',  #1722 ) ;
#2326 = VERTEX_POINT ( 'NONE', #812 ) ;
#2327 = CARTESIAN_POINT ( 'NONE',  ( -4.424999999999999822, -2.180000000000000160, -3.334999999999999964 ) ) ;
#2328 = FACE_OUTER_BOUND ( 'NONE', #2667, .T. ) ;
#2329 = DIRECTION ( 'NONE',  ( 0.0000000000000000000, 1.000000000000000000, 0.0000000000000000000 ) ) ;
#2330 = CARTESIAN_POINT ( 'NONE',  ( 1.463296291313991970, -6.797318496379340047, 10.25999999999999979 ) ) ;
#2331 = DIRECTION ( 'NONE',  ( 3.240339941653821206E-20, -0.9999998599709452041, -0.0005292051493183440791 ) ) ;
#2332 = ORIENTED_EDGE ( 'NONE', *, *, #2807, .F. ) ;
#2333 = PRESENTATION_STYLE_ASSIGNMENT (( #2939 ) ) ;
#2334 = ORIENTED_EDGE ( 'NONE', *, *, #5005, .F. ) ;
#2335 = COLOUR_RGB ( '',0.1411764705882352922, 0.1411764705882352922, 0.1411764705882352922 ) ;
#2336 = ORIENTED_EDGE ( 'NONE', *, *, #1943, .T. ) ;
#2337 = ORIENTED_EDGE ( 'NONE', *, *, #3947, .T. ) ;
#2338 =( LENGTH_UNIT ( ) NAMED_UNIT ( * ) SI_UNIT ( .MILLI., .METRE. ) );
#2339 = EDGE_CURVE ( 'NONE', #9617, #8358, #2554, .T. ) ;
#2340 = LINE ( 'NONE', #9399, #10501 ) ;
#2341 = LINE ( 'NONE', #10146, #204 ) ;
#2342 = DIRECTION ( 'NONE',  ( -1.063253308502803550E-17, -0.9848077530122136825, -0.1736481776668984678 ) ) ;
#2343 = VERTEX_POINT ( 'NONE', #6976 ) ;
#2344 = DIRECTION ( 'NONE',  ( -0.2468892371169170985, 0.9690437062361153542, 1.827827637527605244E-16 ) ) ;
#2345 = LINE ( 'NONE', #1552, #4264 ) ;
#2346 = ORIENTED_EDGE ( 'NONE', *, *, #3844, .T. ) ;
#2347 = EDGE_CURVE ( 'NONE', #4608, #7444, #6638, .T. ) ;
#2348 = VECTOR ( 'NONE', #2038, 1000.000000000000000 ) ;
#2349 = VERTEX_POINT ( 'NONE', #10048 ) ;
#2350 = VECTOR ( 'NONE', #6183, 1000.000000000000000 ) ;
#2351 = EDGE_LOOP ( 'NONE', ( #9264, #9274, #9268, #6540 ) ) ;
#2352 = CIRCLE ( 'NONE', #543, 0.2749999999999206968 ) ;
#2353 = FACE_OUTER_BOUND ( 'NONE', #7040, .T. ) ;
#2354 =( GEOMETRIC_REPRESENTATION_CONTEXT ( 3 ) GLOBAL_UNCERTAINTY_ASSIGNED_CONTEXT ( ( #6878 ) ) GLOBAL_UNIT_ASSIGNED_CONTEXT ( ( #1661, #1930, #2504 ) ) REPRESENTATION_CONTEXT ( 'NONE', 'WORKASPACE' ) );
#2355 = PLANE ( 'NONE',  #8642 ) ;
#2356 = ADVANCED_FACE ( 'NONE', ( #4710 ), #9177, .T. ) ;
#2357 = EDGE_CURVE ( 'NONE', #1469, #9646, #1548, .T. ) ;
#2358 = DIRECTION ( 'NONE',  ( 5.202631688678576249E-17, -0.5272949808244127290, 0.8496822954477646350 ) ) ;
#2359 = CARTESIAN_POINT ( 'NONE',  ( 4.424999999999999822, -0.6800000000000000488, 2.169999999999999929 ) ) ;
#2360 = ORIENTED_EDGE ( 'NONE', *, *, #5613, .F. ) ;
#2361 = ORIENTED_EDGE ( 'NONE', *, *, #7198, .F. ) ;
#2362 = DIRECTION ( 'NONE',  ( 0.0000000000000000000, 1.000000000000000000, 0.0000000000000000000 ) ) ;
#2363 = VECTOR ( 'NONE', #8204, 1000.000000000000000 ) ;
#2364 = ORIENTED_EDGE ( 'NONE', *, *, #8947, .T. ) ;
#2365 = CARTESIAN_POINT ( 'NONE',  ( -0.6550000000000000266, -0.4000000000000569766, 2.460105896938209913 ) ) ;
#2366 = DIRECTION ( 'NONE',  ( 6.687461042448720151E-14, 1.000000000000000000, 0.0000000000000000000 ) ) ;
#2367 = UNCERTAINTY_MEASURE_WITH_UNIT (LENGTH_MEASURE( 1.000000000000000082E-05 ), #7311, 'distance_accuracy_value', 'NONE');
#2368 = VECTOR ( 'NONE', #8225, 1000.000000000000000 ) ;
#2369 = EDGE_LOOP ( 'NONE', ( #354, #1033, #4618, #525 ) ) ;
#2370 = PRESENTATION_LAYER_ASSIGNMENT (  '', '', ( #1298 ) ) ;
#2371 =( LENGTH_UNIT ( ) NAMED_UNIT ( * ) SI_UNIT ( .MILLI., .METRE. ) );
#2372 = LINE ( 'NONE', #3342, #8613 ) ;
#2373 = PLANE ( 'NONE',  #1116 ) ;
#2374 = ORIENTED_EDGE ( 'NONE', *, *, #4137, .T. ) ;
#2375 =( GEOMETRIC_REPRESENTATION_CONTEXT ( 3 ) GLOBAL_UNCERTAINTY_ASSIGNED_CONTEXT ( ( #3812 ) ) GLOBAL_UNIT_ASSIGNED_CONTEXT ( ( #9533, #5463, #4597 ) ) REPRESENTATION_CONTEXT ( 'NONE', 'WORKASPACE' ) );
#2376 = ORIENTED_EDGE ( 'NONE', *, *, #1810, .F. ) ;
#2377 = DIRECTION ( 'NONE',  ( 0.0000000000000000000, 1.000000000000000000, 0.0000000000000000000 ) ) ;
#2378 = DIRECTION ( 'NONE',  ( 0.0000000000000000000, 1.000000000000000000, 0.0000000000000000000 ) ) ;
#2379 = FACE_OUTER_BOUND ( 'NONE', #6075, .T. ) ;
#2380 = ORIENTED_EDGE ( 'NONE', *, *, #390, .F. ) ;
#2381 = CYLINDRICAL_SURFACE ( 'NONE', #2802, 0.2749999999999206968 ) ;
#2382 = CARTESIAN_POINT ( 'NONE',  ( -3.194999999999764917, -7.771561172376099727E-16, 4.357621920338314858 ) ) ;
#2383 = DIRECTION ( 'NONE',  ( -1.000000000000000000, 0.0000000000000000000, 6.123031769111888756E-17 ) ) ;
#2384 = LINE ( 'NONE', #6194, #8625 ) ;
#2385 = CARTESIAN_POINT ( 'NONE',  ( 0.6549999999997689892, -0.04322605824516719680, -4.500000000000000000 ) ) ;
#2386 = PRESENTATION_LAYER_ASSIGNMENT (  '', '', ( #1307 ) ) ;
#2387 = ORIENTED_EDGE ( 'NONE', *, *, #5074, .F. ) ;
#2388 = VECTOR ( 'NONE', #2957, 1000.000000000000000 ) ;
#2389 = ADVANCED_FACE ( 'NONE', ( #9954 ), #6509, .T. ) ;
#2390 = ORIENTED_EDGE ( 'NONE', *, *, #9807, .F. ) ;
#2391 = CARTESIAN_POINT ( 'NONE',  ( 4.424999999999945643, -2.180000000000000160, 2.185105896938285053 ) ) ;
#2392 = ORIENTED_EDGE ( 'NONE', *, *, #7895, .F. ) ;
#2393 =( GEOMETRIC_REPRESENTATION_CONTEXT ( 3 ) GLOBAL_UNCERTAINTY_ASSIGNED_CONTEXT ( ( #5561 ) ) GLOBAL_UNIT_ASSIGNED_CONTEXT ( ( #2931, #8641, #3774 ) ) REPRESENTATION_CONTEXT ( 'NONE', 'WORKASPACE' ) );
#2394 = DIRECTION ( 'NONE',  ( 0.0000000000000000000, -0.1736481776666925214, -0.9848077530122499867 ) ) ;
#2395 = DIRECTION ( 'NONE',  ( -1.000000000000000000, 3.185316169981599645E-29, -6.123031769111888756E-17 ) ) ;
#2396 = EDGE_CURVE ( 'NONE', #6714, #2677, #782, .T. ) ;
#2397 = ORIENTED_EDGE ( 'NONE', *, *, #2423, .F. ) ;
#2398 = CARTESIAN_POINT ( 'NONE',  ( -1.173407417371032047, -7.176881904510159949, 3.734999999852264718 ) ) ;
#2399 = DIRECTION ( 'NONE',  ( 6.123031769111888756E-17, 0.0000000000000000000, 1.000000000000000000 ) ) ;
#2400 = PRESENTATION_LAYER_ASSIGNMENT (  '', '', ( #1321 ) ) ;
#2401 = CARTESIAN_POINT ( 'NONE',  ( 1.885000000000000009, -3.330669073875469621E-16, 1.667499999999999982 ) ) ;
#2402 = PLANE ( 'NONE',  #4003 ) ;
#2403 = FACE_OUTER_BOUND ( 'NONE', #6490, .T. ) ;
#2404 = AXIS2_PLACEMENT_3D ( 'NONE', #5211, #2788, #8499 ) ;
#2405 = ORIENTED_EDGE ( 'NONE', *, *, #1896, .F. ) ;
#2406 = CARTESIAN_POINT ( 'NONE',  ( 4.424999999999999822, -2.180000000000000160, 3.334999999999999964 ) ) ;
#2407 = ORIENTED_EDGE ( 'NONE', *, *, #5908, .T. ) ;
#2408 = CARTESIAN_POINT ( 'NONE',  ( 1.622500000003340048, 3.650733586940679842E-05, 4.503679456519879665 ) ) ;
#2409 = FILL_AREA_STYLE_COLOUR ( '', #9114 ) ;
#2410 = EDGE_CURVE ( 'NONE', #2682, #2727, #7018, .T. ) ;
#2411 = DIRECTION ( 'NONE',  ( 1.000000000000000000, 0.0000000000000000000, 6.123031769111888756E-17 ) ) ;
#2412 = DIRECTION ( 'NONE',  ( 4.547473508868780324E-12, 1.000000000000000000, 0.0000000000000000000 ) ) ;
#2413 = DIRECTION ( 'NONE',  ( 0.0000000000000000000, -1.000000000000000000, 0.0000000000000000000 ) ) ;
#2414 = ADVANCED_FACE ( 'NONE', ( #8907 ), #8798, .T. ) ;
#2415 = CARTESIAN_POINT ( 'NONE',  ( -0.6550000000000000266, -0.5070092621839650260, -4.418222507946190092 ) ) ;
#2416 = ORIENTED_EDGE ( 'NONE', *, *, #8126, .T. ) ;
#2417 = CARTESIAN_POINT ( 'NONE',  ( -0.6549999999998830091, -0.8897388526408829268, 4.186245315462254979 ) ) ;
#2418 = EDGE_CURVE ( 'NONE', #7358, #335, #4712, .T. ) ;
#2419 = AXIS2_PLACEMENT_3D ( 'NONE', #3894, #9583, #4705 ) ;
#2420 = DIRECTION ( 'NONE',  ( 6.123031769111888756E-17, 0.0000000000000000000, 1.000000000000000000 ) ) ;
#2421 = CARTESIAN_POINT ( 'NONE',  ( 3.294999999999669527, 3.650732014648385516E-05, -4.503679456517100554 ) ) ;
#2422 = LINE ( 'NONE', #5685, #6768 ) ;
#2423 = EDGE_CURVE ( 'NONE', #10532, #1761, #2557, .T. ) ;
#2424 = ORIENTED_EDGE ( 'NONE', *, *, #10336, .T. ) ;
#2425 = ORIENTED_EDGE ( 'NONE', *, *, #10059, .T. ) ;
#2426 = UNCERTAINTY_MEASURE_WITH_UNIT (LENGTH_MEASURE( 1.000000000000000082E-05 ), #10449, 'distance_accuracy_value', 'NONE');
#2427 = LINE ( 'NONE', #5846, #2169 ) ;
#2428 = EDGE_CURVE ( 'NONE', #3790, #8020, #6892, .T. ) ;
#2429 =( NAMED_UNIT ( * ) PLANE_ANGLE_UNIT ( ) SI_UNIT ( $, .RADIAN. ) );
#2430 = ORIENTED_EDGE ( 'NONE', *, *, #5404, .T. ) ;
#2431 = AXIS2_PLACEMENT_3D ( 'NONE', #2861, #160, #1117 ) ;
#2432 = DIRECTION ( 'NONE',  ( 6.123031769111888756E-17, 0.0000000000000000000, 1.000000000000000000 ) ) ;
#2433 = ADVANCED_FACE ( 'NONE', ( #4455 ), #509, .T. ) ;
#2434 = VECTOR ( 'NONE', #8205, 1000.000000000000114 ) ;
#2435 = FILL_AREA_STYLE ('',( #6513 ) ) ;
#2436 = CARTESIAN_POINT ( 'NONE',  ( -3.657599999999999962, 0.0000000000000000000, -0.9200000000000000400 ) ) ;
#2437 = COLOUR_RGB ( '',0.1411764705882352922, 0.1411764705882352922, 0.1411764705882352922 ) ;
#2438 = DIRECTION ( 'NONE',  ( -1.592658084990800103E-29, -1.000000000000000000, -2.601093943404129786E-13 ) ) ;
#2439 = AXIS2_PLACEMENT_3D ( 'NONE', #10124, #5228, #392 ) ;
#2440 =( NAMED_UNIT ( * ) SI_UNIT ( $, .STERADIAN. ) SOLID_ANGLE_UNIT ( ) );
#2441 = VECTOR ( 'NONE', #5831, 1000.000000000000000 ) ;
#2442 = ORIENTED_EDGE ( 'NONE', *, *, #7211, .T. ) ;
#2443 =( LENGTH_UNIT ( ) NAMED_UNIT ( * ) SI_UNIT ( .MILLI., .METRE. ) );
#2444 = LINE ( 'NONE', #3763, #6790 ) ;
#2445 = CYLINDRICAL_SURFACE ( 'NONE', #3338, 0.1000000000000807049 ) ;
#2446 = MECHANICAL_DESIGN_GEOMETRIC_PRESENTATION_REPRESENTATION (  '', ( #833 ), #2990 ) ;
#2447 =( LENGTH_UNIT ( ) NAMED_UNIT ( * ) SI_UNIT ( .MILLI., .METRE. ) );
#2448 = EDGE_CURVE ( 'NONE', #3186, #10438, #9955, .T. ) ;
#2449 = EDGE_LOOP ( 'NONE', ( #5239, #8609, #983, #9883 ) ) ;
#2450 = VECTOR ( 'NONE', #1466, 1000.000000000000114 ) ;
#2451 = CARTESIAN_POINT ( 'NONE',  ( 3.194999999999910134, -2.180000000000000160, 2.185105896938285053 ) ) ;
#2452 = CARTESIAN_POINT ( 'NONE',  ( 5.080000000000000071, -3.750000000000000000, -2.330000000000270077 ) ) ;
#2453 = LINE ( 'NONE', #6116, #7053 ) ;
#2454 = EDGE_LOOP ( 'NONE', ( #7754, #5562, #9070, #3641 ) ) ;
#2455 = CARTESIAN_POINT ( 'NONE',  ( -3.194999999999999840, -2.180000000000000160, -2.169999999999999929 ) ) ;
#2456 = VECTOR ( 'NONE', #9172, 1000.000000000000114 ) ;
#2457 =( GEOMETRIC_REPRESENTATION_CONTEXT ( 3 ) GLOBAL_UNCERTAINTY_ASSIGNED_CONTEXT ( ( #4575 ) ) GLOBAL_UNIT_ASSIGNED_CONTEXT ( ( #4967, #112, #5784 ) ) REPRESENTATION_CONTEXT ( 'NONE', 'WORKASPACE' ) );
#2458 = VERTEX_POINT ( 'NONE', #10451 ) ;
#2459 = STYLED_ITEM ( 'NONE', ( #6090 ), #4684 ) ;
#2460 = ADVANCED_FACE ( 'NONE', ( #5607 ), #8959, .T. ) ;
#2461 = PRESENTATION_STYLE_ASSIGNMENT (( #4368 ) ) ;
#2462 = VERTEX_POINT ( 'NONE', #873 ) ;
#2463 = CARTESIAN_POINT ( 'NONE',  ( -3.294999999999674856, 3.650732014648385516E-05, 4.357628357563855026 ) ) ;
#2464 = EDGE_CURVE ( 'NONE', #6448, #50, #3710, .T. ) ;
#2465 = ORIENTED_EDGE ( 'NONE', *, *, #10059, .F. ) ;
#2466 = FACE_OUTER_BOUND ( 'NONE', #6546, .T. ) ;
#2467 = FILL_AREA_STYLE ('',( #36 ) ) ;
#2468 = PLANE ( 'NONE',  #9021 ) ;
#2469 = DIRECTION ( 'NONE',  ( -1.000000000000000000, 0.0000000000000000000, 6.123031769111888756E-17 ) ) ;
#2470 = SURFACE_STYLE_FILL_AREA ( #3932 ) ;
#2471 = ORIENTED_EDGE ( 'NONE', *, *, #6773, .F. ) ;
#2472 = PRESENTATION_STYLE_ASSIGNMENT (( #9111 ) ) ;
#2473 = ORIENTED_EDGE ( 'NONE', *, *, #10063, .T. ) ;
#2474 = DIRECTION ( 'NONE',  ( 6.123031769111888756E-17, 0.0000000000000000000, 1.000000000000000000 ) ) ;
#2475 = ORIENTED_EDGE ( 'NONE', *, *, #2198, .F. ) ;
#2477 = ORIENTED_EDGE ( 'NONE', *, *, #305, .T. ) ;
#2476 =( LENGTH_UNIT ( ) NAMED_UNIT ( * ) SI_UNIT ( .MILLI., .METRE. ) );
#2478 = LINE ( 'NONE', #3847, #588 ) ;
#2479 = LINE ( 'NONE', #1899, #4388 ) ;
#2480 = EDGE_CURVE ( 'NONE', #284, #2326, #1551, .T. ) ;
#2481 = PLANE ( 'NONE',  #7944 ) ;
#2482 = DIRECTION ( 'NONE',  ( -6.123031769111888756E-17, 1.730217700714529757E-16, 1.000000000000000000 ) ) ;
#2483 = LINE ( 'NONE', #1856, #6572 ) ;
#2484 = AXIS2_PLACEMENT_3D ( 'NONE', #8850, #1568, #7262 ) ;
#2485 = DIRECTION ( 'NONE',  ( -6.123031769111888756E-17, 1.836909530733564901E-16, -1.000000000000000000 ) ) ;
#2486 = DIRECTION ( 'NONE',  ( -1.000000000000000000, 0.0000000000000000000, 0.0000000000000000000 ) ) ;
#2487 = CARTESIAN_POINT ( 'NONE',  ( 1.885000000000000009, -1.364496228814613854, 4.336037564729834592 ) ) ;
#2488 = ORIENTED_EDGE ( 'NONE', *, *, #4695, .F. ) ;
#2489 = VERTEX_POINT ( 'NONE', #10423 ) ;
#2490 = PLANE ( 'NONE',  #1093 ) ;
#2491 = EDGE_CURVE ( 'NONE', #3901, #3875, #7534, .T. ) ;
#2492 = ORIENTED_EDGE ( 'NONE', *, *, #4350, .F. ) ;
#2493 = VECTOR ( 'NONE', #1906, 1000.000000000000000 ) ;
#2494 = ORIENTED_EDGE ( 'NONE', *, *, #7961, .T. ) ;
#2495 = VECTOR ( 'NONE', #10070, 1000.000000000000000 ) ;
#2496 = EDGE_LOOP ( 'NONE', ( #7969, #2649, #6701, #3271 ) ) ;
#2497 = FACE_BOUND ( 'NONE', #9880, .T. ) ;
#2498 = CARTESIAN_POINT ( 'NONE',  ( 1.885000000000000009, -4.440892098500625176E-16, 2.169999999999999929 ) ) ;
#2499 = DIRECTION ( 'NONE',  ( 0.0000000000000000000, 0.0000000000000000000, 1.000000000000000000 ) ) ;
#2500 = ADVANCED_FACE ( 'NONE', ( #3181 ), #4261, .F. ) ;
#2501 = SURFACE_STYLE_USAGE ( .BOTH. , #7390 ) ;
#2502 = EDGE_CURVE ( 'NONE', #1113, #884, #2422, .T. ) ;
#2503 = EDGE_LOOP ( 'NONE', ( #202, #2125, #9143, #1853, #6328, #8826, #7497, #7127, #700 ) ) ;
#2504 =( NAMED_UNIT ( * ) SI_UNIT ( $, .STERADIAN. ) SOLID_ANGLE_UNIT ( ) );
#2505 = ORIENTED_EDGE ( 'NONE', *, *, #2619, .T. ) ;
#2506 = ORIENTED_EDGE ( 'NONE', *, *, #2117, .T. ) ;
#2507 = AXIS2_PLACEMENT_3D ( 'NONE', #7656, #6081, #9281 ) ;
#2508 = LINE ( 'NONE', #4718, #4413 ) ;
#2509 = ORIENTED_EDGE ( 'NONE', *, *, #1020, .F. ) ;
#2510 = VECTOR ( 'NONE', #4490, 1000.000000000000000 ) ;
#2511 = DIRECTION ( 'NONE',  ( -3.681132786215100208E-13, 1.000000000000000000, -1.730217700714754829E-16 ) ) ;
#2512 = FILL_AREA_STYLE_COLOUR ( '', #4463 ) ;
#2513 = VERTEX_POINT ( 'NONE', #4537 ) ;
#2514 = VECTOR ( 'NONE', #3962, 1000.000000000000000 ) ;
#2515 = CARTESIAN_POINT ( 'NONE',  ( -1.270000000000000018, -2.180000000000000160, -4.500000000000000000 ) ) ;
#2516 = AXIS2_PLACEMENT_3D ( 'NONE', #6936, #2053, #7772 ) ;
#2517 = DIRECTION ( 'NONE',  ( -6.123031769111888756E-17, 1.836909530733564901E-16, -1.000000000000000000 ) ) ;
#2518 = EDGE_LOOP ( 'NONE', ( #3259, #7195, #8115, #2390 ) ) ;
#2519 = VERTEX_POINT ( 'NONE', #6253 ) ;
#2520 = DIRECTION ( 'NONE',  ( 1.000000000000000000, 0.0000000000000000000, 6.123031769111888756E-17 ) ) ;
#2521 = DIRECTION ( 'NONE',  ( 1.000000000000000000, 0.0000000000000000000, -6.123031769111888756E-17 ) ) ;
#2522 = STYLED_ITEM ( 'NONE', ( #8537 ), #2433 ) ;
#2523 = FACE_OUTER_BOUND ( 'NONE', #3836, .T. ) ;
#2524 = DIRECTION ( 'NONE',  ( 0.0000000000000000000, -1.000000000000000000, 0.0000000000000000000 ) ) ;
#2525 = EDGE_CURVE ( 'NONE', #5158, #7069, #6510, .T. ) ;
#2526 = CARTESIAN_POINT ( 'NONE',  ( -3.194999999999999840, -4.440892098500625176E-16, 2.169999999999999929 ) ) ;
#2527 = ORIENTED_EDGE ( 'NONE', *, *, #5566, .F. ) ;
#2528 = DIRECTION ( 'NONE',  ( -1.063253308502803550E-17, 0.9848077530122136825, -0.1736481776668984678 ) ) ;
#2529 = COLOUR_RGB ( '',0.1411764705882352922, 0.1411764705882352922, 0.1411764705882352922 ) ;
#2530 = DIRECTION ( 'NONE',  ( -6.030009158161699333E-17, -0.1736481776666925214, 0.9848077530122499867 ) ) ;
#2531 = ADVANCED_FACE ( 'NONE', ( #8908 ), #6738, .F. ) ;
#2532 =( LENGTH_UNIT ( ) NAMED_UNIT ( * ) SI_UNIT ( .MILLI., .METRE. ) );
#2533 = DIRECTION ( 'NONE',  ( -1.000000000000000000, 0.0000000000000000000, 6.123031769111888756E-17 ) ) ;
#2534 = LINE ( 'NONE', #6481, #6870 ) ;
#2535 = CARTESIAN_POINT ( 'NONE',  ( 3.906592582628969801, -7.176881904510159949, 3.734999999852264718 ) ) ;
#2536 = CARTESIAN_POINT ( 'NONE',  ( -4.425000000000235190, 7.771561172376099727E-16, -4.357621920338314858 ) ) ;
#2537 = ORIENTED_EDGE ( 'NONE', *, *, #7924, .T. ) ;
#2538 = MECHANICAL_DESIGN_GEOMETRIC_PRESENTATION_REPRESENTATION (  '', ( #913 ), #3056 ) ;
#2539 = EDGE_CURVE ( 'NONE', #564, #9117, #5743, .T. ) ;
#2540 = ORIENTED_EDGE ( 'NONE', *, *, #4198, .F. ) ;
#2541 = CARTESIAN_POINT ( 'NONE',  ( 1.885000000000075060, -1.221249999999999947, 2.185105896938279724 ) ) ;
#2542 = DIRECTION ( 'NONE',  ( -1.063253308503841703E-17, 0.9848077530121837064, -0.1736481776670679711 ) ) ;
#2543 = STYLED_ITEM ( 'NONE', ( #1845 ), #9547 ) ;
#2544 = DIRECTION ( 'NONE',  ( 6.123031769111888756E-17, 0.0000000000000000000, 1.000000000000000000 ) ) ;
#2545 = LINE ( 'NONE', #10495, #8527 ) ;
#2546 = ADVANCED_FACE ( 'NONE', ( #3582 ), #7368, .T. ) ;
#2547 = FILL_AREA_STYLE ('',( #7435 ) ) ;
#2548 = DIRECTION ( 'NONE',  ( 1.000000000000000000, 0.0000000000000000000, -6.123031769111888756E-17 ) ) ;
#2549 = ORIENTED_EDGE ( 'NONE', *, *, #4645, .F. ) ;
#2550 = EDGE_CURVE ( 'NONE', #3713, #6704, #9814, .T. ) ;
#2551 = PLANE ( 'NONE',  #10129 ) ;
#2552 = DIRECTION ( 'NONE',  ( 1.224606353822375779E-16, 0.0000000000000000000, -1.000000000000000000 ) ) ;
#2553 =( NAMED_UNIT ( * ) SI_UNIT ( $, .STERADIAN. ) SOLID_ANGLE_UNIT ( ) );
#2554 = LINE ( 'NONE', #4937, #2798 ) ;
#2555 = DIRECTION ( 'NONE',  ( 6.123031769111888756E-17, -1.836909530733564901E-16, 1.000000000000000000 ) ) ;
#2556 = VERTEX_POINT ( 'NONE', #7550 ) ;
#2557 = LINE ( 'NONE', #9910, #6641 ) ;
#2558 = CARTESIAN_POINT ( 'NONE',  ( -1.885000000000000009, -2.180000000000000160, 2.169999999999999929 ) ) ;
#2559 = ORIENTED_EDGE ( 'NONE', *, *, #1403, .T. ) ;
#2560 = DIRECTION ( 'NONE',  ( 1.000000000000000000, -3.185316169981599645E-29, 6.123031769111888756E-17 ) ) ;
#2561 = EDGE_LOOP ( 'NONE', ( #81, #1621, #244, #6742, #4300, #10239 ) ) ;
#2562 = EDGE_CURVE ( 'NONE', #6715, #9133, #7911, .T. ) ;
#2563 = UNCERTAINTY_MEASURE_WITH_UNIT (LENGTH_MEASURE( 1.000000000000000082E-05 ), #2371, 'distance_accuracy_value', 'NONE');
#2564 = AXIS2_PLACEMENT_3D ( 'NONE', #3739, #9424, #4543 ) ;
#2565 = VECTOR ( 'NONE', #2320, 1000.000000000000000 ) ;
#2566 = DIRECTION ( 'NONE',  ( 3.342835721018934545E-31, 1.000000000000000000, 5.459445332101871020E-15 ) ) ;
#2567 = EDGE_CURVE ( 'NONE', #5880, #9501, #7661, .T. ) ;
#2568 = DIRECTION ( 'NONE',  ( 5.202631688678576249E-17, -0.5272949808244127290, 0.8496822954477646350 ) ) ;
#2569 = LINE ( 'NONE', #4532, #6654 ) ;
#2570 = ADVANCED_FACE ( 'NONE', ( #5214 ), #2958, .T. ) ;
#2571 = AXIS2_PLACEMENT_3D ( 'NONE', #6266, #1410, #7095 ) ;
#2572 = CARTESIAN_POINT ( 'NONE',  ( 3.194999999999875051, -1.699963492679900101, 10.25999999999999979 ) ) ;
#2573 = DIRECTION ( 'NONE',  ( -9.556289355536120687E-26, -2.596018638148705187E-13, -1.000000000000000000 ) ) ;
#2574 = PLANE ( 'NONE',  #9958 ) ;
#2575 = MECHANICAL_DESIGN_GEOMETRIC_PRESENTATION_REPRESENTATION (  '', ( #955 ), #3107 ) ;
#2576 = CLOSED_SHELL ( 'NONE', ( #8277, #911, #9547, #8948, #2655, #9494 ) ) ;
#2577 = VERTEX_POINT ( 'NONE', #3771 ) ;
#2578 = LINE ( 'NONE', #8817, #6404 ) ;
#2579 = ORIENTED_EDGE ( 'NONE', *, *, #8790, .F. ) ;
#2580 = SURFACE_STYLE_FILL_AREA ( #8430 ) ;
#2581 = PLANE ( 'NONE',  #9422 ) ;
#2582 = FILL_AREA_STYLE ('',( #1786 ) ) ;
#2583 = CARTESIAN_POINT ( 'NONE',  ( -2.810000000000000053, -0.4000000000000569766, -2.185105896938275283 ) ) ;
#2584 = ORIENTED_EDGE ( 'NONE', *, *, #6495, .F. ) ;
#2585 = LINE ( 'NONE', #905, #186 ) ;
#2586 = DIRECTION ( 'NONE',  ( -1.000000000000000000, -3.681132786215100208E-13, -1.224606353822377751E-16 ) ) ;
#2587 = DIRECTION ( 'NONE',  ( -0.2468892371171420574, 0.9690437062360581777, -3.023421284640120468E-17 ) ) ;
#2588 = VECTOR ( 'NONE', #10189, 1000.000000000000000 ) ;
#2589 = DIRECTION ( 'NONE',  ( -0.2468892371169171263, -0.9690437062361154652, -3.023421284637361303E-17 ) ) ;
#2590 = VECTOR ( 'NONE', #1838, 1000.000000000000000 ) ;
#2591 = ORIENTED_EDGE ( 'NONE', *, *, #5005, .T. ) ;
#2592 = SURFACE_STYLE_USAGE ( .BOTH. , #7494 ) ;
#2593 = VECTOR ( 'NONE', #5697, 1000.000000000000000 ) ;
#2594 = DIRECTION ( 'NONE',  ( 0.0000000000000000000, 0.0000000000000000000, -1.000000000000000000 ) ) ;
#2595 = EDGE_CURVE ( 'NONE', #5861, #3816, #5471, .T. ) ;
#2596 = ADVANCED_FACE ( 'NONE', ( #3042 ), #4972, .T. ) ;
#2597 = ORIENTED_EDGE ( 'NONE', *, *, #1202, .F. ) ;
#2598 = CARTESIAN_POINT ( 'NONE',  ( -3.294999999999674856, 0.6865000000000239799, 4.478670392594660044 ) ) ;
#2599 = FACE_OUTER_BOUND ( 'NONE', #450, .T. ) ;
#2600 = ORIENTED_EDGE ( 'NONE', *, *, #2663, .T. ) ;
#2601 = VECTOR ( 'NONE', #3952, 1000.000000000000000 ) ;
#2602 = VERTEX_POINT ( 'NONE', #826 ) ;
#2603 = CARTESIAN_POINT ( 'NONE',  ( 0.9800000000009809753, -6.417755088248520146, -3.734999999852264718 ) ) ;
#2604 = ORIENTED_EDGE ( 'NONE', *, *, #4466, .T. ) ;
#2605 = LINE ( 'NONE', #3706, #6693 ) ;
#2606 = AXIS2_PLACEMENT_3D ( 'NONE', #7915, #8716, #3850 ) ;
#2607 = VECTOR ( 'NONE', #2793, 1000.000000000000000 ) ;
#2608 = AXIS2_PLACEMENT_3D ( 'NONE', #4081, #6553, #1680 ) ;
#2609 = ORIENTED_EDGE ( 'NONE', *, *, #7932, .F. ) ;
#2610 = CARTESIAN_POINT ( 'NONE',  ( -1.885000000000234932, 8.272839892444299875E-16, -4.503673019291570156 ) ) ;
#2611 = FACE_OUTER_BOUND ( 'NONE', #4288, .T. ) ;
#2612 = ORIENTED_EDGE ( 'NONE', *, *, #7668, .F. ) ;
#2613 = CARTESIAN_POINT ( 'NONE',  ( -1.885000000000000009, -2.180000000000000160, -4.500000000000000000 ) ) ;
#2614 = CARTESIAN_POINT ( 'NONE',  ( 4.425000000000170353, -0.4877706291219079948, 4.271614798027000504 ) ) ;
#2615 = SURFACE_STYLE_USAGE ( .BOTH. , #7514 ) ;
#2616 = LINE ( 'NONE', #6165, #2348 ) ;
#2617 = ORIENTED_EDGE ( 'NONE', *, *, #7943, .F. ) ;
#2618 = LINE ( 'NONE', #7795, #4516 ) ;
#2619 = EDGE_CURVE ( 'NONE', #1809, #5940, #7139, .T. ) ;
#2620 = ORIENTED_EDGE ( 'NONE', *, *, #3471, .F. ) ;
#2621 = VECTOR ( 'NONE', #9756, 1000.000000000000114 ) ;
#2622 = VECTOR ( 'NONE', #1911, 1000.000000000000114 ) ;
#2623 = DIRECTION ( 'NONE',  ( 6.123031769111888756E-17, -1.730217700714529757E-16, -1.000000000000000000 ) ) ;
#2624 =( LENGTH_UNIT ( ) NAMED_UNIT ( * ) SI_UNIT ( .MILLI., .METRE. ) );
#2625 = VERTEX_POINT ( 'NONE', #933 ) ;
#2626 = EDGE_CURVE ( 'NONE', #1777, #7752, #649, .T. ) ;
#2627 = VERTEX_POINT ( 'NONE', #4170 ) ;
#2628 = ORIENTED_EDGE ( 'NONE', *, *, #10054, .T. ) ;
#2629 = CARTESIAN_POINT ( 'NONE',  ( -0.2700000000000000178, -7.250000000000000000, -3.809999999852264896 ) ) ;
#2630 = FACE_OUTER_BOUND ( 'NONE', #1709, .T. ) ;
#2631 = MECHANICAL_DESIGN_GEOMETRIC_PRESENTATION_REPRESENTATION (  '', ( #1547 ), #3166 ) ;
#2632 = PLANE ( 'NONE',  #8068 ) ;
#2633 = VERTEX_POINT ( 'NONE', #1176 ) ;
#2634 = CARTESIAN_POINT ( 'NONE',  ( -3.810000000000000053, -7.150999999999920753, 10.25999999999999979 ) ) ;
#2635 = VECTOR ( 'NONE', #369, 1000.000000000000000 ) ;
#2636 = CARTESIAN_POINT ( 'NONE',  ( -5.080000000000000071, -3.750000000000000000, -3.329999999997769855 ) ) ;
#2637 = CARTESIAN_POINT ( 'NONE',  ( 3.194999999999999840, 4.440892098500625176E-16, -2.169999999999999929 ) ) ;
#2638 = EDGE_CURVE ( 'NONE', #1100, #9083, #2790, .T. ) ;
#2639 = VERTEX_POINT ( 'NONE', #4696 ) ;
#2640 = ORIENTED_EDGE ( 'NONE', *, *, #4838, .F. ) ;
#2641 = LINE ( 'NONE', #8567, #3138 ) ;
#2642 = ORIENTED_EDGE ( 'NONE', *, *, #4207, .T. ) ;
#2643 = SURFACE_STYLE_USAGE ( .BOTH. , #7531 ) ;
#2644 = LINE ( 'NONE', #184, #496 ) ;
#2645 = EDGE_CURVE ( 'NONE', #9117, #5509, #9294, .T. ) ;
#2646 = PRESENTATION_LAYER_ASSIGNMENT (  '', '', ( #1562 ) ) ;
#2647 = ORIENTED_EDGE ( 'NONE', *, *, #9951, .F. ) ;
#2648 = FACE_OUTER_BOUND ( 'NONE', #6960, .T. ) ;
#2649 = ORIENTED_EDGE ( 'NONE', *, *, #9226, .T. ) ;
#2650 = DIRECTION ( 'NONE',  ( -1.000000000000000000, 0.0000000000000000000, 6.123031769111888756E-17 ) ) ;
#2651 = CARTESIAN_POINT ( 'NONE',  ( -3.810000000000000053, -0.6800000000000000488, 2.169999999999999929 ) ) ;
#2652 = ORIENTED_EDGE ( 'NONE', *, *, #7554, .F. ) ;
#2653 = DIRECTION ( 'NONE',  ( 0.0000000000000000000, -1.000000000000000000, 0.0000000000000000000 ) ) ;
#2654 = AXIS2_PLACEMENT_3D ( 'NONE', #5072, #210, #5895 ) ;
#2655 = ADVANCED_FACE ( 'NONE', ( #404 ), #5632, .T. ) ;
#2656 = ORIENTED_EDGE ( 'NONE', *, *, #8888, .T. ) ;
#2657 = CARTESIAN_POINT ( 'NONE',  ( 0.6549999999997739852, -0.1618430139594435047, 2.597605896938239844 ) ) ;
#2658 = CARTESIAN_POINT ( 'NONE',  ( 3.194999999999829754, -0.9719250235416100336, 4.336245315462229577 ) ) ;
#2659 = FILL_AREA_STYLE ('',( #7544 ) ) ;
#2660 = AXIS2_PLACEMENT_3D ( 'NONE', #4086, #9798, #4907 ) ;
#2661 = CARTESIAN_POINT ( 'NONE',  ( -4.425000000000090417, -2.180000000000000160, 2.185105896938285053 ) ) ;
#2662 = DIRECTION ( 'NONE',  ( -6.123031769111888756E-17, 1.836909530733564901E-16, -1.000000000000000000 ) ) ;
#2663 = EDGE_CURVE ( 'NONE', #1239, #3970, #8775, .T. ) ;
#2664 = VECTOR ( 'NONE', #7736, 1000.000000000000114 ) ;
#2665 = CARTESIAN_POINT ( 'NONE',  ( 1.885000000000000009, -2.180000000000000160, 3.334999999999999964 ) ) ;
#2666 = DIRECTION ( 'NONE',  ( -1.063253308502823887E-17, -0.9848077530122131273, -0.1736481776669020483 ) ) ;
#2667 = EDGE_LOOP ( 'NONE', ( #1455, #10174, #697, #2011 ) ) ;
#2668 = ORIENTED_EDGE ( 'NONE', *, *, #5858, .F. ) ;
#2669 = DIRECTION ( 'NONE',  ( 1.224606353822375779E-16, 0.0000000000000000000, -1.000000000000000000 ) ) ;
#2670 = CARTESIAN_POINT ( 'NONE',  ( -0.7549999999996730438, 0.6646145760520409951, 4.620862500821609764 ) ) ;
#2671 = CARTESIAN_POINT ( 'NONE',  ( 5.080000000000000071, -3.924999999999954525, 2.330000000000040039 ) ) ;
#2672 = AXIS2_PLACEMENT_3D ( 'NONE', #2998, #8693, #3830 ) ;
#2673 = DIRECTION ( 'NONE',  ( 0.0000000000000000000, 0.0000000000000000000, 1.000000000000000000 ) ) ;
#2674 = LINE ( 'NONE', #7385, #522 ) ;
#2675 = CARTESIAN_POINT ( 'NONE',  ( 4.143051519122189497, -6.248777273997109916, 3.734999999852260277 ) ) ;
#2676 = AXIS2_PLACEMENT_3D ( 'NONE', #4492, #10213, #5320 ) ;
#2677 = VERTEX_POINT ( 'NONE', #2398 ) ;
#2678 = EDGE_CURVE ( 'NONE', #5061, #4759, #4446, .T. ) ;
#2679 = VECTOR ( 'NONE', #8739, 1000.000000000000114 ) ;
#2680 =( NAMED_UNIT ( * ) PLANE_ANGLE_UNIT ( ) SI_UNIT ( $, .RADIAN. ) );
#2681 = DIRECTION ( 'NONE',  ( 6.123031769111888756E-17, -1.730217700714529757E-16, -1.000000000000000000 ) ) ;
#2682 = VERTEX_POINT ( 'NONE', #1543 ) ;
#2683 =( NAMED_UNIT ( * ) SI_UNIT ( $, .STERADIAN. ) SOLID_ANGLE_UNIT ( ) );
#2684 = EDGE_CURVE ( 'NONE', #279, #6009, #2545, .T. ) ;
#2685 = CARTESIAN_POINT ( 'NONE',  ( 1.885000000000000009, 3.330669073875469621E-16, -1.667499999999999982 ) ) ;
#2686 = EDGE_CURVE ( 'NONE', #1343, #6303, #6634, .T. ) ;
#2687 = EDGE_LOOP ( 'NONE', ( #6533, #2540, #462, #8034 ) ) ;
#2688 = CARTESIAN_POINT ( 'NONE',  ( 3.294999999999674856, 0.6865000000000239799, -10.25999999999999979 ) ) ;
#2689 = DIRECTION ( 'NONE',  ( 0.0000000000000000000, 0.1736481776666925214, 0.9848077530122499867 ) ) ;
#2690 = UNCERTAINTY_MEASURE_WITH_UNIT (LENGTH_MEASURE( 1.000000000000000082E-05 ), #4813, 'distance_accuracy_value', 'NONE');
#2691 = DIRECTION ( 'NONE',  ( -6.123031769111888756E-17, 1.730217700714529757E-16, -1.000000000000000000 ) ) ;
#2692 = DIRECTION ( 'NONE',  ( 0.0000000000000000000, 0.0000000000000000000, 1.000000000000000000 ) ) ;
#2693 = LINE ( 'NONE', #9836, #9189 ) ;
#2694 = CARTESIAN_POINT ( 'NONE',  ( -3.194999999999999840, -0.6800000000000000488, -4.500000000000000000 ) ) ;
#2695 = EDGE_CURVE ( 'NONE', #5500, #9384, #147, .T. ) ;
#2696 = CARTESIAN_POINT ( 'NONE',  ( -0.6549999999999269740, -1.221249999999999947, 2.185105896938279724 ) ) ;
#2697 = PRESENTATION_STYLE_ASSIGNMENT (( #9248 ) ) ;
#2698 = ADVANCED_FACE ( 'NONE', ( #6371 ), #9715, .T. ) ;
#2699 = DIRECTION ( 'NONE',  ( 0.0000000000000000000, 1.000000000000000000, 0.0000000000000000000 ) ) ;
#2700 = PRESENTATION_STYLE_ASSIGNMENT (( #2769 ) ) ;
#2701 = ORIENTED_EDGE ( 'NONE', *, *, #3, .F. ) ;
#2702 = VECTOR ( 'NONE', #4459, 1000.000000000000000 ) ;
#2703 = LINE ( 'NONE', #10123, #556 ) ;
#2704 = ORIENTED_EDGE ( 'NONE', *, *, #10469, .F. ) ;
#2705 = FACE_OUTER_BOUND ( 'NONE', #4279, .T. ) ;
#2706 = COLOUR_RGB ( '',0.8117647058823529438, 0.8117647058823529438, 0.8117647058823529438 ) ;
#2707 = MECHANICAL_DESIGN_GEOMETRIC_PRESENTATION_REPRESENTATION (  '', ( #1642 ), #3262 ) ;
#2708 = FACE_OUTER_BOUND ( 'NONE', #1017, .T. ) ;
#2709 = ORIENTED_EDGE ( 'NONE', *, *, #3171, .T. ) ;
#2710 = PLANE ( 'NONE',  #9194 ) ;
#2711 = AXIS2_PLACEMENT_3D ( 'NONE', #9812, #3995, #1640 ) ;
#2712 = ORIENTED_EDGE ( 'NONE', *, *, #6235, .F. ) ;
#2713 = DIRECTION ( 'NONE',  ( 0.0000000000000000000, 0.0000000000000000000, -1.000000000000000000 ) ) ;
#2714 = COLOUR_RGB ( '',0.1411764705882352922, 0.1411764705882352922, 0.1411764705882352922 ) ;
#2715 = DIRECTION ( 'NONE',  ( 6.123031769111888756E-17, 0.0000000000000000000, 1.000000000000000000 ) ) ;
#2716 = LINE ( 'NONE', #4337, #6810 ) ;
#2717 = ORIENTED_EDGE ( 'NONE', *, *, #8973, .T. ) ;
#2718 = PRESENTATION_STYLE_ASSIGNMENT (( #10154 ) ) ;
#2719 = ORIENTED_EDGE ( 'NONE', *, *, #2117, .F. ) ;
#2720 = VECTOR ( 'NONE', #3040, 1000.000000000000000 ) ;
#2721 = DIRECTION ( 'NONE',  ( 0.0000000000000000000, 1.000000000000000000, 0.0000000000000000000 ) ) ;
#2722 = PLANE ( 'NONE',  #3446 ) ;
#2723 = LINE ( 'NONE', #3059, #6814 ) ;
#2724 = DIRECTION ( 'NONE',  ( 1.000000000000000000, 0.0000000000000000000, 1.224606353822375779E-16 ) ) ;
#2725 = AXIS2_PLACEMENT_3D ( 'NONE', #6200, #1325, #7020 ) ;
#2726 = CARTESIAN_POINT ( 'NONE',  ( 1.885000000000234932, 3.650731991911014584E-05, -10.25999999999999979 ) ) ;
#2727 = VERTEX_POINT ( 'NONE', #7265 ) ;
#2728 = VECTOR ( 'NONE', #3362, 1000.000000000000000 ) ;
#2729 = EDGE_LOOP ( 'NONE', ( #2559, #8214, #5728, #9935, #4384, #8913, #445, #1632, #8863 ) ) ;
#2730 = STYLED_ITEM ( 'NONE', ( #996 ), #3936 ) ;
#2731 = DIRECTION ( 'NONE',  ( 0.0000000000000000000, -0.9848077530121837064, 0.1736481776670679711 ) ) ;
#2732 = VERTEX_POINT ( 'NONE', #6493 ) ;
#2733 = DIRECTION ( 'NONE',  ( -6.123031769111888756E-17, 1.730217700714529757E-16, 1.000000000000000000 ) ) ;
#2734 = EDGE_CURVE ( 'NONE', #856, #5861, #3941, .T. ) ;
#2735 = EDGE_LOOP ( 'NONE', ( #5312, #749, #439, #5283 ) ) ;
#2736 = CIRCLE ( 'NONE', #2571, 1.000000000000000000 ) ;
#2737 = LINE ( 'NONE', #10021, #7077 ) ;
#2738 =( NAMED_UNIT ( * ) PLANE_ANGLE_UNIT ( ) SI_UNIT ( $, .RADIAN. ) );
#2739 = CARTESIAN_POINT ( 'NONE',  ( -4.309999999999999609, -2.180000000000000160, 4.335605995874404428 ) ) ;
#2740 = LINE ( 'NONE', #5840, #4641 ) ;
#2741 = VECTOR ( 'NONE', #7755, 999.9999999999998863 ) ;
#2742 = ORIENTED_EDGE ( 'NONE', *, *, #9440, .F. ) ;
#2743 = ORIENTED_EDGE ( 'NONE', *, *, #6171, .F. ) ;
#2744 = VECTOR ( 'NONE', #9272, 1000.000000000000000 ) ;
#2745 = ORIENTED_EDGE ( 'NONE', *, *, #9725, .T. ) ;
#2746 = VERTEX_POINT ( 'NONE', #8122 ) ;
#2747 = VECTOR ( 'NONE', #9204, 1000.000000000000000 ) ;
#2748 = ORIENTED_EDGE ( 'NONE', *, *, #10469, .T. ) ;
#2749 = PRESENTATION_STYLE_ASSIGNMENT (( #1029 ) ) ;
#2750 = EDGE_CURVE ( 'NONE', #7362, #10000, #8288, .T. ) ;
#2751 = CARTESIAN_POINT ( 'NONE',  ( 1.664005814526730020, -6.009530812630630159, -3.734999999852264718 ) ) ;
#2752 = CARTESIAN_POINT ( 'NONE',  ( -3.810000000000000053, -7.150999999999920753, -3.884999999852265073 ) ) ;
#2753 = VECTOR ( 'NONE', #5867, 1000.000000000000000 ) ;
#2754 = ORIENTED_EDGE ( 'NONE', *, *, #6111, .T. ) ;
#2755 = EDGE_CURVE ( 'NONE', #10027, #9617, #10444, .T. ) ;
#2756 = ORIENTED_EDGE ( 'NONE', *, *, #5281, .T. ) ;
#2757 = ORIENTED_EDGE ( 'NONE', *, *, #1389, .F. ) ;
#2758 = FACE_OUTER_BOUND ( 'NONE', #7999, .T. ) ;
#2759 = ADVANCED_FACE ( 'NONE', ( #4209 ), #5704, .F. ) ;
#2760 = VERTEX_POINT ( 'NONE', #21 ) ;
#2761 = LINE ( 'NONE', #2406, #9005 ) ;
#2762 = SURFACE_STYLE_FILL_AREA ( #8072 ) ;
#2763 = EDGE_CURVE ( 'NONE', #5677, #35, #5090, .T. ) ;
#2764 = FILL_AREA_STYLE ('',( #322 ) ) ;
#2765 = CARTESIAN_POINT ( 'NONE',  ( -5.080000000000000071, -3.750000000000454747, -5.080000000000000071 ) ) ;
#2766 = STYLED_ITEM ( 'NONE', ( #2461 ), #10407 ) ;
#2767 = VERTEX_POINT ( 'NONE', #6557 ) ;
#2768 = VECTOR ( 'NONE', #6391, 1000.000000000000000 ) ;
#2769 = SURFACE_STYLE_USAGE ( .BOTH. , #3513 ) ;
#2770 = ORIENTED_EDGE ( 'NONE', *, *, #8369, .F. ) ;
#2771 = ORIENTED_EDGE ( 'NONE', *, *, #6785, .T. ) ;
#2772 = CARTESIAN_POINT ( 'NONE',  ( -3.194999999999764917, -0.04322605824517084666, -4.500000000000000000 ) ) ;
#2773 = EDGE_CURVE ( 'NONE', #3772, #9378, #2914, .T. ) ;
#2774 = VECTOR ( 'NONE', #5160, 1000.000000000000000 ) ;
#2775 = ORIENTED_EDGE ( 'NONE', *, *, #8973, .F. ) ;
#2776 =( NAMED_UNIT ( * ) PLANE_ANGLE_UNIT ( ) SI_UNIT ( $, .RADIAN. ) );
#2777 = LINE ( 'NONE', #223, #9280 ) ;
#2778 = VERTEX_POINT ( 'NONE', #4128 ) ;
#2779 = CARTESIAN_POINT ( 'NONE',  ( 2.810000000000000053, -5.325000000000000178, 3.884999999852265073 ) ) ;
#2780 = CARTESIAN_POINT ( 'NONE',  ( -1.885000000000000009, -0.6800000000000000488, -4.500000000000000000 ) ) ;
#2781 = SURFACE_STYLE_USAGE ( .BOTH. , #7677 ) ;
#2782 = VERTEX_POINT ( 'NONE', #9007 ) ;
#2783 = MECHANICAL_DESIGN_GEOMETRIC_PRESENTATION_REPRESENTATION (  '', ( #1169 ), #3356 ) ;
#2784 = DIRECTION ( 'NONE',  ( 1.206001831632339867E-16, 0.1736481776666925214, -0.9848077530122499867 ) ) ;
#2785 = DIRECTION ( 'NONE',  ( -1.059417794895478013E-32, -1.000000000000000000, -1.730217700714529757E-16 ) ) ;
#2786 = DIRECTION ( 'NONE',  ( 1.000000000000000000, -6.945087750622360396E-16, -6.123031769111888756E-17 ) ) ;
#2787 = EDGE_CURVE ( 'NONE', #5940, #1923, #2674, .T. ) ;
#2788 = DIRECTION ( 'NONE',  ( -1.063253308501543991E-17, 0.9848077530122499867, 0.1736481776666925214 ) ) ;
#2789 = CARTESIAN_POINT ( 'NONE',  ( -0.6550000000000000266, -4.440892098500625176E-16, 2.169999999999999929 ) ) ;
#2790 = LINE ( 'NONE', #4638, #4700 ) ;
#2791 = CARTESIAN_POINT ( 'NONE',  ( 0.7699999999999999067, 0.6865000000000239799, 4.478670392594660044 ) ) ;
#2792 = DIRECTION ( 'NONE',  ( 0.0000000000000000000, 1.000000000000000000, 0.0000000000000000000 ) ) ;
#2793 = DIRECTION ( 'NONE',  ( 1.000000000000000000, 2.273736754434390162E-12, -4.009823671532990071E-13 ) ) ;
#2794 = ORIENTED_EDGE ( 'NONE', *, *, #1422, .T. ) ;
#2795 = PLANE ( 'NONE',  #10344 ) ;
#2796 = ADVANCED_FACE ( 'NONE', ( #4831 ), #90, .T. ) ;
#2797 = CARTESIAN_POINT ( 'NONE',  ( -3.824106735979639904, -7.250000000000000000, -3.809999999852264896 ) ) ;
#2798 = VECTOR ( 'NONE', #433, 1000.000000000000000 ) ;
#2799 = CARTESIAN_POINT ( 'NONE',  ( 4.099999999998840572, -3.750000000000104805, 3.734999999852260277 ) ) ;
#2800 = PRESENTATION_LAYER_ASSIGNMENT (  '', '', ( #1735 ) ) ;
#2801 = ORIENTED_EDGE ( 'NONE', *, *, #6668, .T. ) ;
#2802 = AXIS2_PLACEMENT_3D ( 'NONE', #264, #442, #325 ) ;
#2803 = CARTESIAN_POINT ( 'NONE',  ( -3.713407417371035191, -7.176881904510159949, 3.734999999852264718 ) ) ;
#2804 = EDGE_LOOP ( 'NONE', ( #2096, #6993, #2171, #8099, #5370, #3799, #10404, #5975, #1634 ) ) ;
#2805 = LINE ( 'NONE', #7903, #2565 ) ;
#2806 = DIRECTION ( 'NONE',  ( 3.681132786215100208E-13, 1.000000000000000000, 0.0000000000000000000 ) ) ;
#2807 = EDGE_CURVE ( 'NONE', #1170, #2778, #1909, .T. ) ;
#2808 = FACE_OUTER_BOUND ( 'NONE', #5171, .T. ) ;
#2809 = AXIS2_PLACEMENT_3D ( 'NONE', #181, #5875, #1009 ) ;
#2810 = LINE ( 'NONE', #7026, #672 ) ;
#2811 = EDGE_CURVE ( 'NONE', #7871, #948, #4065, .T. ) ;
#2812 = DIRECTION ( 'NONE',  ( -6.123031769111888756E-17, 1.836909530733564901E-16, -1.000000000000000000 ) ) ;
#2813 = CARTESIAN_POINT ( 'NONE',  ( -0.6550000000000000266, -0.4000000000000569766, -2.460105896938209913 ) ) ;
#2814 = DIRECTION ( 'NONE',  ( -1.000000000000000000, 0.0000000000000000000, 6.123031769111888756E-17 ) ) ;
#2815 = DIRECTION ( 'NONE',  ( -1.000000000000000000, 0.0000000000000000000, 6.123031769111888756E-17 ) ) ;
#2816 = DIRECTION ( 'NONE',  ( 0.0000000000000000000, 0.0000000000000000000, 1.000000000000000000 ) ) ;
#2817 = VERTEX_POINT ( 'NONE', #6629 ) ;
#2818 = CARTESIAN_POINT ( 'NONE',  ( -4.100000000000535216, -4.908859290462300962, 10.25999999999999979 ) ) ;
#2819 = CARTESIAN_POINT ( 'NONE',  ( -4.204005814526729168, -6.009530812630630159, 3.734999999852264718 ) ) ;
#2820 = FACE_OUTER_BOUND ( 'NONE', #10035, .T. ) ;
#2821 = ORIENTED_EDGE ( 'NONE', *, *, #3552, .F. ) ;
#2822 = PLANE ( 'NONE',  #2516 ) ;
#2823 = FACE_OUTER_BOUND ( 'NONE', #2883, .T. ) ;
#2824 = EDGE_CURVE ( 'NONE', #10498, #5794, #10318, .T. ) ;
#2825 = DIRECTION ( 'NONE',  ( -1.000000000000000000, 0.0000000000000000000, 6.123031769111888756E-17 ) ) ;
#2826 = CARTESIAN_POINT ( 'NONE',  ( -0.6550000000000000266, -2.180000000000000160, -2.169999999999999929 ) ) ;
#2827 = VERTEX_POINT ( 'NONE', #9066 ) ;
#2828 = FILL_AREA_STYLE ('',( #6099 ) ) ;
#2829 = CARTESIAN_POINT ( 'NONE',  ( 3.520000000000000018, -6.417755088244880390, 3.884999999852265073 ) ) ;
#2830 = LINE ( 'NONE', #875, #9330 ) ;
#2831 = VECTOR ( 'NONE', #3632, 1000.000000000000000 ) ;
#2832 = LINE ( 'NONE', #1705, #691 ) ;
#2833 = ORIENTED_EDGE ( 'NONE', *, *, #1468, .T. ) ;
#2834 = CARTESIAN_POINT ( 'NONE',  ( -3.657599999999999962, -3.399999999999634870, -0.9200000000000000400 ) ) ;
#2835 = PRESENTATION_LAYER_ASSIGNMENT (  '', '', ( #1782 ) ) ;
#2836 = ORIENTED_EDGE ( 'NONE', *, *, #7638, .F. ) ;
#2837 = DIRECTION ( 'NONE',  ( 6.123031769111888756E-17, -0.0000000000000000000, 1.000000000000000000 ) ) ;
#2838 = LINE ( 'NONE', #7782, #6933 ) ;
#2839 = ORIENTED_EDGE ( 'NONE', *, *, #6378, .F. ) ;
#2840 = CARTESIAN_POINT ( 'NONE',  ( -1.885000000000184972, -0.4000000000000569766, -2.185105896938275283 ) ) ;
#2841 = FACE_OUTER_BOUND ( 'NONE', #9653, .T. ) ;
#2842 = VERTEX_POINT ( 'NONE', #2558 ) ;
#2843 =( GEOMETRIC_REPRESENTATION_CONTEXT ( 3 ) GLOBAL_UNCERTAINTY_ASSIGNED_CONTEXT ( ( #1464 ) ) GLOBAL_UNIT_ASSIGNED_CONTEXT ( ( #7177, #7318, #6555 ) ) REPRESENTATION_CONTEXT ( 'NONE', 'WORKASPACE' ) );
#2844 = LINE ( 'NONE', #6199, #6424 ) ;
#2845 = EDGE_CURVE ( 'NONE', #6789, #5344, #1664, .T. ) ;
#2846 = ADVANCED_FACE ( 'NONE', ( #3821 ), #1790, .T. ) ;
#2847 = FILL_AREA_STYLE_COLOUR ( '', #5929 ) ;
#2848 = ORIENTED_EDGE ( 'NONE', *, *, #8233, .F. ) ;
#2849 = LINE ( 'NONE', #3081, #3102 ) ;
#2850 = ORIENTED_EDGE ( 'NONE', *, *, #9731, .F. ) ;
#2851 = CARTESIAN_POINT ( 'NONE',  ( 3.519999999999039897, -3.750000000000104805, 3.734999999852260277 ) ) ;
#2852 = ORIENTED_EDGE ( 'NONE', *, *, #3011, .F. ) ;
#2853 =( NAMED_UNIT ( * ) SI_UNIT ( $, .STERADIAN. ) SOLID_ANGLE_UNIT ( ) );
#2854 = FACE_OUTER_BOUND ( 'NONE', #9528, .T. ) ;
#2855 = CARTESIAN_POINT ( 'NONE',  ( -0.6549999999998460387, -1.227030387021919910, -4.186245315462254979 ) ) ;
#2856 = ORIENTED_EDGE ( 'NONE', *, *, #3198, .T. ) ;
#2857 = DIRECTION ( 'NONE',  ( -1.000000000000000000, 0.0000000000000000000, 6.123031769111888756E-17 ) ) ;
#2858 = LINE ( 'NONE', #4353, #6954 ) ;
#2859 = CARTESIAN_POINT ( 'NONE',  ( 1.559999999998919806, -4.908859290464120839, 10.25999999999999979 ) ) ;
#2860 = PRESENTATION_LAYER_ASSIGNMENT (  '', '', ( #1800 ) ) ;
#2861 = CARTESIAN_POINT ( 'NONE',  ( -2.270000000000000018, -1.762499999999999956, 2.185105896938285053 ) ) ;
#2862 = SURFACE_STYLE_FILL_AREA ( #3221 ) ;
#2863 = PLANE ( 'NONE',  #3607 ) ;
#2864 = ADVANCED_FACE ( 'NONE', ( #1412 ), #3439, .T. ) ;
#2865 = FACE_OUTER_BOUND ( 'NONE', #1983, .T. ) ;
#2866 = VERTEX_POINT ( 'NONE', #4225 ) ;
#2867 = FILL_AREA_STYLE ('',( #7697 ) ) ;
#2868 = EDGE_CURVE ( 'NONE', #4768, #2131, #3575, .T. ) ;
#2869 = CARTESIAN_POINT ( 'NONE',  ( -4.425000000000210321, -0.3902521710449980419, 4.288809933303045163 ) ) ;
#2870 = VERTEX_POINT ( 'NONE', #1016 ) ;
#2871 = EDGE_LOOP ( 'NONE', ( #10302, #8127, #9719, #4012 ) ) ;
#2872 = FACE_OUTER_BOUND ( 'NONE', #3168, .T. ) ;
#2873 = VERTEX_POINT ( 'NONE', #7525 ) ;
#2874 = DIRECTION ( 'NONE',  ( -1.000000000000000000, -6.687461042448720151E-14, -1.224606353822377751E-16 ) ) ;
#2875 = DIRECTION ( 'NONE',  ( 0.0000000000000000000, 0.0000000000000000000, -1.000000000000000000 ) ) ;
#2876 = VECTOR ( 'NONE', #6047, 1000.000000000000114 ) ;
#2877 = CARTESIAN_POINT ( 'NONE',  ( 0.6549999999997909716, -0.4000000000000569766, 2.185105896938275283 ) ) ;
#2878 = PLANE ( 'NONE',  #5877 ) ;
#2879 = VECTOR ( 'NONE', #8141, 1000.000000000000000 ) ;
#2880 = VERTEX_POINT ( 'NONE', #2636 ) ;
#2881 = UNCERTAINTY_MEASURE_WITH_UNIT (LENGTH_MEASURE( 1.000000000000000082E-05 ), #2110, 'distance_accuracy_value', 'NONE');
#2882 = DIRECTION ( 'NONE',  ( 1.063253308502823887E-17, -0.9848077530122131273, -0.1736481776669020483 ) ) ;
#2883 = EDGE_LOOP ( 'NONE', ( #1893, #10298, #1322, #6192, #8536, #6430, #6365, #4098 ) ) ;
#2884 = LINE ( 'NONE', #6618, #6977 ) ;
#2885 = ORIENTED_EDGE ( 'NONE', *, *, #8457, .F. ) ;
#2886 = SURFACE_STYLE_USAGE ( .BOTH. , #7784 ) ;
#2887 = ORIENTED_EDGE ( 'NONE', *, *, #9854, .F. ) ;
#2888 = CARTESIAN_POINT ( 'NONE',  ( -2.810000000000000053, -7.250000000000000000, -3.734999999852264718 ) ) ;
#2889 = EDGE_CURVE ( 'NONE', #5897, #8771, #7904, .T. ) ;
#2890 = ORIENTED_EDGE ( 'NONE', *, *, #6438, .F. ) ;
#2891 = VECTOR ( 'NONE', #6226, 1000.000000000000000 ) ;
#2892 = VERTEX_POINT ( 'NONE', #3468 ) ;
#2893 = ORIENTED_EDGE ( 'NONE', *, *, #5842, .F. ) ;
#2894 = EDGE_CURVE ( 'NONE', #2873, #9496, #9808, .T. ) ;
#2895 = DIRECTION ( 'NONE',  ( -1.000000000000000000, 0.0000000000000000000, 0.0000000000000000000 ) ) ;
#2896 = DIRECTION ( 'NONE',  ( -6.123031769111888756E-17, 0.0000000000000000000, -1.000000000000000000 ) ) ;
#2897 = SURFACE_STYLE_FILL_AREA ( #2547 ) ;
#2898 = CARTESIAN_POINT ( 'NONE',  ( -4.425000000000074429, -1.227030387021919910, -4.186245315462254979 ) ) ;
#2899 = PLANE ( 'NONE',  #4208 ) ;
#2900 = DIRECTION ( 'NONE',  ( 1.224606353822375779E-16, 0.0000000000000000000, -1.000000000000000000 ) ) ;
#2901 = VERTEX_POINT ( 'NONE', #1814 ) ;
#2902 = EDGE_CURVE ( 'NONE', #2017, #3772, #9543, .T. ) ;
#2903 = CARTESIAN_POINT ( 'NONE',  ( 4.809999999999999609, -7.250000000000000000, -3.884999999852265073 ) ) ;
#2904 = FACE_OUTER_BOUND ( 'NONE', #709, .T. ) ;
#2905 = ADVANCED_FACE ( 'NONE', ( #3312 ), #9968, .T. ) ;
#2906 = CARTESIAN_POINT ( 'NONE',  ( 3.713407417371199948, -7.176881904510220345, 3.884999999852265073 ) ) ;
#2907 = CARTESIAN_POINT ( 'NONE',  ( 0.6549999999998290523, -0.4877706291219079948, -4.271614798027000504 ) ) ;
#2908 = CARTESIAN_POINT ( 'NONE',  ( -0.6549999999997639932, -7.771561172376099727E-16, 4.357621920338314858 ) ) ;
#2909 = ORIENTED_EDGE ( 'NONE', *, *, #2954, .F. ) ;
#2910 = MECHANICAL_DESIGN_GEOMETRIC_PRESENTATION_REPRESENTATION (  '', ( #1298 ), #3481 ) ;
#2911 = EDGE_LOOP ( 'NONE', ( #4180, #2321, #7436, #2505 ) ) ;
#2912 = DIRECTION ( 'NONE',  ( -1.337492208489744030E-13, -1.000000000000000000, -1.637901456704465060E-29 ) ) ;
#2913 = DIRECTION ( 'NONE',  ( 0.0000000000000000000, 0.0000000000000000000, -1.000000000000000000 ) ) ;
#2914 = LINE ( 'NONE', #2487, #9420 ) ;
#2915 = SURFACE_STYLE_USAGE ( .BOTH. , #3851 ) ;
#2916 = ORIENTED_EDGE ( 'NONE', *, *, #8369, .T. ) ;
#2917 =( NAMED_UNIT ( * ) SI_UNIT ( $, .STERADIAN. ) SOLID_ANGLE_UNIT ( ) );
#2918 = ADVANCED_FACE ( 'NONE', ( #8770 ), #9208, .F. ) ;
#2919 = MECHANICAL_DESIGN_GEOMETRIC_PRESENTATION_REPRESENTATION (  '', ( #1307 ), #3492 ) ;
#2920 = VECTOR ( 'NONE', #8185, 1000.000000000000000 ) ;
#2921 = ORIENTED_EDGE ( 'NONE', *, *, #866, .T. ) ;
#2922 = EDGE_LOOP ( 'NONE', ( #5179, #4014, #1252, #3417 ) ) ;
#2923 = CARTESIAN_POINT ( 'NONE',  ( 0.6549999999999099876, -2.180000000000000160, 2.185105896938285053 ) ) ;
#2924 = CARTESIAN_POINT ( 'NONE',  ( 5.080000000000000071, -3.399999999999634870, -0.9199999999999600719 ) ) ;
#2925 = EDGE_CURVE ( 'NONE', #3520, #1180, #5860, .T. ) ;
#2926 = PLANE ( 'NONE',  #7885 ) ;
#2927 = CARTESIAN_POINT ( 'NONE',  ( -4.809999999999999609, -0.1539928746702824980, 4.480468821697074944 ) ) ;
#2928 = DIRECTION ( 'NONE',  ( -1.000000000000000000, 0.0000000000000000000, 6.123031769111888756E-17 ) ) ;
#2929 = CARTESIAN_POINT ( 'NONE',  ( -0.6550000000000000266, -2.180000000000000160, 3.334999999999999964 ) ) ;
#2930 = CARTESIAN_POINT ( 'NONE',  ( -0.6549999999997909716, -0.4000000000000569766, -2.185105896938275283 ) ) ;
#2931 =( LENGTH_UNIT ( ) NAMED_UNIT ( * ) SI_UNIT ( .MILLI., .METRE. ) );
#2932 = MECHANICAL_DESIGN_GEOMETRIC_PRESENTATION_REPRESENTATION (  '', ( #1321 ), #3510 ) ;
#2933 = VERTEX_POINT ( 'NONE', #9254 ) ;
#2934 = COLOUR_RGB ( '',0.1411764705882352922, 0.1411764705882352922, 0.1411764705882352922 ) ;
#2935 = CARTESIAN_POINT ( 'NONE',  ( 1.622500000001600107, 3.650732789423074366E-05, -4.503679456518470126 ) ) ;
#2936 = DIRECTION ( 'NONE',  ( 1.000000000000000000, 4.547473508868780324E-12, 1.224606353822375779E-16 ) ) ;
#2937 = PRESENTATION_LAYER_ASSIGNMENT (  '', '', ( #1873 ) ) ;
#2938 = LINE ( 'NONE', #6166, #7286 ) ;
#2939 = SURFACE_STYLE_USAGE ( .BOTH. , #7850 ) ;
#2940 = DIRECTION ( 'NONE',  ( 6.123031769111888756E-17, -5.459445332101871020E-15, -1.000000000000000000 ) ) ;
#2941 = EDGE_CURVE ( 'NONE', #7716, #8984, #9941, .T. ) ;
#2942 = VECTOR ( 'NONE', #2689, 1000.000000000000000 ) ;
#2943 = SURFACE_SIDE_STYLE ('',( #7818 ) ) ;
#2944 = ORIENTED_EDGE ( 'NONE', *, *, #4457, .F. ) ;
#2945 = FACE_OUTER_BOUND ( 'NONE', #1379, .T. ) ;
#2946 = CARTESIAN_POINT ( 'NONE',  ( 4.425000000000125056, -1.699963492679900101, -10.25999999999999979 ) ) ;
#2947 = EDGE_CURVE ( 'NONE', #1180, #3441, #1533, .T. ) ;
#2948 = AXIS2_PLACEMENT_3D ( 'NONE', #1423, #4676, #10373 ) ;
#2949 = VERTEX_POINT ( 'NONE', #1149 ) ;
#2950 = LINE ( 'NONE', #7124, #7051 ) ;
#2951 = DIRECTION ( 'NONE',  ( 6.123031769111888756E-17, 0.0000000000000000000, 1.000000000000000000 ) ) ;
#2952 = FACE_OUTER_BOUND ( 'NONE', #6808, .T. ) ;
#2953 = ORIENTED_EDGE ( 'NONE', *, *, #9380, .F. ) ;
#2954 = EDGE_CURVE ( 'NONE', #6990, #10321, #5590, .T. ) ;
#2955 = DIRECTION ( 'NONE',  ( 6.123031769111888756E-17, -1.730217700714529757E-16, -1.000000000000000000 ) ) ;
#2956 = CARTESIAN_POINT ( 'NONE',  ( -1.366592582628800123, -7.176881904510220345, 10.25999999999999979 ) ) ;
#2957 = DIRECTION ( 'NONE',  ( -3.681132786215100208E-13, 1.000000000000000000, -1.730217700714754829E-16 ) ) ;
#2958 = PLANE ( 'NONE',  #6692 ) ;
#2959 = EDGE_LOOP ( 'NONE', ( #4329, #6149, #1109, #5106 ) ) ;
#2960 = SURFACE_STYLE_FILL_AREA ( #1472 ) ;
#2961 = LINE ( 'NONE', #271, #4878 ) ;
#2962 = EDGE_CURVE ( 'NONE', #7405, #6051, #3690, .T. ) ;
#2963 = ADVANCED_FACE ( 'NONE', ( #3452 ), #5215, .T. ) ;
#2964 = VECTOR ( 'NONE', #8928, 1000.000000000000000 ) ;
#2965 = EDGE_LOOP ( 'NONE', ( #1246, #9923, #9920, #675 ) ) ;
#2966 = FILL_AREA_STYLE_COLOUR ( '', #2706 ) ;
#2967 = VECTOR ( 'NONE', #5328, 1000.000000000000000 ) ;
#2968 = ORIENTED_EDGE ( 'NONE', *, *, #6177, .T. ) ;
#2969 = VECTOR ( 'NONE', #6231, 1000.000000000000000 ) ;
#2970 = VECTOR ( 'NONE', #8735, 999.9999999999998863 ) ;
#2971 = PRESENTATION_LAYER_ASSIGNMENT (  '', '', ( #1902 ) ) ;
#2972 = SURFACE_STYLE_USAGE ( .BOTH. , #7883 ) ;
#2973 = CARTESIAN_POINT ( 'NONE',  ( -3.713407417371199948, -7.176881904510220345, -10.25999999999999979 ) ) ;
#2974 =( LENGTH_UNIT ( ) NAMED_UNIT ( * ) SI_UNIT ( .MILLI., .METRE. ) );
#2975 = ORIENTED_EDGE ( 'NONE', *, *, #3030, .T. ) ;
#2976 = CIRCLE ( 'NONE', #9328, 0.1000000000000807049 ) ;
#2977 = EDGE_LOOP ( 'NONE', ( #7222, #7505, #9647, #8805, #3400 ) ) ;
#2978 = PLANE ( 'NONE',  #767 ) ;
#2979 = LINE ( 'NONE', #5477, #1099 ) ;
#2980 = ORIENTED_EDGE ( 'NONE', *, *, #945, .T. ) ;
#2981 = ORIENTED_EDGE ( 'NONE', *, *, #7617, .F. ) ;
#2982 = LINE ( 'NONE', #9463, #7076 ) ;
#2983 = CARTESIAN_POINT ( 'NONE',  ( 5.080000000000000071, -3.750000000000000000, -0.9200000000001870015 ) ) ;
#2984 = DIRECTION ( 'NONE',  ( 6.123031769111888756E-17, 0.0000000000000000000, 1.000000000000000000 ) ) ;
#2985 = VECTOR ( 'NONE', #5798, 1000.000000000000000 ) ;
#2986 = DIRECTION ( 'NONE',  ( -1.000000000000000000, 0.0000000000000000000, 0.0000000000000000000 ) ) ;
#2987 = CARTESIAN_POINT ( 'NONE',  ( 4.204005814526729168, -6.009530812630630159, -3.884999999852265073 ) ) ;
#2988 = LINE ( 'NONE', #1238, #5165 ) ;
#2989 = ORIENTED_EDGE ( 'NONE', *, *, #5953, .F. ) ;
#2990 =( GEOMETRIC_REPRESENTATION_CONTEXT ( 3 ) GLOBAL_UNCERTAINTY_ASSIGNED_CONTEXT ( ( #4444 ) ) GLOBAL_UNIT_ASSIGNED_CONTEXT ( ( #5149, #291, #5989 ) ) REPRESENTATION_CONTEXT ( 'NONE', 'WORKASPACE' ) );
#2991 = ORIENTED_EDGE ( 'NONE', *, *, #2684, .F. ) ;
#2992 = EDGE_LOOP ( 'NONE', ( #6949, #6412, #3087, #10411 ) ) ;
#2993 = EDGE_CURVE ( 'NONE', #10083, #6212, #7522, .T. ) ;
#2994 = VECTOR ( 'NONE', #1847, 1000.000000000000000 ) ;
#2995 = VERTEX_POINT ( 'NONE', #6843 ) ;
#2996 = CIRCLE ( 'NONE', #9666, 0.2748194203352921083 ) ;
#2997 = PRESENTATION_STYLE_ASSIGNMENT (( #5136 ) ) ;
#2998 = CARTESIAN_POINT ( 'NONE',  ( -1.270000000000000018, -0.6800000000000000488, -4.500000000000000000 ) ) ;
#2999 = LINE ( 'NONE', #5833, #2753 ) ;
#3000 = ORIENTED_EDGE ( 'NONE', *, *, #5155, .F. ) ;
#3001 = VERTEX_POINT ( 'NONE', #10101 ) ;
#3002 = DIRECTION ( 'NONE',  ( -1.206001831632339867E-16, -0.1736481776666925214, 0.9848077530122499867 ) ) ;
#3003 = ORIENTED_EDGE ( 'NONE', *, *, #168, .F. ) ;
#3004 = CARTESIAN_POINT ( 'NONE',  ( 4.425000000000204992, -0.4877706291219079948, -4.271614798027000504 ) ) ;
#3005 = DIRECTION ( 'NONE',  ( 0.0000000000000000000, 0.0000000000000000000, 1.000000000000000000 ) ) ;
#3006 = VECTOR ( 'NONE', #2272, 1000.000000000000000 ) ;
#3007 = EDGE_LOOP ( 'NONE', ( #9347, #5217, #3219, #2247 ) ) ;
#3008 = LINE ( 'NONE', #8317, #4930 ) ;
#3009 = AXIS2_PLACEMENT_3D ( 'NONE', #10524, #5636, #780 ) ;
#3010 = SURFACE_SIDE_STYLE ('',( #562 ) ) ;
#3011 = EDGE_CURVE ( 'NONE', #8722, #9078, #3165, .T. ) ;
#3012 = LINE ( 'NONE', #756, #7106 ) ;
#3013 = UNCERTAINTY_MEASURE_WITH_UNIT (LENGTH_MEASURE( 1.000000000000000082E-05 ), #8579, 'distance_accuracy_value', 'NONE');
#3014 = ORIENTED_EDGE ( 'NONE', *, *, #6043, .T. ) ;
#3015 = CARTESIAN_POINT ( 'NONE',  ( -4.424999999999999822, -0.5070092621839650260, -4.418222507946190092 ) ) ;
#3016 = FACE_OUTER_BOUND ( 'NONE', #6164, .T. ) ;
#3017 = DIRECTION ( 'NONE',  ( 1.000000000000000000, 0.0000000000000000000, -6.123031769111888756E-17 ) ) ;
#3018 = EDGE_LOOP ( 'NONE', ( #9237, #7607, #4032, #8392 ) ) ;
#3019 = ORIENTED_EDGE ( 'NONE', *, *, #5804, .T. ) ;
#3020 = CARTESIAN_POINT ( 'NONE',  ( 2.270000000000000018, -1.071254713756893961, -4.063030467039109972 ) ) ;
#3021 = LINE ( 'NONE', #8435, #9018 ) ;
#3022 = DIRECTION ( 'NONE',  ( 0.0000000000000000000, 0.0000000000000000000, -1.000000000000000000 ) ) ;
#3023 = EDGE_CURVE ( 'NONE', #6923, #707, #9414, .T. ) ;
#3024 = PRESENTATION_LAYER_ASSIGNMENT (  '', '', ( #1939 ) ) ;
#3025 = ORIENTED_EDGE ( 'NONE', *, *, #1344, .T. ) ;
#3026 = PLANE ( 'NONE',  #2606 ) ;
#3027 = DIRECTION ( 'NONE',  ( 0.0000000000000000000, 1.000000000000000000, 0.0000000000000000000 ) ) ;
#3028 = DIRECTION ( 'NONE',  ( 0.0000000000000000000, 1.000000000000000000, 0.0000000000000000000 ) ) ;
#3029 = ADVANCED_FACE ( 'NONE', ( #2904 ), #1210, .T. ) ;
#3030 = EDGE_CURVE ( 'NONE', #1644, #6448, #6999, .T. ) ;
#3031 = ORIENTED_EDGE ( 'NONE', *, *, #4565, .F. ) ;
#3032 = EDGE_CURVE ( 'NONE', #9868, #10274, #766, .T. ) ;
#3033 = DIRECTION ( 'NONE',  ( 0.0000000000000000000, -0.9848077530121837064, 0.1736481776670679711 ) ) ;
#3034 = DIRECTION ( 'NONE',  ( -5.202631688678575633E-17, -0.5272949808244126180, 0.8496822954477645240 ) ) ;
#3035 =( LENGTH_UNIT ( ) NAMED_UNIT ( * ) SI_UNIT ( .MILLI., .METRE. ) );
#3036 = CARTESIAN_POINT ( 'NONE',  ( 5.080000000000000071, -2.700000000000275069, 0.5399999999998489342 ) ) ;
#3037 = STYLED_ITEM ( 'NONE', ( #8569 ), #911 ) ;
#3038 = VERTEX_POINT ( 'NONE', #10184 ) ;
#3039 = DIRECTION ( 'NONE',  ( 0.0000000000000000000, 0.0000000000000000000, -1.000000000000000000 ) ) ;
#3040 = DIRECTION ( 'NONE',  ( -1.000000000000000000, 0.0000000000000000000, 6.123031769111888756E-17 ) ) ;
#3041 = CARTESIAN_POINT ( 'NONE',  ( 0.7549999999996720446, 0.3432682536600850098, -10.25999999999999979 ) ) ;
#3042 = FACE_OUTER_BOUND ( 'NONE', #5738, .T. ) ;
#3043 = DIRECTION ( 'NONE',  ( 5.202631688678576249E-17, -0.5272949808244127290, 0.8496822954477646350 ) ) ;
#3044 = DIRECTION ( 'NONE',  ( 1.000000000000000000, 0.0000000000000000000, -6.123031769111888756E-17 ) ) ;
#3045 = ORIENTED_EDGE ( 'NONE', *, *, #5337, .F. ) ;
#3046 = AXIS2_PLACEMENT_3D ( 'NONE', #9389, #9703, #9492 ) ;
#3047 = DIRECTION ( 'NONE',  ( -1.000000000000000000, 4.547473508868780324E-12, 0.0000000000000000000 ) ) ;
#3048 = EDGE_CURVE ( 'NONE', #3275, #5811, #8894, .T. ) ;
#3049 = CYLINDRICAL_SURFACE ( 'NONE', #2711, 0.1000000000000804967 ) ;
#3050 =( NAMED_UNIT ( * ) PLANE_ANGLE_UNIT ( ) SI_UNIT ( $, .RADIAN. ) );
#3051 = ORIENTED_EDGE ( 'NONE', *, *, #6037, .F. ) ;
#3052 = ORIENTED_EDGE ( 'NONE', *, *, #1311, .T. ) ;
#3053 = CARTESIAN_POINT ( 'NONE',  ( 3.810000000000000053, 0.6865000000000239799, 10.25999999999999979 ) ) ;
#3054 = ORIENTED_EDGE ( 'NONE', *, *, #3831, .T. ) ;
#3055 = AXIS2_PLACEMENT_3D ( 'NONE', #7381, #2482, #8183 ) ;
#3056 =( GEOMETRIC_REPRESENTATION_CONTEXT ( 3 ) GLOBAL_UNCERTAINTY_ASSIGNED_CONTEXT ( ( #8548 ) ) GLOBAL_UNIT_ASSIGNED_CONTEXT ( ( #283, #5982, #1105 ) ) REPRESENTATION_CONTEXT ( 'NONE', 'WORKASPACE' ) );
#3057 = CARTESIAN_POINT ( 'NONE',  ( 1.885000000000000009, -0.6800000000000000488, 3.334999999999999964 ) ) ;
#3058 = EDGE_CURVE ( 'NONE', #7716, #6714, #516, .T. ) ;
#3059 = CARTESIAN_POINT ( 'NONE',  ( 4.809999999999999609, -0.9719250235416100336, -4.336245315462229577 ) ) ;
#3060 = CARTESIAN_POINT ( 'NONE',  ( -0.8759941854732690159, -6.009530812630630159, -3.884999999852265073 ) ) ;
#3061 = VECTOR ( 'NONE', #9334, 1000.000000000000000 ) ;
#3062 = DIRECTION ( 'NONE',  ( 6.123031769111888756E-17, 0.0000000000000000000, 1.000000000000000000 ) ) ;
#3063 = COLOUR_RGB ( '',0.1411764705882352922, 0.1411764705882352922, 0.1411764705882352922 ) ;
#3064 = ADVANCED_FACE ( 'NONE', ( #262 ), #7770, .T. ) ;
#3065 = LINE ( 'NONE', #1414, #5232 ) ;
#3066 = CARTESIAN_POINT ( 'NONE',  ( 4.809999999999999609, -5.325000000000000178, -3.884999999852265073 ) ) ;
#3067 = AXIS2_PLACEMENT_3D ( 'NONE', #8611, #10259, #5360 ) ;
#3068 = VERTEX_POINT ( 'NONE', #6931 ) ;
#3069 = CARTESIAN_POINT ( 'NONE',  ( 0.6549999999997629940, 3.650731991911014584E-05, -4.357628357563815058 ) ) ;
#3070 = PRESENTATION_STYLE_ASSIGNMENT (( #18 ) ) ;
#3071 = FILL_AREA_STYLE_COLOUR ( '', #437 ) ;
#3072 = VECTOR ( 'NONE', #1126, 1000.000000000000000 ) ;
#3073 = VERTEX_POINT ( 'NONE', #10216 ) ;
#3074 =( NAMED_UNIT ( * ) PLANE_ANGLE_UNIT ( ) SI_UNIT ( $, .RADIAN. ) );
#3075 = LINE ( 'NONE', #1145, #5004 ) ;
#3076 = SURFACE_SIDE_STYLE ('',( #4386 ) ) ;
#3077 = EDGE_CURVE ( 'NONE', #1225, #6303, #4559, .T. ) ;
#3078 = ORIENTED_EDGE ( 'NONE', *, *, #5690, .T. ) ;
#3079 = VECTOR ( 'NONE', #9752, 1000.000000000000000 ) ;
#3080 = SURFACE_STYLE_USAGE ( .BOTH. , #8623 ) ;
#3081 = CARTESIAN_POINT ( 'NONE',  ( 2.674999999999999822, 0.6646145760520399959, 4.620862500821609764 ) ) ;
#3082 = FACE_OUTER_BOUND ( 'NONE', #3999, .T. ) ;
#3083 = ORIENTED_EDGE ( 'NONE', *, *, #3844, .F. ) ;
#3084 = EDGE_CURVE ( 'NONE', #2639, #9279, #9156, .T. ) ;
#3085 = AXIS2_PLACEMENT_3D ( 'NONE', #479, #6151, #1292 ) ;
#3086 = AXIS2_PLACEMENT_3D ( 'NONE', #2927, #5273, #2049 ) ;
#3087 = ORIENTED_EDGE ( 'NONE', *, *, #6612, .T. ) ;
#3088 = VECTOR ( 'NONE', #10162, 1000.000000000000000 ) ;
#3089 = ORIENTED_EDGE ( 'NONE', *, *, #3633, .T. ) ;
#3090 = ADVANCED_FACE ( 'NONE', ( #2403 ), #6147, .T. ) ;
#3091 = EDGE_CURVE ( 'NONE', #3679, #1745, #8398, .T. ) ;
#3092 = VECTOR ( 'NONE', #2253, 1000.000000000000114 ) ;
#3093 = ORIENTED_EDGE ( 'NONE', *, *, #3155, .F. ) ;
#3094 = CARTESIAN_POINT ( 'NONE',  ( -1.560000000000459908, -5.116929645231019563, 3.734999999852264718 ) ) ;
#3095 = ORIENTED_EDGE ( 'NONE', *, *, #4583, .T. ) ;
#3096 = VECTOR ( 'NONE', #7196, 1000.000000000000114 ) ;
#3097 = LINE ( 'NONE', #5290, #4766 ) ;
#3098 = DIRECTION ( 'NONE',  ( -1.224606353822375779E-16, 0.0000000000000000000, 1.000000000000000000 ) ) ;
#3099 = CARTESIAN_POINT ( 'NONE',  ( 5.080000000000000071, 1.000000000000000000, -4.680000000000180904 ) ) ;
#3100 = AXIS2_PLACEMENT_3D ( 'NONE', #6239, #7056, #2168 ) ;
#3101 = ORIENTED_EDGE ( 'NONE', *, *, #7126, .F. ) ;
#3102 = VECTOR ( 'NONE', #8784, 1000.000000000000000 ) ;
#3103 = ORIENTED_EDGE ( 'NONE', *, *, #3736, .F. ) ;
#3104 = CARTESIAN_POINT ( 'NONE',  ( -1.270000000000000018, -2.180000000000000160, -2.169999999999999929 ) ) ;
#3105 = CARTESIAN_POINT ( 'NONE',  ( -0.7549999999996720446, 3.650732037385749672E-05, -4.503679456517140522 ) ) ;
#3106 = EDGE_LOOP ( 'NONE', ( #6066, #2337, #6848, #9786 ) ) ;
#3107 =( GEOMETRIC_REPRESENTATION_CONTEXT ( 3 ) GLOBAL_UNCERTAINTY_ASSIGNED_CONTEXT ( ( #39 ) ) GLOBAL_UNIT_ASSIGNED_CONTEXT ( ( #2108, #768, #5255 ) ) REPRESENTATION_CONTEXT ( 'NONE', 'WORKASPACE' ) );
#3108 = CIRCLE ( 'NONE', #5127, 1.000000000000000000 ) ;
#3109 = VERTEX_POINT ( 'NONE', #10251 ) ;
#3110 = CARTESIAN_POINT ( 'NONE',  ( 0.6550000000000000266, -3.330669073875469621E-16, 1.667499999999999982 ) ) ;
#3111 = DIRECTION ( 'NONE',  ( 2.126506617005025622E-17, -0.9848077530122221201, -0.1736481776668505062 ) ) ;
#3112 = FACE_OUTER_BOUND ( 'NONE', #1282, .T. ) ;
#3113 = DIRECTION ( 'NONE',  ( 0.0000000000000000000, 0.0000000000000000000, 1.000000000000000000 ) ) ;
#3114 = DIRECTION ( 'NONE',  ( 0.0000000000000000000, 0.0000000000000000000, 1.000000000000000000 ) ) ;
#3115 = PRESENTATION_STYLE_ASSIGNMENT (( #10062 ) ) ;
#3116 = ORIENTED_EDGE ( 'NONE', *, *, #4230, .T. ) ;
#3117 = DIRECTION ( 'NONE',  ( 1.000000000000000000, 0.0000000000000000000, -6.123031769111888756E-17 ) ) ;
#3118 = ORIENTED_EDGE ( 'NONE', *, *, #10135, .T. ) ;
#3119 = VECTOR ( 'NONE', #892, 1000.000000000000114 ) ;
#3120 = ORIENTED_EDGE ( 'NONE', *, *, #9444, .T. ) ;
#3121 = LINE ( 'NONE', #3313, #9120 ) ;
#3122 = ORIENTED_EDGE ( 'NONE', *, *, #3233, .F. ) ;
#3123 = PLANE ( 'NONE',  #758 ) ;
#3124 = CARTESIAN_POINT ( 'NONE',  ( -1.559999999999020170, -6.417755088248520146, -3.734999999852264718 ) ) ;
#3125 = VECTOR ( 'NONE', #10287, 1000.000000000000114 ) ;
#3126 = DIRECTION ( 'NONE',  ( 0.0000000000000000000, 1.000000000000000000, 0.0000000000000000000 ) ) ;
#3127 = DIRECTION ( 'NONE',  ( -1.000000000000000000, 6.673570731747099829E-14, 0.0000000000000000000 ) ) ;
#3128 = ADVANCED_FACE ( 'NONE', ( #10 ), #7011, .T. ) ;
#3129 = PLANE ( 'NONE',  #1867 ) ;
#3130 = PRODUCT_RELATED_PRODUCT_CATEGORY ( 'part', '', ( #3725 ) ) ;
#3131 = STYLED_ITEM ( 'NONE', ( #2145 ), #3363 ) ;
#3132 = COLOUR_RGB ( '',0.1411764705882352922, 0.1411764705882352922, 0.1411764705882352922 ) ;
#3133 = DIRECTION ( 'NONE',  ( 0.0000000000000000000, 0.0000000000000000000, -1.000000000000000000 ) ) ;
#3134 = VECTOR ( 'NONE', #7316, 1000.000000000000000 ) ;
#3135 = ORIENTED_EDGE ( 'NONE', *, *, #6992, .F. ) ;
#3136 = EDGE_CURVE ( 'NONE', #5340, #5611, #4058, .T. ) ;
#3137 = ORIENTED_EDGE ( 'NONE', *, *, #939, .F. ) ;
#3138 = VECTOR ( 'NONE', #3711, 1000.000000000000000 ) ;
#3139 = ORIENTED_EDGE ( 'NONE', *, *, #305, .F. ) ;
#3140 = ORIENTED_EDGE ( 'NONE', *, *, #2763, .F. ) ;
#3141 = CARTESIAN_POINT ( 'NONE',  ( 5.080000000000000071, -3.750000000000000000, -1.625000000000230038 ) ) ;
#3142 = CARTESIAN_POINT ( 'NONE',  ( 1.885000000000204956, -0.4877706291219079948, -4.271614798027000504 ) ) ;
#3143 = COLOUR_RGB ( '',0.1411764705882352922, 0.1411764705882352922, 0.1411764705882352922 ) ;
#3144 = PRESENTATION_LAYER_ASSIGNMENT (  '', '', ( #2055 ) ) ;
#3145 = DIRECTION ( 'NONE',  ( 1.000000000000000000, 0.0000000000000000000, -6.123031769111888756E-17 ) ) ;
#3146 = VERTEX_POINT ( 'NONE', #4570 ) ;
#3147 = STYLED_ITEM ( 'NONE', ( #6716 ), #5162 ) ;
#3148 = LINE ( 'NONE', #4536, #9401 ) ;
#3149 = CARTESIAN_POINT ( 'NONE',  ( -4.809999999999999609, -0.1411671192955888110, 4.332730348417619837 ) ) ;
#3150 = ORIENTED_EDGE ( 'NONE', *, *, #4986, .F. ) ;
#3151 = EDGE_LOOP ( 'NONE', ( #8421, #5792, #7647, #8014 ) ) ;
#3152 = DIRECTION ( 'NONE',  ( -1.000000000000000000, 0.0000000000000000000, 0.0000000000000000000 ) ) ;
#3153 = DIRECTION ( 'NONE',  ( 6.673570731747099829E-14, 1.000000000000000000, 1.730217700714489821E-16 ) ) ;
#3154 = LINE ( 'NONE', #3341, #5581 ) ;
#3155 = EDGE_CURVE ( 'NONE', #9563, #1655, #8144, .T. ) ;
#3156 = CARTESIAN_POINT ( 'NONE',  ( -4.325000000000325251, 3.650732037385749672E-05, 10.25999999999999979 ) ) ;
#3157 = DIRECTION ( 'NONE',  ( 0.9690437062361154652, -0.2468892371169171263, 1.186697079788332367E-16 ) ) ;
#3158 = CARTESIAN_POINT ( 'NONE',  ( 1.885000000000154996, -0.6264186456785509893, 3.346222332753779671 ) ) ;
#3159 = VERTEX_POINT ( 'NONE', #8637 ) ;
#3160 = PLANE ( 'NONE',  #7865 ) ;
#3161 = ADVANCED_FACE ( 'NONE', ( #1903 ), #2084, .T. ) ;
#3162 = CARTESIAN_POINT ( 'NONE',  ( -1.885000000000000009, -1.308111948986800055, 3.923659150360660153 ) ) ;
#3163 =( NAMED_UNIT ( * ) SI_UNIT ( $, .STERADIAN. ) SOLID_ANGLE_UNIT ( ) );
#3164 = EDGE_CURVE ( 'NONE', #5965, #6789, #1652, .T. ) ;
#3165 = LINE ( 'NONE', #8502, #5081 ) ;
#3166 =( GEOMETRIC_REPRESENTATION_CONTEXT ( 3 ) GLOBAL_UNCERTAINTY_ASSIGNED_CONTEXT ( ( #5221 ) ) GLOBAL_UNIT_ASSIGNED_CONTEXT ( ( #9282, #4396, #10093 ) ) REPRESENTATION_CONTEXT ( 'NONE', 'WORKASPACE' ) );
#3167 = CARTESIAN_POINT ( 'NONE',  ( -3.810000000000000053, -7.150999999999920753, 3.734999999852264718 ) ) ;
#3168 = EDGE_LOOP ( 'NONE', ( #2647, #2801, #4587, #4897 ) ) ;
#3169 = DIRECTION ( 'NONE',  ( 6.123031769111888756E-17, -1.836909530733564901E-16, 1.000000000000000000 ) ) ;
#3170 = ORIENTED_EDGE ( 'NONE', *, *, #8760, .T. ) ;
#3171 = EDGE_CURVE ( 'NONE', #3875, #3555, #3813, .T. ) ;
#3172 =( NAMED_UNIT ( * ) SI_UNIT ( $, .STERADIAN. ) SOLID_ANGLE_UNIT ( ) );
#3173 = EDGE_LOOP ( 'NONE', ( #2991, #2221, #5481, #9620 ) ) ;
#3174 = EDGE_CURVE ( 'NONE', #2817, #5719, #10057, .T. ) ;
#3175 = PLANE ( 'NONE',  #8135 ) ;
#3176 = CARTESIAN_POINT ( 'NONE',  ( 1.885000000000000009, -0.6800000000000000488, 2.169999999999999929 ) ) ;
#3177 = DIRECTION ( 'NONE',  ( 0.0000000000000000000, 0.0000000000000000000, -1.000000000000000000 ) ) ;
#3178 = CARTESIAN_POINT ( 'NONE',  ( -5.080000000000000071, -3.750000000000000000, 1.000000000000000000 ) ) ;
#3179 = MECHANICAL_DESIGN_GEOMETRIC_PRESENTATION_REPRESENTATION (  '', ( #1562 ), #3742 ) ;
#3180 = EDGE_LOOP ( 'NONE', ( #4304, #1523, #4448, #6003 ) ) ;
#3181 = FACE_OUTER_BOUND ( 'NONE', #2561, .T. ) ;
#3182 = ADVANCED_FACE ( 'NONE', ( #8643 ), #2325, .T. ) ;
#3183 = PLANE ( 'NONE',  #7691 ) ;
#3184 =( NAMED_UNIT ( * ) SI_UNIT ( $, .STERADIAN. ) SOLID_ANGLE_UNIT ( ) );
#3185 = SURFACE_SIDE_STYLE ('',( #2762 ) ) ;
#3186 = VERTEX_POINT ( 'NONE', #3938 ) ;
#3187 = DIRECTION ( 'NONE',  ( 0.0000000000000000000, 1.000000000000000000, 0.0000000000000000000 ) ) ;
#3188 = FILL_AREA_STYLE_COLOUR ( '', #9595 ) ;
#3189 = PLANE ( 'NONE',  #2093 ) ;
#3190 = DIRECTION ( 'NONE',  ( -1.000000000000000000, 0.0000000000000000000, 6.123031769111888756E-17 ) ) ;
#3191 = CARTESIAN_POINT ( 'NONE',  ( 0.7549999999996720446, 0.6865000000000239799, -10.25999999999999979 ) ) ;
#3192 = PRESENTATION_LAYER_ASSIGNMENT (  '', '', ( #2106 ) ) ;
#3193 = CARTESIAN_POINT ( 'NONE',  ( -0.6549999999998290523, -0.9719250235416100336, -4.336245315462229577 ) ) ;
#3194 = PRESENTATION_LAYER_ASSIGNMENT (  '', '', ( #2113 ) ) ;
#3195 = FILL_AREA_STYLE_COLOUR ( '', #100 ) ;
#3196 = ORIENTED_EDGE ( 'NONE', *, *, #8002, .T. ) ;
#3197 = VECTOR ( 'NONE', #608, 1000.000000000000000 ) ;
#3198 = EDGE_CURVE ( 'NONE', #4360, #1393, #5727, .T. ) ;
#3199 = DIRECTION ( 'NONE',  ( 0.0000000000000000000, -1.000000000000000000, 0.0000000000000000000 ) ) ;
#3200 = DIRECTION ( 'NONE',  ( -6.123031769111888756E-17, 1.730217700714529757E-16, 1.000000000000000000 ) ) ;
#3201 = SURFACE_STYLE_FILL_AREA ( #1894 ) ;
#3202 = CARTESIAN_POINT ( 'NONE',  ( -4.425000000000235190, 3.650731991911014584E-05, -4.357628357563815058 ) ) ;
#3203 = CARTESIAN_POINT ( 'NONE',  ( 1.405000000000000027, -3.750000000000104805, 3.734999999852264718 ) ) ;
#3204 = DIRECTION ( 'NONE',  ( -6.123031769111888756E-17, 1.836909530733564901E-16, -1.000000000000000000 ) ) ;
#3205 = UNCERTAINTY_MEASURE_WITH_UNIT (LENGTH_MEASURE( 1.000000000000000082E-05 ), #2447, 'distance_accuracy_value', 'NONE');
#3206 = PRESENTATION_LAYER_ASSIGNMENT (  '', '', ( #2124 ) ) ;
#3207 = FACE_OUTER_BOUND ( 'NONE', #7888, .T. ) ;
#3208 = ORIENTED_EDGE ( 'NONE', *, *, #637, .F. ) ;
#3209 = ADVANCED_FACE ( 'NONE', ( #9801 ), #755, .F. ) ;
#3210 = CARTESIAN_POINT ( 'NONE',  ( 1.885000000000000009, -2.180000000000000160, -2.169999999999999929 ) ) ;
#3211 = EDGE_CURVE ( 'NONE', #9245, #6432, #2534, .T. ) ;
#3212 = DIRECTION ( 'NONE',  ( -6.123031769111888756E-17, 0.0000000000000000000, -1.000000000000000000 ) ) ;
#3213 = DIRECTION ( 'NONE',  ( 6.123031769111888756E-17, -1.836909530733564901E-16, 1.000000000000000000 ) ) ;
#3214 = DIRECTION ( 'NONE',  ( -3.681132786215100208E-13, -1.000000000000000000, -1.730217700714304685E-16 ) ) ;
#3215 = ORIENTED_EDGE ( 'NONE', *, *, #7943, .T. ) ;
#3216 = VECTOR ( 'NONE', #8670, 1000.000000000000000 ) ;
#3217 = FACE_OUTER_BOUND ( 'NONE', #1077, .T. ) ;
#3218 = CARTESIAN_POINT ( 'NONE',  ( 3.657599999999999962, 0.0000000000000000000, -0.9200000000000000400 ) ) ;
#3219 = ORIENTED_EDGE ( 'NONE', *, *, #5065, .F. ) ;
#3220 = CARTESIAN_POINT ( 'NONE',  ( -1.885000000000000009, 3.330669073875469621E-16, -1.667499999999999982 ) ) ;
#3221 = FILL_AREA_STYLE ('',( #2409 ) ) ;
#3222 = EDGE_CURVE ( 'NONE', #4604, #993, #9030, .T. ) ;
#3223 = DIRECTION ( 'NONE',  ( -6.123031769111888756E-17, 0.0000000000000000000, -1.000000000000000000 ) ) ;
#3224 = CARTESIAN_POINT ( 'NONE',  ( -0.9800000000011589441, -3.750000000000104805, 3.734999999852260277 ) ) ;
#3225 = CARTESIAN_POINT ( 'NONE',  ( 1.885000000000119913, -0.8897388526408829268, 4.186245315462254979 ) ) ;
#3226 = EDGE_LOOP ( 'NONE', ( #9527, #6299, #889, #8958, #5422, #6756, #7310, #9687 ) ) ;
#3227 = LINE ( 'NONE', #7128, #825 ) ;
#3228 = DIRECTION ( 'NONE',  ( -1.000000000000000000, 0.0000000000000000000, -1.224606353822377751E-16 ) ) ;
#3229 = LINE ( 'NONE', #5884, #7576 ) ;
#3230 = VECTOR ( 'NONE', #7354, 1000.000000000000114 ) ;
#3231 = ORIENTED_EDGE ( 'NONE', *, *, #2318, .F. ) ;
#3232 = ORIENTED_EDGE ( 'NONE', *, *, #3848, .F. ) ;
#3233 = EDGE_CURVE ( 'NONE', #6465, #3580, #388, .T. ) ;
#3234 = LINE ( 'NONE', #3843, #834 ) ;
#3235 = VECTOR ( 'NONE', #8558, 999.9999999999998863 ) ;
#3236 = DIRECTION ( 'NONE',  ( 6.123031769111888756E-17, 0.0000000000000000000, 1.000000000000000000 ) ) ;
#3237 = DIRECTION ( 'NONE',  ( -1.000000000000000000, 0.0000000000000000000, 0.0000000000000000000 ) ) ;
#3238 = CARTESIAN_POINT ( 'NONE',  ( -4.375000000000285993, 3.650732003279700389E-05, -10.25999999999999979 ) ) ;
#3239 = ADVANCED_FACE ( 'NONE', ( #137 ), #8911, .T. ) ;
#3240 = ORIENTED_EDGE ( 'NONE', *, *, #7836, .F. ) ;
#3241 = VECTOR ( 'NONE', #5744, 1000.000000000000000 ) ;
#3242 = VERTEX_POINT ( 'NONE', #3218 ) ;
#3243 = EDGE_CURVE ( 'NONE', #306, #6593, #4686, .T. ) ;
#3244 = VECTOR ( 'NONE', #8674, 1000.000000000000000 ) ;
#3245 = ORIENTED_EDGE ( 'NONE', *, *, #2276, .T. ) ;
#3246 = EDGE_LOOP ( 'NONE', ( #1979, #1913, #3734, #600 ) ) ;
#3247 = LINE ( 'NONE', #9434, #3521 ) ;
#3248 = COLOUR_RGB ( '',0.1411764705882352922, 0.1411764705882352922, 0.1411764705882352922 ) ;
#3249 = STYLED_ITEM ( 'NONE', ( #2718 ), #751 ) ;
#3250 = FACE_OUTER_BOUND ( 'NONE', #1363, .T. ) ;
#3251 = LINE ( 'NONE', #3653, #7343 ) ;
#3252 = VERTEX_POINT ( 'NONE', #8147 ) ;
#3253 = DIRECTION ( 'NONE',  ( -1.000000000000000000, 0.0000000000000000000, 6.123031769111888756E-17 ) ) ;
#3254 = EDGE_LOOP ( 'NONE', ( #9831, #3627, #5456, #10185 ) ) ;
#3255 = CARTESIAN_POINT ( 'NONE',  ( -0.6550000000000000266, 4.440892098500625176E-16, -2.169999999999999929 ) ) ;
#3256 = ORIENTED_EDGE ( 'NONE', *, *, #1775, .F. ) ;
#3257 = DIRECTION ( 'NONE',  ( 0.0000000000000000000, 1.000000000000000000, 0.0000000000000000000 ) ) ;
#3258 = CIRCLE ( 'NONE', #8612, 0.1000000000000807049 ) ;
#3259 = ORIENTED_EDGE ( 'NONE', *, *, #6733, .F. ) ;
#3260 = CARTESIAN_POINT ( 'NONE',  ( 0.7549999999996720446, 0.6865000000000239799, 4.478670392594660044 ) ) ;
#3261 = LINE ( 'NONE', #7391, #7352 ) ;
#3262 =( GEOMETRIC_REPRESENTATION_CONTEXT ( 3 ) GLOBAL_UNCERTAINTY_ASSIGNED_CONTEXT ( ( #8114 ) ) GLOBAL_UNIT_ASSIGNED_CONTEXT ( ( #8300, #3443, #9103 ) ) REPRESENTATION_CONTEXT ( 'NONE', 'WORKASPACE' ) );
#3263 = PLANE ( 'NONE',  #9333 ) ;
#3264 = LINE ( 'NONE', #7575, #862 ) ;
#3265 = CARTESIAN_POINT ( 'NONE',  ( -4.238334983499870035, -2.700000000000275069, 0.5399999999998500444 ) ) ;
#3266 = LINE ( 'NONE', #4151, #5177 ) ;
#3267 = EDGE_LOOP ( 'NONE', ( #1300, #5014, #9618, #3420, #3672, #3667, #7166, #1740, #5749, #1967, #5990, #5585, #333, #4844, #4750, #8116, #6963, #7235, #1001, #4188, #975, #2293, #5515, #9539, #6103, #3876, #27, #2591, #7619, #2119, #6390, #4797, #5577, #464, #1457, #7188, #7996, #6621, #1217, #1421, #10486, #6849, #5687, #8583, #10531, #6989, #10264, #7218, #6683, #3135, #9285, #9091, #2794, #5374 ) ) ;
#3268 = FILL_AREA_STYLE_COLOUR ( '', #4008 ) ;
#3269 = AXIS2_PLACEMENT_3D ( 'NONE', #6899, #1075, #1598 ) ;
#3270 = ORIENTED_EDGE ( 'NONE', *, *, #661, .T. ) ;
#3271 = ORIENTED_EDGE ( 'NONE', *, *, #4846, .F. ) ;
#3272 = CARTESIAN_POINT ( 'NONE',  ( -4.809999999999999609, -1.308111948986800055, 3.923659150360660153 ) ) ;
#3273 = CARTESIAN_POINT ( 'NONE',  ( -0.7549999999996730438, 0.6865000000000239799, 4.496744093870610470 ) ) ;
#3274 = FACE_OUTER_BOUND ( 'NONE', #8344, .T. ) ;
#3275 = VERTEX_POINT ( 'NONE', #7326 ) ;
#3276 =( NAMED_UNIT ( * ) PLANE_ANGLE_UNIT ( ) SI_UNIT ( $, .RADIAN. ) );
#3277 = FACE_OUTER_BOUND ( 'NONE', #5519, .T. ) ;
#3278 = CARTESIAN_POINT ( 'NONE',  ( -2.810000000000000053, -2.048462511770785088, -4.335675606200250165 ) ) ;
#3279 = ADVANCED_FACE ( 'NONE', ( #8514 ), #3263, .F. ) ;
#3280 =( NAMED_UNIT ( * ) SI_UNIT ( $, .STERADIAN. ) SOLID_ANGLE_UNIT ( ) );
#3281 = VECTOR ( 'NONE', #2295, 1000.000000000000000 ) ;
#3282 =( NAMED_UNIT ( * ) SI_UNIT ( $, .STERADIAN. ) SOLID_ANGLE_UNIT ( ) );
#3283 = AXIS2_PLACEMENT_3D ( 'NONE', #7779, #8566, #3707 ) ;
#3284 = ORIENTED_EDGE ( 'NONE', *, *, #6416, .T. ) ;
#3285 = DIRECTION ( 'NONE',  ( -1.000000000000000000, 0.0000000000000000000, 0.0000000000000000000 ) ) ;
#3286 = CARTESIAN_POINT ( 'NONE',  ( 3.174999999999999822, 3.885780586188049864E-16, -2.169999999999999929 ) ) ;
#3287 = VECTOR ( 'NONE', #4709, 1000.000000000000000 ) ;
#3288 = PLANE ( 'NONE',  #7719 ) ;
#3289 = ORIENTED_EDGE ( 'NONE', *, *, #6722, .T. ) ;
#3290 = ORIENTED_EDGE ( 'NONE', *, *, #4940, .F. ) ;
#3291 = AXIS2_PLACEMENT_3D ( 'NONE', #3307, #8995, #4114 ) ;
#3292 = EDGE_CURVE ( 'NONE', #2556, #9887, #4192, .T. ) ;
#3293 = LINE ( 'NONE', #1925, #4678 ) ;
#3294 = ORIENTED_EDGE ( 'NONE', *, *, #8749, .F. ) ;
#3295 = CARTESIAN_POINT ( 'NONE',  ( 3.194999999999764917, -8.272839892444299875E-16, 4.503673019291570156 ) ) ;
#3296 = FILL_AREA_STYLE_COLOUR ( '', #3733 ) ;
#3297 = SURFACE_STYLE_USAGE ( .BOTH. , #8171 ) ;
#3298 = PLANE ( 'NONE',  #7395 ) ;
#3299 = COLOUR_RGB ( '',0.1411764705882352922, 0.1411764705882352922, 0.1411764705882352922 ) ;
#3300 = DIRECTION ( 'NONE',  ( -1.000000000000000000, 0.0000000000000000000, 6.123031769111888756E-17 ) ) ;
#3301 = ORIENTED_EDGE ( 'NONE', *, *, #7057, .T. ) ;
#3302 = EDGE_CURVE ( 'NONE', #3587, #5959, #3445, .T. ) ;
#3303 = ADVANCED_FACE ( 'NONE', ( #1272 ), #901, .T. ) ;
#3304 =( LENGTH_UNIT ( ) NAMED_UNIT ( * ) SI_UNIT ( .MILLI., .METRE. ) );
#3305 = EDGE_LOOP ( 'NONE', ( #8351, #10055, #3453, #10005, #4107, #5263, #9017, #617 ) ) ;
#3306 = DIRECTION ( 'NONE',  ( 1.000000000000000000, 0.0000000000000000000, 6.123031769111888756E-17 ) ) ;
#3307 = CARTESIAN_POINT ( 'NONE',  ( -2.810000000000000053, -1.099477705281763917, -4.186245315462254979 ) ) ;
#3308 =( NAMED_UNIT ( * ) SI_UNIT ( $, .STERADIAN. ) SOLID_ANGLE_UNIT ( ) );
#3309 = EDGE_CURVE ( 'NONE', #1779, #6155, #3154, .T. ) ;
#3310 = CARTESIAN_POINT ( 'NONE',  ( -0.6549999999997639932, 3.650731991911014584E-05, -10.25999999999999979 ) ) ;
#3311 = CARTESIAN_POINT ( 'NONE',  ( 4.809999999999999609, -1.308111948986800055, -3.923659150360660153 ) ) ;
#3312 = FACE_OUTER_BOUND ( 'NONE', #7075, .T. ) ;
#3313 = CARTESIAN_POINT ( 'NONE',  ( 1.785000000000324993, 0.6005582141878489377, -4.463516536985710381 ) ) ;
#3314 = CARTESIAN_POINT ( 'NONE',  ( -1.284106735979636094, -7.250000000000000000, -3.884999999852265073 ) ) ;
#3315 = DIRECTION ( 'NONE',  ( -3.240339941653820604E-20, -0.9999998599709450930, -0.0005292051493183439707 ) ) ;
#3316 = ORIENTED_EDGE ( 'NONE', *, *, #7924, .F. ) ;
#3317 = FILL_AREA_STYLE_COLOUR ( '', #8601 ) ;
#3318 = EDGE_CURVE ( 'NONE', #5168, #4626, #7516, .T. ) ;
#3319 = PRESENTATION_LAYER_ASSIGNMENT (  '', '', ( #2766 ) ) ;
#3320 = VECTOR ( 'NONE', #2857, 1000.000000000000000 ) ;
#3321 = CARTESIAN_POINT ( 'NONE',  ( -1.076703708685609939, -6.797318496377550368, -10.25999999999999979 ) ) ;
#3322 = PLANE ( 'NONE',  #8781 ) ;
#3323 =( NAMED_UNIT ( * ) PLANE_ANGLE_UNIT ( ) SI_UNIT ( $, .RADIAN. ) );
#3324 = DIRECTION ( 'NONE',  ( 1.000000000000000000, 0.0000000000000000000, -6.123031769111888756E-17 ) ) ;
#3325 = EDGE_CURVE ( 'NONE', #4895, #10372, #1023, .T. ) ;
#3326 = ORIENTED_EDGE ( 'NONE', *, *, #9696, .T. ) ;
#3327 = CARTESIAN_POINT ( 'NONE',  ( -5.080000000000000071, -1.754506651265350214, 0.02920150240682125101 ) ) ;
#3328 = CIRCLE ( 'NONE', #546, 0.1000000000000807049 ) ;
#3329 = ORIENTED_EDGE ( 'NONE', *, *, #4090, .T. ) ;
#3330 = ADVANCED_FACE ( 'NONE', ( #5073, #9406 ), #9856, .T. ) ;
#3331 = VERTEX_POINT ( 'NONE', #1749 ) ;
#3332 = PLANE ( 'NONE',  #4096 ) ;
#3333 = DIRECTION ( 'NONE',  ( -1.000000000000000000, 0.0000000000000000000, 6.123031769111888756E-17 ) ) ;
#3334 = ORIENTED_EDGE ( 'NONE', *, *, #1144, .F. ) ;
#3335 = DIRECTION ( 'NONE',  ( 1.000000000000000000, 0.0000000000000000000, -6.123031769111888756E-17 ) ) ;
#3336 = LINE ( 'NONE', #10516, #4662 ) ;
#3337 = SURFACE_STYLE_USAGE ( .BOTH. , #6583 ) ;
#3338 = AXIS2_PLACEMENT_3D ( 'NONE', #4347, #72, #657 ) ;
#3339 = CARTESIAN_POINT ( 'NONE',  ( -1.270000000000000018, -2.180000000000000160, 2.169999999999999929 ) ) ;
#3340 = DIRECTION ( 'NONE',  ( 0.0000000000000000000, 1.000000000000000000, 0.0000000000000000000 ) ) ;
#3341 = CARTESIAN_POINT ( 'NONE',  ( 0.6550000000000000266, -0.5070092621839650260, 4.418222507946190092 ) ) ;
#3342 = CARTESIAN_POINT ( 'NONE',  ( -2.810000000000000053, -0.1618430139594435047, -2.597605896938239844 ) ) ;
#3343 = CARTESIAN_POINT ( 'NONE',  ( 3.310000000000000053, 0.6865000000000239799, 4.496744093870610470 ) ) ;
#3344 = PLANE ( 'NONE',  #9038 ) ;
#3345 = LINE ( 'NONE', #426, #4993 ) ;
#3346 = DIRECTION ( 'NONE',  ( -3.228643919281117811E-17, 0.8496822954477646350, -0.5272949808244127290 ) ) ;
#3347 = FILL_AREA_STYLE_COLOUR ( '', #229 ) ;
#3348 = UNCERTAINTY_MEASURE_WITH_UNIT (LENGTH_MEASURE( 1.000000000000000082E-05 ), #2045, 'distance_accuracy_value', 'NONE');
#3349 = AXIS2_PLACEMENT_3D ( 'NONE', #10406, #6350, #1482 ) ;
#3350 =( LENGTH_UNIT ( ) NAMED_UNIT ( * ) SI_UNIT ( .MILLI., .METRE. ) );
#3351 = LINE ( 'NONE', #3826, #5490 ) ;
#3352 = DIRECTION ( 'NONE',  ( 1.224606353822375779E-16, 0.0000000000000000000, -1.000000000000000000 ) ) ;
#3353 =( NAMED_UNIT ( * ) SI_UNIT ( $, .STERADIAN. ) SOLID_ANGLE_UNIT ( ) );
#3354 = COLOUR_RGB ( '',0.1411764705882352922, 0.1411764705882352922, 0.1411764705882352922 ) ;
#3355 = LINE ( 'NONE', #6995, #1441 ) ;
#3356 =( GEOMETRIC_REPRESENTATION_CONTEXT ( 3 ) GLOBAL_UNCERTAINTY_ASSIGNED_CONTEXT ( ( #2563 ) ) GLOBAL_UNIT_ASSIGNED_CONTEXT ( ( #2371, #8070, #3184 ) ) REPRESENTATION_CONTEXT ( 'NONE', 'WORKASPACE' ) );
#3357 = CARTESIAN_POINT ( 'NONE',  ( 0.6549999999999089884, -2.180000000000000160, 4.335605995874404428 ) ) ;
#3358 = EDGE_CURVE ( 'NONE', #3275, #5856, #4307, .T. ) ;
#3359 = UNCERTAINTY_MEASURE_WITH_UNIT (LENGTH_MEASURE( 1.000000000000000082E-05 ), #5321, 'distance_accuracy_value', 'NONE');
#3360 = EDGE_LOOP ( 'NONE', ( #5045, #10142, #5660, #8734 ) ) ;
#3361 = VECTOR ( 'NONE', #2411, 1000.000000000000000 ) ;
#3362 = DIRECTION ( 'NONE',  ( -1.000000000000000000, 0.0000000000000000000, 6.123031769111888756E-17 ) ) ;
#3363 = ADVANCED_FACE ( 'NONE', ( #6484 ), #3473, .T. ) ;
#3364 = CARTESIAN_POINT ( 'NONE',  ( -4.809999999999999609, -0.1618430139594435047, 2.597605896938239844 ) ) ;
#3365 = LINE ( 'NONE', #6498, #9855 ) ;
#3366 = ORIENTED_EDGE ( 'NONE', *, *, #1672, .F. ) ;
#3367 = AXIS2_PLACEMENT_3D ( 'NONE', #6887, #4447, #10168 ) ;
#3368 = ORIENTED_EDGE ( 'NONE', *, *, #6438, .T. ) ;
#3369 = LINE ( 'NONE', #7340, #3079 ) ;
#3370 = MECHANICAL_DESIGN_GEOMETRIC_PRESENTATION_REPRESENTATION (  '', ( #1735 ), #3905 ) ;
#3371 = MECHANICAL_DESIGN_GEOMETRIC_PRESENTATION_REPRESENTATION (  '', ( #2269 ), #3906 ) ;
#3372 = CARTESIAN_POINT ( 'NONE',  ( 5.080000000000000071, -3.925000000000180123, -3.329999999997769855 ) ) ;
#3373 = LINE ( 'NONE', #5790, #5250 ) ;
#3374 = VERTEX_POINT ( 'NONE', #10016 ) ;
#3375 = FACE_OUTER_BOUND ( 'NONE', #8881, .T. ) ;
#3376 = CARTESIAN_POINT ( 'NONE',  ( -4.238334983499870035, -3.049999999999729816, 0.5399999999998500444 ) ) ;
#3377 = FACE_OUTER_BOUND ( 'NONE', #8389, .T. ) ;
#3378 = PLANE ( 'NONE',  #3808 ) ;
#3379 = ORIENTED_EDGE ( 'NONE', *, *, #1997, .T. ) ;
#3380 = LINE ( 'NONE', #9360, #9342 ) ;
#3381 = VERTEX_POINT ( 'NONE', #9184 ) ;
#3382 = SURFACE_STYLE_USAGE ( .BOTH. , #8267 ) ;
#3383 = CARTESIAN_POINT ( 'NONE',  ( -1.885000000000000009, -0.6800000000000000488, -2.169999999999999929 ) ) ;
#3384 = FACE_OUTER_BOUND ( 'NONE', #2959, .T. ) ;
#3385 = ORIENTED_EDGE ( 'NONE', *, *, #6971, .F. ) ;
#3387 = ORIENTED_EDGE ( 'NONE', *, *, #2072, .T. ) ;
#3386 = CARTESIAN_POINT ( 'NONE',  ( -2.810000000000000053, -5.325000000000000178, -3.884999999852265073 ) ) ;
#3388 = LINE ( 'NONE', #2307, #3096 ) ;
#3389 = VECTOR ( 'NONE', #1224, 1000.000000000000114 ) ;
#3390 = EDGE_CURVE ( 'NONE', #1503, #9403, #7640, .T. ) ;
#3391 = DIRECTION ( 'NONE',  ( 1.063253308502823887E-17, -0.9848077530122131273, 0.1736481776669020483 ) ) ;
#3392 = DIRECTION ( 'NONE',  ( 1.000000000000000000, 0.0000000000000000000, 6.123031769111888756E-17 ) ) ;
#3393 = COLOUR_RGB ( '',0.1411764705882352922, 0.1411764705882352922, 0.1411764705882352922 ) ;
#3394 = PRESENTATION_LAYER_ASSIGNMENT (  '', '', ( #4451 ) ) ;
#3395 = FILL_AREA_STYLE_COLOUR ( '', #3705 ) ;
#3396 = ADVANCED_FACE ( 'NONE', ( #1140 ), #7379, .T. ) ;
#3397 = CARTESIAN_POINT ( 'NONE',  ( 0.2700000000000000178, -0.4000000000000569766, 2.185105896938275283 ) ) ;
#3398 = VERTEX_POINT ( 'NONE', #7597 ) ;
#3399 = LINE ( 'NONE', #8717, #5531 ) ;
#3400 = ORIENTED_EDGE ( 'NONE', *, *, #1187, .F. ) ;
#3401 = CARTESIAN_POINT ( 'NONE',  ( -1.785000000000329878, 0.3432682536600850098, -10.25999999999999979 ) ) ;
#3402 = DIRECTION ( 'NONE',  ( -5.202631688678576249E-17, 0.5272949808244127290, -0.8496822954477646350 ) ) ;
#3403 = EDGE_CURVE ( 'NONE', #6439, #559, #9790, .T. ) ;
#3404 = EDGE_LOOP ( 'NONE', ( #9182, #1609, #6210, #5050 ) ) ;
#3405 = FACE_OUTER_BOUND ( 'NONE', #7374, .T. ) ;
#3406 = ORIENTED_EDGE ( 'NONE', *, *, #1196, .F. ) ;
#3407 = VECTOR ( 'NONE', #5271, 1000.000000000000114 ) ;
#3408 = ORIENTED_EDGE ( 'NONE', *, *, #6462, .T. ) ;
#3409 = FACE_OUTER_BOUND ( 'NONE', #2729, .T. ) ;
#3410 = LINE ( 'NONE', #4027, #5277 ) ;
#3411 = CARTESIAN_POINT ( 'NONE',  ( 1.284106735979636094, -7.250000000000000000, 3.809999999852264896 ) ) ;
#3412 = EDGE_CURVE ( 'NONE', #4524, #7358, #9531, .T. ) ;
#3413 = EDGE_LOOP ( 'NONE', ( #1150, #3928, #6054, #2166 ) ) ;
#3414 = CARTESIAN_POINT ( 'NONE',  ( -1.270000000000027995, -7.150999999999920753, 10.25999999999999979 ) ) ;
#3415 = ORIENTED_EDGE ( 'NONE', *, *, #7185, .T. ) ;
#3416 = LINE ( 'NONE', #5721, #7484 ) ;
#3417 = ORIENTED_EDGE ( 'NONE', *, *, #6864, .F. ) ;
#3418 = AXIS2_PLACEMENT_3D ( 'NONE', #5775, #8129, #8966 ) ;
#3419 = VECTOR ( 'NONE', #4903, 1000.000000000000000 ) ;
#3420 = ORIENTED_EDGE ( 'NONE', *, *, #527, .T. ) ;
#3421 = LINE ( 'NONE', #4534, #3125 ) ;
#3422 = DIRECTION ( 'NONE',  ( -1.000000000000000000, -6.687461042448720151E-14, -1.224606353822377751E-16 ) ) ;
#3423 = DIRECTION ( 'NONE',  ( -3.681132786215100208E-13, 1.000000000000000000, -1.730217700714754829E-16 ) ) ;
#3424 = CARTESIAN_POINT ( 'NONE',  ( -1.559999999999020170, -6.417755088248520146, -3.884999999852265073 ) ) ;
#3425 = VECTOR ( 'NONE', #902, 1000.000000000000000 ) ;
#3426 = DIRECTION ( 'NONE',  ( 0.0000000000000000000, -1.000000000000000000, 0.0000000000000000000 ) ) ;
#3427 = ORIENTED_EDGE ( 'NONE', *, *, #5475, .F. ) ;
#3428 = EDGE_LOOP ( 'NONE', ( #6228, #5939, #2044, #6569 ) ) ;
#3429 = MECHANICAL_DESIGN_GEOMETRIC_PRESENTATION_REPRESENTATION (  '', ( #1782 ), #3943 ) ;
#3430 = ADVANCED_FACE ( 'NONE', ( #887 ), #4946, .T. ) ;
#3431 = VERTEX_POINT ( 'NONE', #6807 ) ;
#3432 = ORIENTED_EDGE ( 'NONE', *, *, #9529, .T. ) ;
#3433 = VECTOR ( 'NONE', #7804, 1000.000000000000000 ) ;
#3434 = SURFACE_STYLE_USAGE ( .BOTH. , #8293 ) ;
#3435 = EDGE_CURVE ( 'NONE', #1643, #8934, #9276, .T. ) ;
#3436 = ORIENTED_EDGE ( 'NONE', *, *, #7346, .T. ) ;
#3437 = CARTESIAN_POINT ( 'NONE',  ( -0.7699999999999999067, -2.180000000000000160, -4.335605995874404428 ) ) ;
#3438 = VECTOR ( 'NONE', #7768, 1000.000000000000000 ) ;
#3439 = PLANE ( 'NONE',  #8123 ) ;
#3440 = ORIENTED_EDGE ( 'NONE', *, *, #6903, .T. ) ;
#3441 = VERTEX_POINT ( 'NONE', #9260 ) ;
#3442 = DIRECTION ( 'NONE',  ( -6.585863482570437247E-14, -0.9848077530121837064, 0.1736481776670679711 ) ) ;
#3443 =( NAMED_UNIT ( * ) PLANE_ANGLE_UNIT ( ) SI_UNIT ( $, .RADIAN. ) );
#3444 = CARTESIAN_POINT ( 'NONE',  ( -2.810000000000000053, -5.325000000000000178, -3.734999999852264718 ) ) ;
#3445 = LINE ( 'NONE', #818, #9665 ) ;
#3446 = AXIS2_PLACEMENT_3D ( 'NONE', #6011, #1146, #6837 ) ;
#3447 = SURFACE_SIDE_STYLE ('',( #583 ) ) ;
#3448 = ORIENTED_EDGE ( 'NONE', *, *, #6780, .F. ) ;
#3449 = CARTESIAN_POINT ( 'NONE',  ( 4.425000000000235190, 8.272839892444299875E-16, -4.503673019291570156 ) ) ;
#3450 = MECHANICAL_DESIGN_GEOMETRIC_PRESENTATION_REPRESENTATION (  '', ( #1800 ), #3957 ) ;
#3451 = EDGE_CURVE ( 'NONE', #8510, #1346, #3021, .T. ) ;
#3452 = FACE_OUTER_BOUND ( 'NONE', #478, .T. ) ;
#3453 = ORIENTED_EDGE ( 'NONE', *, *, #4902, .F. ) ;
#3454 = ORIENTED_EDGE ( 'NONE', *, *, #9115, .T. ) ;
#3455 = FILL_AREA_STYLE ('',( #1382 ) ) ;
#3456 =( NAMED_UNIT ( * ) PLANE_ANGLE_UNIT ( ) SI_UNIT ( $, .RADIAN. ) );
#3457 = CARTESIAN_POINT ( 'NONE',  ( 3.194999999999999840, -3.330669073875469621E-16, 1.667499999999999982 ) ) ;
#3458 =( NAMED_UNIT ( * ) SI_UNIT ( $, .STERADIAN. ) SOLID_ANGLE_UNIT ( ) );
#3459 = VERTEX_POINT ( 'NONE', #5197 ) ;
#3460 = CARTESIAN_POINT ( 'NONE',  ( 1.885000000000000009, -1.364496228814613854, -4.336037564729834592 ) ) ;
#3461 = EDGE_CURVE ( 'NONE', #104, #564, #3293, .T. ) ;
#3462 = DIRECTION ( 'NONE',  ( 0.0000000000000000000, 0.0000000000000000000, -1.000000000000000000 ) ) ;
#3463 = CARTESIAN_POINT ( 'NONE',  ( 3.520000000000000018, -6.417755088244880390, 10.25999999999999979 ) ) ;
#3464 = DIRECTION ( 'NONE',  ( -1.063253308502803550E-17, 0.9848077530122136825, 0.1736481776668984400 ) ) ;
#3465 = PLANE ( 'NONE',  #3818 ) ;
#3466 = ORIENTED_EDGE ( 'NONE', *, *, #1277, .F. ) ;
#3467 = COLOUR_RGB ( '',0.1411764705882352922, 0.1411764705882352922, 0.1411764705882352922 ) ;
#3468 = CARTESIAN_POINT ( 'NONE',  ( 5.080000000000000071, -4.100000000000365574, -3.329999999997769855 ) ) ;
#3469 = ORIENTED_EDGE ( 'NONE', *, *, #2211, .F. ) ;
#3470 = ORIENTED_EDGE ( 'NONE', *, *, #5143, .T. ) ;
#3471 = EDGE_CURVE ( 'NONE', #7558, #1142, #7115, .T. ) ;
#3472 = CARTESIAN_POINT ( 'NONE',  ( 1.270000000000025997, -7.150999999999920753, -3.884999999852265073 ) ) ;
#3473 = PLANE ( 'NONE',  #6965 ) ;
#3474 = DIRECTION ( 'NONE',  ( -0.2468892371169170985, 0.9690437062361153542, 1.827827637527605244E-16 ) ) ;
#3475 = ADVANCED_FACE ( 'NONE', ( #2523 ), #8469, .T. ) ;
#3476 = FACE_OUTER_BOUND ( 'NONE', #4794, .T. ) ;
#3477 =( NAMED_UNIT ( * ) PLANE_ANGLE_UNIT ( ) SI_UNIT ( $, .RADIAN. ) );
#3478 = EDGE_CURVE ( 'NONE', #7001, #7240, #6613, .T. ) ;
#3479 = VECTOR ( 'NONE', #4631, 1000.000000000000000 ) ;
#3480 = VECTOR ( 'NONE', #1765, 1000.000000000000000 ) ;
#3481 =( GEOMETRIC_REPRESENTATION_CONTEXT ( 3 ) GLOBAL_UNCERTAINTY_ASSIGNED_CONTEXT ( ( #5102 ) ) GLOBAL_UNIT_ASSIGNED_CONTEXT ( ( #4837, #10541, #5661 ) ) REPRESENTATION_CONTEXT ( 'NONE', 'WORKASPACE' ) );
#3482 = CARTESIAN_POINT ( 'NONE',  ( -1.366592582628800123, -7.176881904510220345, 3.734999999852264718 ) ) ;
#3483 = LINE ( 'NONE', #1812, #7812 ) ;
#3484 = PLANE ( 'NONE',  #2023 ) ;
#3485 = CARTESIAN_POINT ( 'NONE',  ( 3.294999999999674856, 0.1836702602581190280, -7.348433255235999439 ) ) ;
#3486 = VECTOR ( 'NONE', #114, 1000.000000000000000 ) ;
#3487 = VERTEX_POINT ( 'NONE', #5219 ) ;
#3488 = PRESENTATION_STYLE_ASSIGNMENT (( #8924 ) ) ;
#3489 = SURFACE_STYLE_USAGE ( .BOTH. , #8359 ) ;
#3490 = CARTESIAN_POINT ( 'NONE',  ( 1.885000000000184972, -0.3902521710451150594, 4.288809933303020294 ) ) ;
#3491 = PLANE ( 'NONE',  #9157 ) ;
#3492 =( GEOMETRIC_REPRESENTATION_CONTEXT ( 3 ) GLOBAL_UNCERTAINTY_ASSIGNED_CONTEXT ( ( #8684 ) ) GLOBAL_UNIT_ASSIGNED_CONTEXT ( ( #7982, #3074, #8777 ) ) REPRESENTATION_CONTEXT ( 'NONE', 'WORKASPACE' ) );
#3493 = EDGE_LOOP ( 'NONE', ( #7962, #6249, #1586, #7360, #6198, #4998, #8869, #9661, #209 ) ) ;
#3494 = LINE ( 'NONE', #7884, #7561 ) ;
#3495 = CARTESIAN_POINT ( 'NONE',  ( 0.9174999999966609865, 3.650730121762535418E-05, -4.503679456513770774 ) ) ;
#3496 = FILL_AREA_STYLE ('',( #8401 ) ) ;
#3497 = VECTOR ( 'NONE', #9453, 1000.000000000000000 ) ;
#3498 = EDGE_LOOP ( 'NONE', ( #5574, #1198, #7985, #10440 ) ) ;
#3499 = CARTESIAN_POINT ( 'NONE',  ( 3.194999999999999840, -2.180000000000000160, -2.169999999999999929 ) ) ;
#3500 = DIRECTION ( 'NONE',  ( -2.126506617005608948E-17, 0.9848077530122136825, 0.1736481776668984678 ) ) ;
#3501 = SURFACE_STYLE_FILL_AREA ( #2582 ) ;
#3502 = CARTESIAN_POINT ( 'NONE',  ( -3.810000000000000053, -7.150999999999920753, 3.734999999852264718 ) ) ;
#3503 = EDGE_CURVE ( 'NONE', #473, #3109, #2262, .T. ) ;
#3504 = DIRECTION ( 'NONE',  ( 0.0000000000000000000, -1.000000000000000000, 0.0000000000000000000 ) ) ;
#3505 = ORIENTED_EDGE ( 'NONE', *, *, #9277, .T. ) ;
#3506 = VECTOR ( 'NONE', #7021, 1000.000000000000000 ) ;
#3507 = LINE ( 'NONE', #7250, #1338 ) ;
#3508 = VECTOR ( 'NONE', #10548, 1000.000000000000000 ) ;
#3509 = ORIENTED_EDGE ( 'NONE', *, *, #1817, .F. ) ;
#3510 =( GEOMETRIC_REPRESENTATION_CONTEXT ( 3 ) GLOBAL_UNCERTAINTY_ASSIGNED_CONTEXT ( ( #2690 ) ) GLOBAL_UNIT_ASSIGNED_CONTEXT ( ( #4813, #10507, #5626 ) ) REPRESENTATION_CONTEXT ( 'NONE', 'WORKASPACE' ) );
#3511 = VECTOR ( 'NONE', #3002, 1000.000000000000000 ) ;
#3512 = MECHANICAL_DESIGN_GEOMETRIC_PRESENTATION_REPRESENTATION (  '', ( #1873 ), #4039 ) ;
#3513 = SURFACE_SIDE_STYLE ('',( #10345 ) ) ;
#3514 = ORIENTED_EDGE ( 'NONE', *, *, #745, .F. ) ;
#3515 = LINE ( 'NONE', #5713, #9739 ) ;
#3516 = ORIENTED_EDGE ( 'NONE', *, *, #4103, .F. ) ;
#3517 = CARTESIAN_POINT ( 'NONE',  ( 5.080000000000000071, -3.049999999999729816, 0.5399999999998489342 ) ) ;
#3518 = LINE ( 'NONE', #3822, #3244 ) ;
#3519 = ORIENTED_EDGE ( 'NONE', *, *, #6136, .T. ) ;
#3520 = VERTEX_POINT ( 'NONE', #1179 ) ;
#3521 = VECTOR ( 'NONE', #4555, 1000.000000000000000 ) ;
#3522 = EDGE_CURVE ( 'NONE', #6704, #10381, #381, .T. ) ;
#3523 = VECTOR ( 'NONE', #5888, 1000.000000000000000 ) ;
#3524 = VECTOR ( 'NONE', #2560, 1000.000000000000000 ) ;
#3525 = CYLINDRICAL_SURFACE ( 'NONE', #534, 1.000000000000000000 ) ;
#3526 = ADVANCED_FACE ( 'NONE', ( #8508 ), #6879, .T. ) ;
#3527 = CARTESIAN_POINT ( 'NONE',  ( -4.424999999999999822, -2.180000000000000160, 2.169999999999999929 ) ) ;
#3528 = FILL_AREA_STYLE_COLOUR ( '', #9255 ) ;
#3529 = ORIENTED_EDGE ( 'NONE', *, *, #7140, .F. ) ;
#3530 = ORIENTED_EDGE ( 'NONE', *, *, #3988, .F. ) ;
#3531 = EDGE_CURVE ( 'NONE', #3874, #3242, #4426, .T. ) ;
#3532 = VERTEX_POINT ( 'NONE', #6904 ) ;
#3533 = PRESENTATION_STYLE_ASSIGNMENT (( #1875 ) ) ;
#3534 = ORIENTED_EDGE ( 'NONE', *, *, #521, .F. ) ;
#3535 = PLANE ( 'NONE',  #7758 ) ;
#3536 = DIRECTION ( 'NONE',  ( 1.000000000000000000, 0.0000000000000000000, 0.0000000000000000000 ) ) ;
#3537 = LINE ( 'NONE', #4260, #1112 ) ;
#3538 = AXIS2_PLACEMENT_3D ( 'NONE', #666, #6359, #1496 ) ;
#3539 = CARTESIAN_POINT ( 'NONE',  ( 1.885000000000234932, 3.650731991911014584E-05, 4.357628357563815058 ) ) ;
#3540 = ORIENTED_EDGE ( 'NONE', *, *, #5707, .F. ) ;
#3541 = LINE ( 'NONE', #4843, #1374 ) ;
#3542 = CARTESIAN_POINT ( 'NONE',  ( 1.785000000000324993, 3.650732014648385516E-05, 4.503679456517109436 ) ) ;
#3543 = EDGE_CURVE ( 'NONE', #6303, #8007, #8753, .T. ) ;
#3544 = ORIENTED_EDGE ( 'NONE', *, *, #684, .T. ) ;
#3545 = DIRECTION ( 'NONE',  ( -3.342835721018934545E-31, 1.000000000000000000, -5.459445332101871020E-15 ) ) ;
#3546 = ORIENTED_EDGE ( 'NONE', *, *, #10283, .T. ) ;
#3547 = ORIENTED_EDGE ( 'NONE', *, *, #8432, .T. ) ;
#3548 = DIRECTION ( 'NONE',  ( -3.681132786215100208E-13, -1.000000000000000000, -1.730217700714304685E-16 ) ) ;
#3549 = DIRECTION ( 'NONE',  ( -1.000000000000000000, 0.0000000000000000000, 6.123031769111888756E-17 ) ) ;
#3550 = ORIENTED_EDGE ( 'NONE', *, *, #5602, .T. ) ;
#3551 = FACE_OUTER_BOUND ( 'NONE', #3747, .T. ) ;
#3552 = EDGE_CURVE ( 'NONE', #6480, #2933, #10420, .T. ) ;
#3553 = VECTOR ( 'NONE', #10427, 1000.000000000000000 ) ;
#3554 = MECHANICAL_DESIGN_GEOMETRIC_PRESENTATION_REPRESENTATION (  '', ( #1902 ), #4073 ) ;
#3555 = VERTEX_POINT ( 'NONE', #2826 ) ;
#3556 = VECTOR ( 'NONE', #9586, 1000.000000000000000 ) ;
#3557 = ORIENTED_EDGE ( 'NONE', *, *, #9335, .T. ) ;
#3558 = CARTESIAN_POINT ( 'NONE',  ( 0.2700000000000000178, -5.325000000000000178, 3.884999999852265073 ) ) ;
#3559 = CARTESIAN_POINT ( 'NONE',  ( 1.785000000000324993, 0.6865000000000239799, 4.496744093870610470 ) ) ;
#3560 = ORIENTED_EDGE ( 'NONE', *, *, #1916, .F. ) ;
#3561 = UNCERTAINTY_MEASURE_WITH_UNIT (LENGTH_MEASURE( 1.000000000000000082E-05 ), #1877, 'distance_accuracy_value', 'NONE');
#3562 = AXIS2_PLACEMENT_3D ( 'NONE', #1195, #420, #6106 ) ;
#3563 = ORIENTED_EDGE ( 'NONE', *, *, #8415, .F. ) ;
#3564 = CARTESIAN_POINT ( 'NONE',  ( -3.194999999999999840, -2.180000000000000160, 3.334999999999999964 ) ) ;
#3565 = CARTESIAN_POINT ( 'NONE',  ( 4.099999999998930278, -5.116929645232019652, 3.734999999852260277 ) ) ;
#3566 = SURFACE_SIDE_STYLE ('',( #1065 ) ) ;
#3567 = EDGE_CURVE ( 'NONE', #6432, #9652, #2013, .T. ) ;
#3568 = VECTOR ( 'NONE', #1537, 1000.000000000000000 ) ;
#3569 = DIRECTION ( 'NONE',  ( 6.673570731747099829E-14, -1.000000000000000000, 1.730217700714569693E-16 ) ) ;
#3570 = CARTESIAN_POINT ( 'NONE',  ( -1.885000000000000009, -2.180000000000000160, -3.334999999999999964 ) ) ;
#3571 = ORIENTED_EDGE ( 'NONE', *, *, #2396, .T. ) ;
#3572 = ORIENTED_EDGE ( 'NONE', *, *, #8639, .F. ) ;
#3573 = DIRECTION ( 'NONE',  ( 1.000000000000000000, -6.945087750622360396E-16, -6.123031769111888756E-17 ) ) ;
#3574 = FILL_AREA_STYLE ('',( #10053 ) ) ;
#3575 = LINE ( 'NONE', #3397, #7654 ) ;
#3576 = ADVANCED_FACE ( 'NONE', ( #10172 ), #1264, .T. ) ;
#3577 = DIRECTION ( 'NONE',  ( 1.000000000000000000, 0.0000000000000000000, 6.123031769111888756E-17 ) ) ;
#3578 = DIRECTION ( 'NONE',  ( 1.000000000000000000, 0.0000000000000000000, -6.123031769111888756E-17 ) ) ;
#3579 = PRESENTATION_LAYER_ASSIGNMENT (  '', '', ( #2459 ) ) ;
#3580 = VERTEX_POINT ( 'NONE', #6123 ) ;
#3581 = EDGE_CURVE ( 'NONE', #1882, #6699, #5841, .T. ) ;
#3582 = FACE_OUTER_BOUND ( 'NONE', #110, .T. ) ;
#3583 = CARTESIAN_POINT ( 'NONE',  ( -0.6550000000000000266, -3.330669073875469621E-16, 1.667499999999999982 ) ) ;
#3584 = VERTEX_POINT ( 'NONE', #8561 ) ;
#3585 = EDGE_CURVE ( 'NONE', #9464, #1366, #3676, .T. ) ;
#3586 = MECHANICAL_DESIGN_GEOMETRIC_PRESENTATION_REPRESENTATION (  '', ( #1939 ), #4121 ) ;
#3587 = VERTEX_POINT ( 'NONE', #480 ) ;
#3588 = EDGE_CURVE ( 'NONE', #3901, #6567, #8003, .T. ) ;
#3589 = VERTEX_POINT ( 'NONE', #2090 ) ;
#3590 = CARTESIAN_POINT ( 'NONE',  ( 3.294999999999669527, 0.6646145760520150159, -4.620862500821749208 ) ) ;
#3591 = SURFACE_STYLE_USAGE ( .BOTH. , #8456 ) ;
#3592 = VECTOR ( 'NONE', #9670, 1000.000000000000000 ) ;
#3593 = SURFACE_STYLE_USAGE ( .BOTH. , #7383 ) ;
#3594 = CARTESIAN_POINT ( 'NONE',  ( 0.7549999999996720446, 3.650732037385749672E-05, 10.25999999999999979 ) ) ;
#3595 = COLOUR_RGB ( '',0.1411764705882352922, 0.1411764705882352922, 0.1411764705882352922 ) ;
#3596 = DIRECTION ( 'NONE',  ( -6.123031769111888756E-17, 0.0000000000000000000, -1.000000000000000000 ) ) ;
#3597 = EDGE_CURVE ( 'NONE', #5190, #3679, #1776, .T. ) ;
#3598 = CARTESIAN_POINT ( 'NONE',  ( -4.424999999999999822, -0.6800000000000000488, -2.169999999999999929 ) ) ;
#3599 = DIRECTION ( 'NONE',  ( -6.123031769111888756E-17, 1.730217700714529757E-16, 1.000000000000000000 ) ) ;
#3600 = VECTOR ( 'NONE', #366, 1000.000000000000114 ) ;
#3601 = AXIS2_PLACEMENT_3D ( 'NONE', #7684, #5209, #6894 ) ;
#3602 = DIRECTION ( 'NONE',  ( 0.0000000000000000000, 1.000000000000000000, 0.0000000000000000000 ) ) ;
#3603 = CIRCLE ( 'NONE', #3538, 0.1000000000000804967 ) ;
#3604 = VECTOR ( 'NONE', #7785, 1000.000000000000000 ) ;
#3605 = VERTEX_POINT ( 'NONE', #3740 ) ;
#3606 = VECTOR ( 'NONE', #8889, 1000.000000000000000 ) ;
#3607 = AXIS2_PLACEMENT_3D ( 'NONE', #6093, #3673, #4497 ) ;
#3608 = CARTESIAN_POINT ( 'NONE',  ( 1.603051519122189905, -6.248777273997109916, 3.884999999852265073 ) ) ;
#3609 = CARTESIAN_POINT ( 'NONE',  ( -3.906592582628799715, -7.176881904510220345, 10.25999999999999979 ) ) ;
#3610 = VECTOR ( 'NONE', #1055, 1000.000000000000000 ) ;
#3611 = ORIENTED_EDGE ( 'NONE', *, *, #4588, .T. ) ;
#3612 =( NAMED_UNIT ( * ) PLANE_ANGLE_UNIT ( ) SI_UNIT ( $, .RADIAN. ) );
#3613 = PRESENTATION_LAYER_ASSIGNMENT (  '', '', ( #2522 ) ) ;
#3614 = EDGE_CURVE ( 'NONE', #5085, #8347, #5569, .T. ) ;
#3615 = ADVANCED_FACE ( 'NONE', ( #7507 ), #1320, .T. ) ;
#3616 = ORIENTED_EDGE ( 'NONE', *, *, #3927, .F. ) ;
#3617 = FACE_OUTER_BOUND ( 'NONE', #5797, .T. ) ;
#3618 = FACE_OUTER_BOUND ( 'NONE', #2074, .T. ) ;
#3619 = VERTEX_POINT ( 'NONE', #5354 ) ;
#3620 = LINE ( 'NONE', #3110, #9870 ) ;
#3621 = DIRECTION ( 'NONE',  ( 6.123031769111888756E-17, -1.836909530733564901E-16, 1.000000000000000000 ) ) ;
#3622 = PLANE ( 'NONE',  #5597 ) ;
#3623 = SURFACE_STYLE_FILL_AREA ( #10521 ) ;
#3624 = AXIS2_PLACEMENT_3D ( 'NONE', #7336, #2438, #8150 ) ;
#3625 =( NAMED_UNIT ( * ) SI_UNIT ( $, .STERADIAN. ) SOLID_ANGLE_UNIT ( ) );
#3626 = DIRECTION ( 'NONE',  ( -1.000000000000000000, 0.0000000000000000000, -6.123031769111888756E-17 ) ) ;
#3627 = ORIENTED_EDGE ( 'NONE', *, *, #4602, .T. ) ;
#3628 = LINE ( 'NONE', #4276, #7711 ) ;
#3629 = ORIENTED_EDGE ( 'NONE', *, *, #8823, .F. ) ;
#3630 = CARTESIAN_POINT ( 'NONE',  ( 4.424999999999999822, -2.180000000000000160, -3.334999999999999964 ) ) ;
#3631 = ORIENTED_EDGE ( 'NONE', *, *, #10311, .F. ) ;
#3632 = DIRECTION ( 'NONE',  ( 1.000000000000000000, 0.0000000000000000000, 6.123031769111888756E-17 ) ) ;
#3633 = EDGE_CURVE ( 'NONE', #8677, #9724, #4544, .T. ) ;
#3634 = ORIENTED_EDGE ( 'NONE', *, *, #2902, .T. ) ;
#3635 = DIRECTION ( 'NONE',  ( 0.2468892371169170985, -0.9690437062361153542, -1.827827637527605244E-16 ) ) ;
#3636 =( NAMED_UNIT ( * ) PLANE_ANGLE_UNIT ( ) SI_UNIT ( $, .RADIAN. ) );
#3637 = CYLINDRICAL_SURFACE ( 'NONE', #7089, 0.1000000000000809269 ) ;
#3638 = CARTESIAN_POINT ( 'NONE',  ( 1.270000000000000018, 0.6865000000000239799, -10.25999999999999979 ) ) ;
#3639 = ORIENTED_EDGE ( 'NONE', *, *, #6387, .F. ) ;
#3640 = LINE ( 'NONE', #592, #7721 ) ;
#3641 = ORIENTED_EDGE ( 'NONE', *, *, #1495, .T. ) ;
#3642 = CARTESIAN_POINT ( 'NONE',  ( -5.080000000000000071, -8.272839892444299875E-16, 4.503673019291570156 ) ) ;
#3643 = PRESENTATION_LAYER_ASSIGNMENT (  '', '', ( #2543 ) ) ;
#3644 = EDGE_LOOP ( 'NONE', ( #5826, #7347, #6573, #5199, #6779 ) ) ;
#3645 = VECTOR ( 'NONE', #3688, 1000.000000000000000 ) ;
#3646 = ORIENTED_EDGE ( 'NONE', *, *, #7252, .T. ) ;
#3647 = DIRECTION ( 'NONE',  ( -1.000000000000000000, -2.273736754434390162E-12, 0.0000000000000000000 ) ) ;
#3648 = EDGE_LOOP ( 'NONE', ( #3427, #638, #5025, #3045, #9210, #108, #7350, #7841, #1631, #251 ) ) ;
#3649 = VECTOR ( 'NONE', #9225, 1000.000000000000114 ) ;
#3650 = PLANE ( 'NONE',  #4437 ) ;
#3651 = CARTESIAN_POINT ( 'NONE',  ( -3.194999999999999840, -0.6800000000000000488, -3.334999999999999964 ) ) ;
#3652 = PRESENTATION_STYLE_ASSIGNMENT (( #757 ) ) ;
#3653 = CARTESIAN_POINT ( 'NONE',  ( 5.080000000000000071, -4.100000000000365574, -3.329999999997769855 ) ) ;
#3654 = ORIENTED_EDGE ( 'NONE', *, *, #7811, .T. ) ;
#3655 = EDGE_CURVE ( 'NONE', #7097, #9693, #2384, .T. ) ;
#3656 = ORIENTED_EDGE ( 'NONE', *, *, #10293, .T. ) ;
#3657 = VECTOR ( 'NONE', #7364, 1000.000000000000114 ) ;
#3658 = ORIENTED_EDGE ( 'NONE', *, *, #1810, .T. ) ;
#3659 = CIRCLE ( 'NONE', #9927, 0.2749999999999206968 ) ;
#3660 = ORIENTED_EDGE ( 'NONE', *, *, #499, .F. ) ;
#3661 = LINE ( 'NONE', #430, #7747 ) ;
#3662 = VECTOR ( 'NONE', #1645, 1000.000000000000000 ) ;
#3663 = EDGE_CURVE ( 'NONE', #7270, #1743, #247, .T. ) ;
#3664 = DIRECTION ( 'NONE',  ( 0.0000000000000000000, 0.0000000000000000000, 1.000000000000000000 ) ) ;
#3665 = ORIENTED_EDGE ( 'NONE', *, *, #465, .T. ) ;
#3666 = DIRECTION ( 'NONE',  ( -2.126506617005025622E-17, 0.9848077530122221201, 0.1736481776668505062 ) ) ;
#3667 = ORIENTED_EDGE ( 'NONE', *, *, #530, .T. ) ;
#3668 = CARTESIAN_POINT ( 'NONE',  ( -1.885000000000000009, -0.6800000000000000488, 3.334999999999999964 ) ) ;
#3669 = AXIS2_PLACEMENT_3D ( 'NONE', #7829, #5212, #9386 ) ;
#3670 = CARTESIAN_POINT ( 'NONE',  ( -1.664005814526730020, -6.009530812630630159, 3.734999999852264718 ) ) ;
#3671 = VERTEX_POINT ( 'NONE', #10324 ) ;
#3672 = ORIENTED_EDGE ( 'NONE', *, *, #9575, .T. ) ;
#3673 = DIRECTION ( 'NONE',  ( 1.000000000000000000, -1.337492208489744030E-13, 1.224606353822377751E-16 ) ) ;
#3674 = EDGE_CURVE ( 'NONE', #1090, #8007, #10540, .T. ) ;
#3675 = CARTESIAN_POINT ( 'NONE',  ( 4.445000000000000284, 3.885780586188049864E-16, -2.169999999999999929 ) ) ;
#3676 = LINE ( 'NONE', #2869, #7756 ) ;
#3677 =( LENGTH_UNIT ( ) NAMED_UNIT ( * ) SI_UNIT ( .MILLI., .METRE. ) );
#3678 = ADVANCED_FACE ( 'NONE', ( #2136 ), #1885, .T. ) ;
#3679 = VERTEX_POINT ( 'NONE', #7908 ) ;
#3680 = CARTESIAN_POINT ( 'NONE',  ( 3.244999999999719886, 3.650732003279700389E-05, -10.25999999999999979 ) ) ;
#3681 = LINE ( 'NONE', #9338, #9928 ) ;
#3682 = AXIS2_PLACEMENT_3D ( 'NONE', #1477, #7157, #2275 ) ;
#3683 = ORIENTED_EDGE ( 'NONE', *, *, #3614, .T. ) ;
#3684 = CARTESIAN_POINT ( 'NONE',  ( 2.810000000000000053, -7.250000000000000000, 3.734999999852264718 ) ) ;
#3685 = UNCERTAINTY_MEASURE_WITH_UNIT (LENGTH_MEASURE( 1.000000000000000082E-05 ), #4001, 'distance_accuracy_value', 'NONE');
#3686 = DIRECTION ( 'NONE',  ( -6.673570731747099829E-14, -1.000000000000000000, 0.0000000000000000000 ) ) ;
#3687 = ORIENTED_EDGE ( 'NONE', *, *, #3058, .T. ) ;
#3688 = DIRECTION ( 'NONE',  ( -1.000000000000000000, 0.0000000000000000000, 6.123031769111888756E-17 ) ) ;
#3689 = DIRECTION ( 'NONE',  ( -0.9690437062361154652, -0.2468892371169171263, 0.0000000000000000000 ) ) ;
#3690 = LINE ( 'NONE', #3594, #1278 ) ;
#3691 = AXIS2_PLACEMENT_3D ( 'NONE', #5886, #1024, #6710 ) ;
#3692 = ORIENTED_EDGE ( 'NONE', *, *, #4068, .F. ) ;
#3693 = VERTEX_POINT ( 'NONE', #2190 ) ;
#3694 = AXIS2_PLACEMENT_3D ( 'NONE', #149, #5838, #961 ) ;
#3695 = CARTESIAN_POINT ( 'NONE',  ( -3.810000000000000053, -2.180000000000000160, 3.334999999999999964 ) ) ;
#3696 = EDGE_CURVE ( 'NONE', #2949, #5158, #8877, .T. ) ;
#3697 = CARTESIAN_POINT ( 'NONE',  ( 0.6549999999997959677, -0.4877706291219079948, 4.271614798027000504 ) ) ;
#3698 = CARTESIAN_POINT ( 'NONE',  ( 1.785000000000324993, 3.650732037385749672E-05, -4.503679456517140522 ) ) ;
#3699 = PLANE ( 'NONE',  #1102 ) ;
#3700 = PRESENTATION_STYLE_ASSIGNMENT (( #7342 ) ) ;
#3701 = DIRECTION ( 'NONE',  ( 1.000000000000000000, 6.673570731747099829E-14, 1.224606353822377751E-16 ) ) ;
#3702 = ORIENTED_EDGE ( 'NONE', *, *, #1558, .T. ) ;
#3703 = SURFACE_STYLE_USAGE ( .BOTH. , #8560 ) ;
#3704 = MECHANICAL_DESIGN_GEOMETRIC_PRESENTATION_REPRESENTATION (  '', ( #2055 ), #4237 ) ;
#3705 = COLOUR_RGB ( '',0.1411764705882352922, 0.1411764705882352922, 0.1411764705882352922 ) ;
#3706 = CARTESIAN_POINT ( 'NONE',  ( 0.6549999999998820099, -0.8897388526408829268, -4.186245315462254979 ) ) ;
#3707 = DIRECTION ( 'NONE',  ( 6.123031769111888756E-17, 0.0000000000000000000, 1.000000000000000000 ) ) ;
#3708 = PRESENTATION_LAYER_ASSIGNMENT (  '', '', ( #3147 ) ) ;
#3709 = VERTEX_POINT ( 'NONE', #9536 ) ;
#3710 = CIRCLE ( 'NONE', #7439, 0.1000000000000807049 ) ;
#3711 = DIRECTION ( 'NONE',  ( 6.673570731747099829E-14, -1.000000000000000000, 1.730217700714569693E-16 ) ) ;
#3712 = CARTESIAN_POINT ( 'NONE',  ( 2.810000000000000053, -0.1411671192955888110, 4.332730348417619837 ) ) ;
#3713 = VERTEX_POINT ( 'NONE', #5467 ) ;
#3714 = CARTESIAN_POINT ( 'NONE',  ( -0.6550000000000000266, -0.5070092621839650260, 4.418222507946190092 ) ) ;
#3715 = EDGE_CURVE ( 'NONE', #8134, #2817, #6215, .T. ) ;
#3716 = VECTOR ( 'NONE', #1991, 1000.000000000000000 ) ;
#3717 =( NAMED_UNIT ( * ) PLANE_ANGLE_UNIT ( ) SI_UNIT ( $, .RADIAN. ) );
#3718 = DIRECTION ( 'NONE',  ( 1.000000000000000000, 0.0000000000000000000, -6.123031769111888756E-17 ) ) ;
#3719 = ORIENTED_EDGE ( 'NONE', *, *, #9203, .F. ) ;
#3720 = EDGE_CURVE ( 'NONE', #584, #362, #8124, .T. ) ;
#3721 = ADVANCED_FACE ( 'NONE', ( #4034 ), #9562, .T. ) ;
#3722 = VECTOR ( 'NONE', #4365, 1000.000000000000000 ) ;
#3723 = DIRECTION ( 'NONE',  ( 0.0000000000000000000, -1.000000000000000000, 0.0000000000000000000 ) ) ;
#3724 = VECTOR ( 'NONE', #6561, 1000.000000000000000 ) ;
#3725 = PRODUCT ( 'A 08-LC-TT', 'A 08-LC-TT', '', ( #6290 ) ) ;
#3726 = EDGE_CURVE ( 'NONE', #9078, #8510, #10042, .T. ) ;
#3727 = CARTESIAN_POINT ( 'NONE',  ( -1.269999999999974039, -7.150999999999920753, -10.25999999999999979 ) ) ;
#3728 = CARTESIAN_POINT ( 'NONE',  ( -0.6550000000000000266, -2.180000000000000160, -3.334999999999999964 ) ) ;
#3729 = DIRECTION ( 'NONE',  ( -1.000000000000000000, 0.0000000000000000000, 6.123031769111888756E-17 ) ) ;
#3730 = VECTOR ( 'NONE', #3392, 1000.000000000000000 ) ;
#3731 =( NAMED_UNIT ( * ) PLANE_ANGLE_UNIT ( ) SI_UNIT ( $, .RADIAN. ) );
#3732 = DIRECTION ( 'NONE',  ( -6.123030911709541608E-17, -0.0005292051493183440791, -0.9999998599709452041 ) ) ;
#3733 = COLOUR_RGB ( '',0.1411764705882352922, 0.1411764705882352922, 0.1411764705882352922 ) ;
#3734 = ORIENTED_EDGE ( 'NONE', *, *, #10443, .F. ) ;
#3735 = COLOUR_RGB ( '',0.1411764705882352922, 0.1411764705882352922, 0.1411764705882352922 ) ;
#3736 = EDGE_CURVE ( 'NONE', #4499, #232, #3796, .T. ) ;
#3737 = ADVANCED_FACE ( 'NONE', ( #1387 ), #7972, .T. ) ;
#3738 = LINE ( 'NONE', #1952, #6669 ) ;
#3739 = CARTESIAN_POINT ( 'NONE',  ( -3.810000000000000053, -7.150999999999920753, -3.734999999852264718 ) ) ;
#3740 = CARTESIAN_POINT ( 'NONE',  ( -3.519999999999039897, -3.750000000000104805, -3.734999999852260277 ) ) ;
#3741 =( NAMED_UNIT ( * ) SI_UNIT ( $, .STERADIAN. ) SOLID_ANGLE_UNIT ( ) );
#3742 =( GEOMETRIC_REPRESENTATION_CONTEXT ( 3 ) GLOBAL_UNCERTAINTY_ASSIGNED_CONTEXT ( ( #7137 ) ) GLOBAL_UNIT_ASSIGNED_CONTEXT ( ( #4590, #8656, #3172 ) ) REPRESENTATION_CONTEXT ( 'NONE', 'WORKASPACE' ) );
#3743 = EDGE_LOOP ( 'NONE', ( #9510, #520, #5139, #1041, #944, #4282, #7208, #5521, #3656 ) ) ;
#3744 = CARTESIAN_POINT ( 'NONE',  ( -1.270000000000025997, -7.150999999999920753, 3.884999999852265073 ) ) ;
#3745 = CIRCLE ( 'NONE', #2725, 0.1000000000000809269 ) ;
#3746 = DIRECTION ( 'NONE',  ( -1.063253308502803550E-17, 0.9848077530122136825, -0.1736481776668984678 ) ) ;
#3747 = EDGE_LOOP ( 'NONE', ( #9231, #519, #2397, #7594 ) ) ;
#3748 = CARTESIAN_POINT ( 'NONE',  ( -1.885000000000224940, -0.08215671584636491387, -4.489186573641445577 ) ) ;
#3749 = LINE ( 'NONE', #5801, #10244 ) ;
#3750 = MECHANICAL_DESIGN_GEOMETRIC_PRESENTATION_REPRESENTATION (  '', ( #2106 ), #4291 ) ;
#3751 = ORIENTED_EDGE ( 'NONE', *, *, #5741, .T. ) ;
#3752 = CARTESIAN_POINT ( 'NONE',  ( 5.080000000000000071, 0.5000000000000000000, -4.591836509645870201 ) ) ;
#3753 = VECTOR ( 'NONE', #4021, 1000.000000000000000 ) ;
#3754 = ORIENTED_EDGE ( 'NONE', *, *, #8594, .F. ) ;
#3755 = ORIENTED_EDGE ( 'NONE', *, *, #4722, .T. ) ;
#3756 = MECHANICAL_DESIGN_GEOMETRIC_PRESENTATION_REPRESENTATION (  '', ( #2113 ), #4295 ) ;
#3757 = PRODUCT_DEFINITION_CONTEXT ( 'detailed design', #1428, 'design' ) ;
#3758 = EDGE_CURVE ( 'NONE', #6414, #3159, #7879, .T. ) ;
#3759 = ORIENTED_EDGE ( 'NONE', *, *, #2203, .F. ) ;
#3760 = VECTOR ( 'NONE', #800, 1000.000000000000000 ) ;
#3761 = ORIENTED_EDGE ( 'NONE', *, *, #3588, .T. ) ;
#3762 = ORIENTED_EDGE ( 'NONE', *, *, #380, .T. ) ;
#3763 = CARTESIAN_POINT ( 'NONE',  ( 4.425000000000074429, -1.221249999999999947, 2.185105896938279724 ) ) ;
#3764 = DIRECTION ( 'NONE',  ( 6.123031769111888756E-17, 3.114707882784410092E-13, 1.000000000000000000 ) ) ;
#3765 = ORIENTED_EDGE ( 'NONE', *, *, #2525, .T. ) ;
#3766 = LINE ( 'NONE', #5300, #8094 ) ;
#3767 = DIRECTION ( 'NONE',  ( 0.0000000000000000000, -1.000000000000000000, 0.0000000000000000000 ) ) ;
#3768 = LINE ( 'NONE', #7504, #7855 ) ;
#3769 = DIRECTION ( 'NONE',  ( -1.063253308502803550E-17, -0.9848077530122136825, -0.1736481776668984678 ) ) ;
#3770 = MECHANICAL_DESIGN_GEOMETRIC_PRESENTATION_REPRESENTATION (  '', ( #2124 ), #4310 ) ;
#3771 = CARTESIAN_POINT ( 'NONE',  ( 0.7549999999996720446, 0.6646145760520150159, -4.620862500821749208 ) ) ;
#3772 = VERTEX_POINT ( 'NONE', #5533 ) ;
#3773 = EDGE_CURVE ( 'NONE', #9724, #4860, #5434, .T. ) ;
#3774 =( NAMED_UNIT ( * ) SI_UNIT ( $, .STERADIAN. ) SOLID_ANGLE_UNIT ( ) );
#3775 = ORIENTED_EDGE ( 'NONE', *, *, #646, .T. ) ;
#3776 = CIRCLE ( 'NONE', #5748, 0.1000000000000807049 ) ;
#3777 = ORIENTED_EDGE ( 'NONE', *, *, #5977, .T. ) ;
#3778 = FACE_OUTER_BOUND ( 'NONE', #5442, .T. ) ;
#3779 = VERTEX_POINT ( 'NONE', #3105 ) ;
#3780 = DIRECTION ( 'NONE',  ( -1.000000000000000000, 0.0000000000000000000, 6.123031769111888756E-17 ) ) ;
#3781 = DIRECTION ( 'NONE',  ( -6.673570731747099829E-14, 1.000000000000000000, -1.730217700714569693E-16 ) ) ;
#3782 = CARTESIAN_POINT ( 'NONE',  ( 0.6549999999999269740, -1.221249999999999947, -2.185105896938279724 ) ) ;
#3783 = VECTOR ( 'NONE', #3324, 1000.000000000000000 ) ;
#3784 = CARTESIAN_POINT ( 'NONE',  ( 3.194999999999999840, -0.5070092621839650260, -4.418222507946190092 ) ) ;
#3785 =( NAMED_UNIT ( * ) PLANE_ANGLE_UNIT ( ) SI_UNIT ( $, .RADIAN. ) );
#3786 = ORIENTED_EDGE ( 'NONE', *, *, #8813, .F. ) ;
#3787 = EDGE_CURVE ( 'NONE', #4556, #2214, #7625, .T. ) ;
#3788 = EDGE_LOOP ( 'NONE', ( #5835, #9322, #3885, #5223, #4134, #8145, #3448, #2475 ) ) ;
#3789 = ORIENTED_EDGE ( 'NONE', *, *, #5969, .F. ) ;
#3790 = VERTEX_POINT ( 'NONE', #8009 ) ;
#3791 = VERTEX_POINT ( 'NONE', #4751 ) ;
#3792 = FILL_AREA_STYLE_COLOUR ( '', #2100 ) ;
#3793 = CARTESIAN_POINT ( 'NONE',  ( 1.885000000000000009, -2.180000000000000160, -4.500000000000000000 ) ) ;
#3794 = DIRECTION ( 'NONE',  ( -6.123031769111888756E-17, 1.730217700714529757E-16, -1.000000000000000000 ) ) ;
#3795 = ADVANCED_FACE ( 'NONE', ( #1638 ), #9643, .T. ) ;
#3796 = LINE ( 'NONE', #5493, #5705 ) ;
#3797 = DIRECTION ( 'NONE',  ( -1.000000000000000000, 0.0000000000000000000, 6.123031769111888756E-17 ) ) ;
#3798 = EDGE_CURVE ( 'NONE', #8621, #4415, #5186, .T. ) ;
#3799 = ORIENTED_EDGE ( 'NONE', *, *, #4480, .T. ) ;
#3800 = CARTESIAN_POINT ( 'NONE',  ( -4.425000000000204992, -0.4877706291219079948, 4.271614798027000504 ) ) ;
#3801 = EDGE_LOOP ( 'NONE', ( #8727, #7313, #1124, #5972 ) ) ;
#3802 = ORIENTED_EDGE ( 'NONE', *, *, #3325, .F. ) ;
#3803 = EDGE_CURVE ( 'NONE', #5659, #1898, #7366, .T. ) ;
#3804 = DIRECTION ( 'NONE',  ( -6.030009158161467605E-17, -0.1736481776669020483, -0.9848077530122131273 ) ) ;
#3805 = CARTESIAN_POINT ( 'NONE',  ( 5.080000000000000071, -3.750000000000000000, -3.329999999997769855 ) ) ;
#3806 = DIRECTION ( 'NONE',  ( -6.123030911709541608E-17, -0.0005292051493183440791, 0.9999998599709452041 ) ) ;
#3807 = DIRECTION ( 'NONE',  ( -1.000000000000000000, 0.0000000000000000000, 0.0000000000000000000 ) ) ;
#3808 = AXIS2_PLACEMENT_3D ( 'NONE', #8657, #4038, #2432 ) ;
#3809 = EDGE_LOOP ( 'NONE', ( #6160, #4663, #3540, #9348 ) ) ;
#3810 = CARTESIAN_POINT ( 'NONE',  ( 2.270000000000000018, -0.9719250235416100336, -4.336245315462229577 ) ) ;
#3811 = DIRECTION ( 'NONE',  ( -1.000000000000000000, 0.0000000000000000000, -6.123031769111888756E-17 ) ) ;
#3812 = UNCERTAINTY_MEASURE_WITH_UNIT (LENGTH_MEASURE( 1.000000000000000082E-05 ), #9533, 'distance_accuracy_value', 'NONE');
#3813 = LINE ( 'NONE', #3104, #7896 ) ;
#3814 =( NAMED_UNIT ( * ) PLANE_ANGLE_UNIT ( ) SI_UNIT ( $, .RADIAN. ) );
#3815 =( NAMED_UNIT ( * ) SI_UNIT ( $, .STERADIAN. ) SOLID_ANGLE_UNIT ( ) );
#3816 = VERTEX_POINT ( 'NONE', #8802 ) ;
#3817 = EDGE_LOOP ( 'NONE', ( #10402, #2748, #6423, #5695 ) ) ;
#3818 = AXIS2_PLACEMENT_3D ( 'NONE', #290, #4569, #10317 ) ;
#3819 = DIRECTION ( 'NONE',  ( 1.000000000000000000, 0.0000000000000000000, 0.0000000000000000000 ) ) ;
#3820 = EDGE_CURVE ( 'NONE', #5265, #5564, #1132, .T. ) ;
#3821 = FACE_OUTER_BOUND ( 'NONE', #6979, .T. ) ;
#3822 = CARTESIAN_POINT ( 'NONE',  ( -1.173407417371202133, -7.176881904510220345, -10.25999999999999979 ) ) ;
#3823 = ORIENTED_EDGE ( 'NONE', *, *, #7130, .T. ) ;
#3824 = DIRECTION ( 'NONE',  ( 1.059417794895478013E-32, 1.000000000000000000, 1.730217700714529757E-16 ) ) ;
#3825 = PLANE ( 'NONE',  #9154 ) ;
#3826 = CARTESIAN_POINT ( 'NONE',  ( -1.885000000000000009, -0.6800000000000000488, 2.169999999999999929 ) ) ;
#3827 = PRESENTATION_LAYER_ASSIGNMENT (  '', '', ( #2730 ) ) ;
#3828 = EDGE_LOOP ( 'NONE', ( #4620, #8488, #4395, #2701 ) ) ;
#3829 = DIRECTION ( 'NONE',  ( 1.000000000000000000, 0.0000000000000000000, -6.123031769111888756E-17 ) ) ;
#3830 = DIRECTION ( 'NONE',  ( 1.000000000000000000, 0.0000000000000000000, -6.123031769111888756E-17 ) ) ;
#3831 = EDGE_CURVE ( 'NONE', #824, #5611, #3012, .T. ) ;
#3832 = CARTESIAN_POINT ( 'NONE',  ( -3.519999999999539941, -5.116929645231019563, -3.734999999852264718 ) ) ;
#3833 = CARTESIAN_POINT ( 'NONE',  ( 1.560000000000959952, -3.750000000000104805, -3.734999999852260277 ) ) ;
#3834 = SURFACE_STYLE_USAGE ( .BOTH. , #10525 ) ;
#3835 = CARTESIAN_POINT ( 'NONE',  ( 1.664005814526730020, -6.009530812630630159, -3.884999999852265073 ) ) ;
#3836 = EDGE_LOOP ( 'NONE', ( #2238, #8215, #7913, #319, #613, #3909, #8491, #819 ) ) ;
#3837 = ADVANCED_FACE ( 'NONE', ( #9267 ), #2373, .T. ) ;
#3838 = ORIENTED_EDGE ( 'NONE', *, *, #6780, .T. ) ;
#3839 =( LENGTH_UNIT ( ) NAMED_UNIT ( * ) SI_UNIT ( .MILLI., .METRE. ) );
#3840 = AXIS2_PLACEMENT_3D ( 'NONE', #9977, #5092, #245 ) ;
#3841 = EDGE_LOOP ( 'NONE', ( #8828, #7759, #3368, #10149 ) ) ;
#3842 = LINE ( 'NONE', #10478, #3592 ) ;
#3843 = CARTESIAN_POINT ( 'NONE',  ( -3.194999999999790230, -0.3902521710449980419, -4.288809933303045163 ) ) ;
#3844 = EDGE_CURVE ( 'NONE', #4604, #7270, #10409, .T. ) ;
#3845 = SURFACE_STYLE_FILL_AREA ( #1519 ) ;
#3846 = CARTESIAN_POINT ( 'NONE',  ( -0.2700000000000000178, 0.6767650295757380308, -4.551953854652450282 ) ) ;
#3847 = CARTESIAN_POINT ( 'NONE',  ( 3.294999999999669527, 0.6865000000000239799, 10.25999999999999979 ) ) ;
#3848 = EDGE_CURVE ( 'NONE', #4715, #232, #8257, .T. ) ;
#3849 = LINE ( 'NONE', #10094, #3600 ) ;
#3850 = DIRECTION ( 'NONE',  ( 3.681132786215100208E-13, 1.000000000000000000, 0.0000000000000000000 ) ) ;
#3851 = SURFACE_SIDE_STYLE ('',( #4357 ) ) ;
#3852 = ORIENTED_EDGE ( 'NONE', *, *, #9780, .T. ) ;
#3853 = VECTOR ( 'NONE', #2180, 1000.000000000000000 ) ;
#3854 = CARTESIAN_POINT ( 'NONE',  ( -1.885000000000154996, -0.6264186456785509893, -3.346222332753779671 ) ) ;
#3855 = DIRECTION ( 'NONE',  ( -1.000000000000000000, 0.0000000000000000000, 6.123031769111888756E-17 ) ) ;
#3856 = EDGE_CURVE ( 'NONE', #5999, #6699, #2004, .T. ) ;
#3857 = MECHANICAL_DESIGN_GEOMETRIC_PRESENTATION_REPRESENTATION (  '', ( #2766 ), #4398 ) ;
#3858 = ORIENTED_EDGE ( 'NONE', *, *, #5779, .T. ) ;
#3859 = LINE ( 'NONE', #762, #3606 ) ;
#3860 = FACE_OUTER_BOUND ( 'NONE', #3173, .T. ) ;
#3861 = VERTEX_POINT ( 'NONE', #15 ) ;
#3862 = EDGE_CURVE ( 'NONE', #6325, #5344, #5832, .T. ) ;
#3863 = FACE_OUTER_BOUND ( 'NONE', #3922, .T. ) ;
#3864 = CARTESIAN_POINT ( 'NONE',  ( 3.194999999999849738, -0.6264186456785509893, -3.346222332753779671 ) ) ;
#3865 =( NAMED_UNIT ( * ) SI_UNIT ( $, .STERADIAN. ) SOLID_ANGLE_UNIT ( ) );
#3866 = EDGE_LOOP ( 'NONE', ( #7771, #8708, #529, #8570 ) ) ;
#3867 = VECTOR ( 'NONE', #5544, 1000.000000000000000 ) ;
#3868 = PRESENTATION_STYLE_ASSIGNMENT (( #5242 ) ) ;
#3869 = ORIENTED_EDGE ( 'NONE', *, *, #7788, .F. ) ;
#3870 = DIRECTION ( 'NONE',  ( -1.063253308502803550E-17, 0.9848077530122136825, -0.1736481776668984678 ) ) ;
#3871 = FACE_OUTER_BOUND ( 'NONE', #9398, .T. ) ;
#3872 = AXIS2_PLACEMENT_3D ( 'NONE', #8348, #1097, #4018 ) ;
#3873 = DIRECTION ( 'NONE',  ( -1.000000000000000000, 0.0000000000000000000, 0.0000000000000000000 ) ) ;
#3874 = VERTEX_POINT ( 'NONE', #2436 ) ;
#3875 = VERTEX_POINT ( 'NONE', #8912 ) ;
#3876 = ORIENTED_EDGE ( 'NONE', *, *, #2318, .T. ) ;
#3877 = ORIENTED_EDGE ( 'NONE', *, *, #1775, .T. ) ;
#3878 = VECTOR ( 'NONE', #9212, 1000.000000000000000 ) ;
#3879 = CARTESIAN_POINT ( 'NONE',  ( -2.270000000000000018, -7.250000000000000000, 3.809999999852264896 ) ) ;
#3880 = CARTESIAN_POINT ( 'NONE',  ( -4.325000000000329692, 3.650732037385749672E-05, 4.357628357563889665 ) ) ;
#3881 = ADVANCED_FACE ( 'NONE', ( #7995 ), #6514, .T. ) ;
#3882 = ORIENTED_EDGE ( 'NONE', *, *, #3023, .F. ) ;
#3883 = PLANE ( 'NONE',  #10257 ) ;
#3884 = LINE ( 'NONE', #6214, #8230 ) ;
#3885 = ORIENTED_EDGE ( 'NONE', *, *, #9048, .F. ) ;
#3886 = CARTESIAN_POINT ( 'NONE',  ( 1.366592582628800123, -7.176881904510220345, -10.25999999999999979 ) ) ;
#3887 = ORIENTED_EDGE ( 'NONE', *, *, #6347, .F. ) ;
#3888 = LINE ( 'NONE', #6068, #7974 ) ;
#3889 = ORIENTED_EDGE ( 'NONE', *, *, #7421, .F. ) ;
#3890 = EDGE_CURVE ( 'NONE', #6970, #3977, #1766, .T. ) ;
#3891 = ORIENTED_EDGE ( 'NONE', *, *, #2216, .T. ) ;
#3892 = FACE_OUTER_BOUND ( 'NONE', #8628, .T. ) ;
#3893 = VECTOR ( 'NONE', #10456, 1000.000000000000000 ) ;
#3894 = CARTESIAN_POINT ( 'NONE',  ( 3.810000000000000053, -7.150999999999920753, -3.884999999852265073 ) ) ;
#3895 = DIRECTION ( 'NONE',  ( 6.123031769111888756E-17, 0.0000000000000000000, 1.000000000000000000 ) ) ;
#3896 = LINE ( 'NONE', #1036, #1752 ) ;
#3897 = VERTEX_POINT ( 'NONE', #6547 ) ;
#3898 = STYLED_ITEM ( 'NONE', ( #7470 ), #8811 ) ;
#3899 = EDGE_LOOP ( 'NONE', ( #6063, #6333, #6342, #119 ) ) ;
#3900 = CARTESIAN_POINT ( 'NONE',  ( 0.7549999999996720446, 0.6865000000000239799, 4.496744093870610470 ) ) ;
#3901 = VERTEX_POINT ( 'NONE', #863 ) ;
#3902 = FACE_OUTER_BOUND ( 'NONE', #9093, .T. ) ;
#3903 = ORIENTED_EDGE ( 'NONE', *, *, #180, .F. ) ;
#3904 = LINE ( 'NONE', #7873, #5829 ) ;
#3905 =( GEOMETRIC_REPRESENTATION_CONTEXT ( 3 ) GLOBAL_UNCERTAINTY_ASSIGNED_CONTEXT ( ( #3985 ) ) GLOBAL_UNIT_ASSIGNED_CONTEXT ( ( #2974, #8671, #3815 ) ) REPRESENTATION_CONTEXT ( 'NONE', 'WORKASPACE' ) );
#3906 =( GEOMETRIC_REPRESENTATION_CONTEXT ( 3 ) GLOBAL_UNCERTAINTY_ASSIGNED_CONTEXT ( ( #1974 ) ) GLOBAL_UNIT_ASSIGNED_CONTEXT ( ( #1143, #899, #4043 ) ) REPRESENTATION_CONTEXT ( 'NONE', 'WORKASPACE' ) );
#3907 = VECTOR ( 'NONE', #4047, 1000.000000000000000 ) ;
#3908 = DIRECTION ( 'NONE',  ( -6.123031769111888756E-17, 1.730217700714529757E-16, -1.000000000000000000 ) ) ;
#3909 = ORIENTED_EDGE ( 'NONE', *, *, #10127, .F. ) ;
#3910 = VERTEX_POINT ( 'NONE', #9789 ) ;
#3911 = FILL_AREA_STYLE ('',( #8773 ) ) ;
#3912 = CARTESIAN_POINT ( 'NONE',  ( 4.809999999999999609, -0.6165488638581649861, -3.330318181988674464 ) ) ;
#3913 = CARTESIAN_POINT ( 'NONE',  ( -0.6549999999998460387, -0.6264186456785509893, 3.346222332753779671 ) ) ;
#3914 = VERTEX_POINT ( 'NONE', #3265 ) ;
#3915 = VERTEX_POINT ( 'NONE', #7377 ) ;
#3916 = ADVANCED_FACE ( 'NONE', ( #1248 ), #8178, .T. ) ;
#3917 = VECTOR ( 'NONE', #9313, 1000.000000000000000 ) ;
#3918 =( LENGTH_UNIT ( ) NAMED_UNIT ( * ) SI_UNIT ( .MILLI., .METRE. ) );
#3919 = EDGE_CURVE ( 'NONE', #622, #9894, #9916, .T. ) ;
#3920 = AXIS2_PLACEMENT_3D ( 'NONE', #2629, #6734, #1846 ) ;
#3921 = CARTESIAN_POINT ( 'NONE',  ( -5.080000000000000071, -4.099999999999679900, 2.330000000000040039 ) ) ;
#3922 = EDGE_LOOP ( 'NONE', ( #1805, #3765, #5813, #6078 ) ) ;
#3923 = DIRECTION ( 'NONE',  ( 1.000000000000000000, 0.0000000000000000000, 6.123031769111888756E-17 ) ) ;
#3924 = CARTESIAN_POINT ( 'NONE',  ( -1.885000000000000009, -0.5070092621839650260, 4.418222507946190092 ) ) ;
#3925 = EDGE_LOOP ( 'NONE', ( #2206, #4757, #7750, #9031 ) ) ;
#3926 = DIRECTION ( 'NONE',  ( 0.0000000000000000000, 1.000000000000000000, 0.0000000000000000000 ) ) ;
#3927 = EDGE_CURVE ( 'NONE', #1857, #3671, #5558, .T. ) ;
#3928 = ORIENTED_EDGE ( 'NONE', *, *, #8494, .T. ) ;
#3929 = EDGE_CURVE ( 'NONE', #5546, #1378, #7748, .T. ) ;
#3930 = PLANE ( 'NONE',  #8427 ) ;
#3931 = CARTESIAN_POINT ( 'NONE',  ( -5.080000000000000071, 1.000000000000000000, -4.680000000000180904 ) ) ;
#3932 = FILL_AREA_STYLE ('',( #9585 ) ) ;
#3933 = CARTESIAN_POINT ( 'NONE',  ( -0.9799999999995409050, -5.116929645231019563, -3.734999999852264718 ) ) ;
#3934 = AXIS2_PLACEMENT_3D ( 'NONE', #10079, #1550, #1284 ) ;
#3935 = EDGE_LOOP ( 'NONE', ( #6504, #4390, #9946, #10398 ) ) ;
#3936 = ADVANCED_FACE ( 'NONE', ( #6080 ), #9033, .T. ) ;
#3937 = VERTEX_POINT ( 'NONE', #6590 ) ;
#3938 = CARTESIAN_POINT ( 'NONE',  ( -4.425000000000184563, -0.4000000000000569766, -2.185105896938275283 ) ) ;
#3939 = DIRECTION ( 'NONE',  ( 6.587989989187700607E-14, -0.9848077530122221201, -0.1736481776668505062 ) ) ;
#3940 = DIRECTION ( 'NONE',  ( -1.000000000000000000, 0.0000000000000000000, 6.123031769111888756E-17 ) ) ;
#3941 = LINE ( 'NONE', #795, #1797 ) ;
#3942 = DIRECTION ( 'NONE',  ( -1.000000000000000000, 0.0000000000000000000, -6.123031769111888756E-17 ) ) ;
#3943 =( GEOMETRIC_REPRESENTATION_CONTEXT ( 3 ) GLOBAL_UNCERTAINTY_ASSIGNED_CONTEXT ( ( #9214 ) ) GLOBAL_UNIT_ASSIGNED_CONTEXT ( ( #8985, #4104, #9811 ) ) REPRESENTATION_CONTEXT ( 'NONE', 'WORKASPACE' ) );
#3944 = DIRECTION ( 'NONE',  ( 6.123031769111888756E-17, -1.730217700714529757E-16, -1.000000000000000000 ) ) ;
#3945 = EDGE_LOOP ( 'NONE', ( #8750, #9602, #133, #8200 ) ) ;
#3946 = FILL_AREA_STYLE_COLOUR ( '', #966 ) ;
#3947 = EDGE_CURVE ( 'NONE', #2489, #10438, #2372, .T. ) ;
#3948 = CARTESIAN_POINT ( 'NONE',  ( -5.080000000000000071, 0.0000000000000000000, 3.110500138708840031E-16 ) ) ;
#3949 = ORIENTED_EDGE ( 'NONE', *, *, #8287, .F. ) ;
#3950 = CARTESIAN_POINT ( 'NONE',  ( -0.8759941854732690159, -6.009530812630630159, -3.734999999852264718 ) ) ;
#3951 = VERTEX_POINT ( 'NONE', #150 ) ;
#3952 = DIRECTION ( 'NONE',  ( -1.000000000000000000, 0.0000000000000000000, 6.123031769111888756E-17 ) ) ;
#3953 = CARTESIAN_POINT ( 'NONE',  ( 3.194999999999999840, -1.308111948986800055, 3.923659150360660153 ) ) ;
#3954 = VERTEX_POINT ( 'NONE', #8268 ) ;
#3955 = CARTESIAN_POINT ( 'NONE',  ( 4.809999999999999609, 0.6767650295757380308, -4.551953854652450282 ) ) ;
#3956 = VERTEX_POINT ( 'NONE', #5839 ) ;
#3957 =( GEOMETRIC_REPRESENTATION_CONTEXT ( 3 ) GLOBAL_UNCERTAINTY_ASSIGNED_CONTEXT ( ( #1022 ) ) GLOBAL_UNIT_ASSIGNED_CONTEXT ( ( #2476, #8179, #3308 ) ) REPRESENTATION_CONTEXT ( 'NONE', 'WORKASPACE' ) );
#3958 = ADVANCED_FACE ( 'NONE', ( #6719 ), #5003, .T. ) ;
#3959 = DIRECTION ( 'NONE',  ( 6.123031769111888756E-17, -3.149568864184659427E-16, 1.000000000000000000 ) ) ;
#3960 = EDGE_CURVE ( 'NONE', #4238, #2519, #235, .T. ) ;
#3961 = CARTESIAN_POINT ( 'NONE',  ( 3.194999999999999840, -3.330669073875469621E-16, 1.667499999999999982 ) ) ;
#3962 = DIRECTION ( 'NONE',  ( 0.0000000000000000000, -1.000000000000000000, 0.0000000000000000000 ) ) ;
#3963 = VECTOR ( 'NONE', #977, 1000.000000000000114 ) ;
#3964 = LINE ( 'NONE', #7427, #10467 ) ;
#3965 = FILL_AREA_STYLE_COLOUR ( '', #3299 ) ;
#3966 = CARTESIAN_POINT ( 'NONE',  ( 1.173407417371200134, -7.176881904510220345, 3.734999999852264718 ) ) ;
#3967 = LINE ( 'NONE', #5843, #8060 ) ;
#3968 = CARTESIAN_POINT ( 'NONE',  ( 2.270000000000000018, -1.099477705281763917, -4.186245315462254979 ) ) ;
#3969 = LINE ( 'NONE', #1668, #5902 ) ;
#3970 = VERTEX_POINT ( 'NONE', #8289 ) ;
#3971 = DIRECTION ( 'NONE',  ( -1.317172696514087449E-13, 0.9848077530121837064, -0.1736481776670679711 ) ) ;
#3972 = DIRECTION ( 'NONE',  ( 0.0000000000000000000, 0.0000000000000000000, -1.000000000000000000 ) ) ;
#3973 = SURFACE_STYLE_FILL_AREA ( #6113 ) ;
#3974 = EDGE_LOOP ( 'NONE', ( #1929, #8302, #6315, #10115, #6644, #6435, #1399, #9945, #3759, #10453 ) ) ;
#3975 = CARTESIAN_POINT ( 'NONE',  ( 4.424999999999999822, -0.6800000000000000488, 3.334999999999999964 ) ) ;
#3976 = EDGE_CURVE ( 'NONE', #3875, #4715, #6461, .T. ) ;
#3977 = VERTEX_POINT ( 'NONE', #5039 ) ;
#3978 = VECTOR ( 'NONE', #1373, 1000.000000000000114 ) ;
#3979 = CARTESIAN_POINT ( 'NONE',  ( -3.520000000001155094, -3.750000000000104805, 3.734999999852260277 ) ) ;
#3980 = ADVANCED_FACE ( 'NONE', ( #10527 ), #6687, .T. ) ;
#3981 = SURFACE_SIDE_STYLE ('',( #4762 ) ) ;
#3982 = EDGE_LOOP ( 'NONE', ( #2416, #8556, #9759, #5355 ) ) ;
#3983 = VECTOR ( 'NONE', #2524, 1000.000000000000000 ) ;
#3984 = EDGE_CURVE ( 'NONE', #6219, #707, #5417, .T. ) ;
#3985 = UNCERTAINTY_MEASURE_WITH_UNIT (LENGTH_MEASURE( 1.000000000000000082E-05 ), #2974, 'distance_accuracy_value', 'NONE');
#3986 = AXIS2_PLACEMENT_3D ( 'NONE', #3327, #7392, #4183 ) ;
#3987 = ORIENTED_EDGE ( 'NONE', *, *, #8673, .F. ) ;
#3988 = EDGE_CURVE ( 'NONE', #435, #6352, #9768, .T. ) ;
#3989 = VERTEX_POINT ( 'NONE', #2658 ) ;
#3990 = CARTESIAN_POINT ( 'NONE',  ( -3.194999999999999840, -2.180000000000000160, 2.169999999999999929 ) ) ;
#3991 = DIRECTION ( 'NONE',  ( 6.587989989187700607E-14, -0.9848077530122221201, -0.1736481776668505062 ) ) ;
#3992 = CYLINDRICAL_SURFACE ( 'NONE', #1083, 0.1000000000000807049 ) ;
#3993 = ORIENTED_EDGE ( 'NONE', *, *, #3787, .T. ) ;
#3994 = FACE_OUTER_BOUND ( 'NONE', #4124, .T. ) ;
#3995 = DIRECTION ( 'NONE',  ( -1.224606353822375779E-16, 0.0000000000000000000, 1.000000000000000000 ) ) ;
#3996 = DIRECTION ( 'NONE',  ( -1.063253308502803550E-17, -0.9848077530122136825, -0.1736481776668984678 ) ) ;
#3997 = ORIENTED_EDGE ( 'NONE', *, *, #6751, .F. ) ;
#3998 = VECTOR ( 'NONE', #2342, 1000.000000000000114 ) ;
#3999 = EDGE_LOOP ( 'NONE', ( #4502, #4926, #5715, #4628, #2425, #1084, #3786, #13 ) ) ;
#4000 = CARTESIAN_POINT ( 'NONE',  ( 0.6550000000000000266, -0.6800000000000000488, -3.334999999999999964 ) ) ;
#4001 =( LENGTH_UNIT ( ) NAMED_UNIT ( * ) SI_UNIT ( .MILLI., .METRE. ) );
#4002 = ORIENTED_EDGE ( 'NONE', *, *, #5078, .F. ) ;
#4003 = AXIS2_PLACEMENT_3D ( 'NONE', #1701, #233, #3062 ) ;
#4004 = VECTOR ( 'NONE', #1189, 1000.000000000000000 ) ;
#4005 = LINE ( 'NONE', #5857, #1611 ) ;
#4006 = DIRECTION ( 'NONE',  ( 0.0000000000000000000, -1.000000000000000000, 0.0000000000000000000 ) ) ;
#4007 = CARTESIAN_POINT ( 'NONE',  ( -4.424999999999999822, 4.440892098500625176E-16, -2.169999999999999929 ) ) ;
#4008 = COLOUR_RGB ( '',0.1411764705882352922, 0.1411764705882352922, 0.1411764705882352922 ) ;
#4009 = CARTESIAN_POINT ( 'NONE',  ( -4.425000000000175682, -0.9719250235416100336, 4.336245315462229577 ) ) ;
#4010 = ADVANCED_FACE ( 'NONE', ( #9507 ), #6730, .T. ) ;
#4011 = CARTESIAN_POINT ( 'NONE',  ( 0.6549999999997629940, 3.650731991911014584E-05, -10.25999999999999979 ) ) ;
#4012 = ORIENTED_EDGE ( 'NONE', *, *, #8804, .T. ) ;
#4013 = SURFACE_SIDE_STYLE ('',( #8483 ) ) ;
#4014 = ORIENTED_EDGE ( 'NONE', *, *, #9664, .T. ) ;
#4015 = VECTOR ( 'NONE', #4932, 999.9999999999998863 ) ;
#4016 = ORIENTED_EDGE ( 'NONE', *, *, #2078, .F. ) ;
#4017 = EDGE_LOOP ( 'NONE', ( #6558, #4571, #177, #1368 ) ) ;
#4018 = DIRECTION ( 'NONE',  ( 1.000000000000000000, 4.547473508868780324E-12, 1.224606353822375779E-16 ) ) ;
#4019 = VECTOR ( 'NONE', #1207, 1000.000000000000000 ) ;
#4020 = DIRECTION ( 'NONE',  ( 1.224606353822375779E-16, 0.0000000000000000000, -1.000000000000000000 ) ) ;
#4021 = DIRECTION ( 'NONE',  ( -1.000000000000000000, 0.0000000000000000000, 6.123031769111888756E-17 ) ) ;
#4022 = AXIS2_PLACEMENT_3D ( 'NONE', #4574, #10296, #5391 ) ;
#4023 = PRESENTATION_STYLE_ASSIGNMENT (( #7519 ) ) ;
#4024 = CARTESIAN_POINT ( 'NONE',  ( 0.6550000000000000266, 4.440892098500625176E-16, -2.169999999999999929 ) ) ;
#4025 = COLOUR_RGB ( '',0.1411764705882352922, 0.1411764705882352922, 0.1411764705882352922 ) ;
#4026 = EDGE_LOOP ( 'NONE', ( #2374, #3572, #10496, #151 ) ) ;
#4027 = CARTESIAN_POINT ( 'NONE',  ( 3.944999999999999840, -3.750000000000104805, 3.734999999852264718 ) ) ;
#4028 = EDGE_CURVE ( 'NONE', #7118, #3790, #7614, .T. ) ;
#4029 = ORIENTED_EDGE ( 'NONE', *, *, #3976, .F. ) ;
#4030 = VERTEX_POINT ( 'NONE', #9168 ) ;
#4031 = FACE_OUTER_BOUND ( 'NONE', #5449, .T. ) ;
#4032 = ORIENTED_EDGE ( 'NONE', *, *, #5208, .F. ) ;
#4033 = FILL_AREA_STYLE_COLOUR ( '', #4410 ) ;
#4034 = FACE_OUTER_BOUND ( 'NONE', #9169, .T. ) ;
#4035 = CARTESIAN_POINT ( 'NONE',  ( -5.080000000000000071, -3.750000000000000000, 3.329999999997540261 ) ) ;
#4036 = DIRECTION ( 'NONE',  ( -1.000000000000000000, 0.0000000000000000000, 6.123031769111888756E-17 ) ) ;
#4037 = ORIENTED_EDGE ( 'NONE', *, *, #7252, .F. ) ;
#4038 = DIRECTION ( 'NONE',  ( -1.000000000000000000, 0.0000000000000000000, 6.123031769111888756E-17 ) ) ;
#4039 =( GEOMETRIC_REPRESENTATION_CONTEXT ( 3 ) GLOBAL_UNCERTAINTY_ASSIGNED_CONTEXT ( ( #238 ) ) GLOBAL_UNIT_ASSIGNED_CONTEXT ( ( #6086, #1206, #6896 ) ) REPRESENTATION_CONTEXT ( 'NONE', 'WORKASPACE' ) );
#4040 = COLOUR_RGB ( '',0.1411764705882352922, 0.1411764705882352922, 0.1411764705882352922 ) ;
#4041 = EDGE_CURVE ( 'NONE', #5061, #2513, #3264, .T. ) ;
#4042 = ADVANCED_FACE ( 'NONE', ( #7090 ), #1069, .F. ) ;
#4043 =( NAMED_UNIT ( * ) SI_UNIT ( $, .STERADIAN. ) SOLID_ANGLE_UNIT ( ) );
#4044 = ORIENTED_EDGE ( 'NONE', *, *, #3976, .T. ) ;
#4045 = EDGE_LOOP ( 'NONE', ( #3534, #4273, #6823, #7215 ) ) ;
#4046 = CARTESIAN_POINT ( 'NONE',  ( 0.9800000000010820056, -4.908859290464120839, -10.25999999999999979 ) ) ;
#4047 = DIRECTION ( 'NONE',  ( -6.123031769111888756E-17, 1.836909530733564901E-16, -1.000000000000000000 ) ) ;
#4048 = SURFACE_STYLE_USAGE ( .BOTH. , #8914 ) ;
#4049 = EDGE_CURVE ( 'NONE', #9116, #8190, #8484, .T. ) ;
#4050 = CARTESIAN_POINT ( 'NONE',  ( 4.325000000000325251, 0.1836702602581204991, -7.348433255235988781 ) ) ;
#4051 = FILL_AREA_STYLE_COLOUR ( '', #1191 ) ;
#4052 = DIRECTION ( 'NONE',  ( 6.123031769111888756E-17, -1.615728827326989927E-13, 1.000000000000000000 ) ) ;
#4053 = VERTEX_POINT ( 'NONE', #6368 ) ;
#4054 = CARTESIAN_POINT ( 'NONE',  ( 3.194999999999825313, -0.8897388526408829268, 4.186245315462254979 ) ) ;
#4055 = DIRECTION ( 'NONE',  ( -1.063253308502823887E-17, 0.9848077530122131273, -0.1736481776669020483 ) ) ;
#4056 = DIRECTION ( 'NONE',  ( 1.000000000000000000, 0.0000000000000000000, 6.123031769111888756E-17 ) ) ;
#4057 = EDGE_CURVE ( 'NONE', #1883, #1125, #1993, .T. ) ;
#4058 = LINE ( 'NONE', #2929, #6230 ) ;
#4059 = CARTESIAN_POINT ( 'NONE',  ( 0.9800000000000190781, -6.417755088244880390, 3.884999999852265073 ) ) ;
#4060 = VERTEX_POINT ( 'NONE', #2297 ) ;
#4061 = DIRECTION ( 'NONE',  ( -2.273736754434390162E-12, 1.000000000000000000, 0.0000000000000000000 ) ) ;
#4062 = ORIENTED_EDGE ( 'NONE', *, *, #606, .F. ) ;
#4063 = DIRECTION ( 'NONE',  ( 0.0000000000000000000, 1.000000000000000000, 0.0000000000000000000 ) ) ;
#4064 = EDGE_CURVE ( 'NONE', #311, #1580, #103, .T. ) ;
#4065 = LINE ( 'NONE', #5808, #5997 ) ;
#4066 = ADVANCED_FACE ( 'NONE', ( #8243 ), #5580, .T. ) ;
#4067 = ORIENTED_EDGE ( 'NONE', *, *, #1451, .F. ) ;
#4068 = EDGE_CURVE ( 'NONE', #1346, #1101, #4158, .T. ) ;
#4069 = DIRECTION ( 'NONE',  ( 0.0000000000000000000, 1.000000000000000000, 0.0000000000000000000 ) ) ;
#4070 = DIRECTION ( 'NONE',  ( -6.585863482570637934E-14, -0.9848077530122136825, 0.1736481776668984678 ) ) ;
#4071 = SURFACE_SIDE_STYLE ('',( #2009 ) ) ;
#4072 = DIRECTION ( 'NONE',  ( 6.123031769111888756E-17, 0.0000000000000000000, 1.000000000000000000 ) ) ;
#4073 =( GEOMETRIC_REPRESENTATION_CONTEXT ( 3 ) GLOBAL_UNCERTAINTY_ASSIGNED_CONTEXT ( ( #6027 ) ) GLOBAL_UNIT_ASSIGNED_CONTEXT ( ( #5543, #9211, #1078 ) ) REPRESENTATION_CONTEXT ( 'NONE', 'WORKASPACE' ) );
#4074 = DIRECTION ( 'NONE',  ( -1.063253308502803550E-17, 0.9848077530122136825, 0.1736481776668984400 ) ) ;
#4075 = SURFACE_SIDE_STYLE ('',( #2270 ) ) ;
#4076 = DIRECTION ( 'NONE',  ( -3.681132786215100208E-13, 1.000000000000000000, -4.507938599262890244E-29 ) ) ;
#4077 = ORIENTED_EDGE ( 'NONE', *, *, #8520, .F. ) ;
#4078 = CARTESIAN_POINT ( 'NONE',  ( 0.6549999999998159517, -0.4000000000000569766, -2.185105896938275283 ) ) ;
#4079 = DIRECTION ( 'NONE',  ( -1.000000000000000000, 0.0000000000000000000, 6.123031769111888756E-17 ) ) ;
#4080 = CARTESIAN_POINT ( 'NONE',  ( 4.309999999999999609, -2.180000000000000160, -2.185105896938285053 ) ) ;
#4081 = CARTESIAN_POINT ( 'NONE',  ( -4.809999999999999609, -7.250000000000000000, 3.809999999852264896 ) ) ;
#4082 = AXIS2_PLACEMENT_3D ( 'NONE', #8580, #3718, #9411 ) ;
#4083 = COLOUR_RGB ( '',0.1411764705882352922, 0.1411764705882352922, 0.1411764705882352922 ) ;
#4084 = ORIENTED_EDGE ( 'NONE', *, *, #8691, .F. ) ;
#4085 = DIRECTION ( 'NONE',  ( -6.123030911709541608E-17, -0.0005292051493183440791, -0.9999998599709452041 ) ) ;
#4086 = CARTESIAN_POINT ( 'NONE',  ( 3.194999999999999840, -0.6800000000000000488, -3.334999999999999964 ) ) ;
#4087 = CARTESIAN_POINT ( 'NONE',  ( 3.194999999999999840, -0.6800000000000000488, 3.334999999999999964 ) ) ;
#4088 = ORIENTED_EDGE ( 'NONE', *, *, #9256, .F. ) ;
#4089 = VECTOR ( 'NONE', #7174, 1000.000000000000000 ) ;
#4090 = EDGE_CURVE ( 'NONE', #8582, #4562, #6321, .T. ) ;
#4091 = CARTESIAN_POINT ( 'NONE',  ( 1.559999999999020170, -6.417755088248520146, 3.884999999852265073 ) ) ;
#4092 = DIRECTION ( 'NONE',  ( 6.123031769111888756E-17, 0.0000000000000000000, 1.000000000000000000 ) ) ;
#4093 = ADVANCED_FACE ( 'NONE', ( #10145 ), #4795, .T. ) ;
#4094 = FACE_OUTER_BOUND ( 'NONE', #1161, .T. ) ;
#4095 = CARTESIAN_POINT ( 'NONE',  ( 1.270000000000000018, -2.180000000000000160, 2.169999999999999929 ) ) ;
#4096 = AXIS2_PLACEMENT_3D ( 'NONE', #6616, #1738, #7426 ) ;
#4097 = VECTOR ( 'NONE', #5932, 1000.000000000000000 ) ;
#4098 = ORIENTED_EDGE ( 'NONE', *, *, #3451, .F. ) ;
#4099 = MECHANICAL_DESIGN_GEOMETRIC_PRESENTATION_REPRESENTATION (  '', ( #2459 ), #4640 ) ;
#4100 = CIRCLE ( 'NONE', #10280, 0.2748194203352921083 ) ;
#4101 = CARTESIAN_POINT ( 'NONE',  ( -3.294999999999674856, 0.9086536693862470315, 4.663893177324039740 ) ) ;
#4102 = CARTESIAN_POINT ( 'NONE',  ( 1.885000000000000009, -2.180000000000000160, 2.169999999999999929 ) ) ;
#4103 = EDGE_CURVE ( 'NONE', #3587, #4252, #5038, .T. ) ;
#4104 =( NAMED_UNIT ( * ) PLANE_ANGLE_UNIT ( ) SI_UNIT ( $, .RADIAN. ) );
#4105 = DIRECTION ( 'NONE',  ( -1.000000000000000000, 0.0000000000000000000, 6.123031769111888756E-17 ) ) ;
#4106 = CARTESIAN_POINT ( 'NONE',  ( -1.270000000000025997, -7.150999999999920753, 3.734999999852264718 ) ) ;
#4107 = ORIENTED_EDGE ( 'NONE', *, *, #7165, .F. ) ;
#4108 = VECTOR ( 'NONE', #10459, 999.9999999999998863 ) ;
#4109 = SHAPE_DEFINITION_REPRESENTATION ( #5605, #9327 ) ;
#4110 = DIRECTION ( 'NONE',  ( 1.063253308502823887E-17, 0.9848077530122131273, 0.1736481776669020483 ) ) ;
#4111 = LINE ( 'NONE', #8376, #1950 ) ;
#4112 = DIRECTION ( 'NONE',  ( -1.000000000000000000, 0.0000000000000000000, 6.123031769111888756E-17 ) ) ;
#4113 = ORIENTED_EDGE ( 'NONE', *, *, #6462, .F. ) ;
#4114 = DIRECTION ( 'NONE',  ( 0.0000000000000000000, 1.000000000000000000, 0.0000000000000000000 ) ) ;
#4115 = LINE ( 'NONE', #5951, #8690 ) ;
#4116 = CARTESIAN_POINT ( 'NONE',  ( 4.424999999999999822, -0.6800000000000000488, -3.334999999999999964 ) ) ;
#4117 = EDGE_CURVE ( 'NONE', #6329, #3555, #7210, .T. ) ;
#4118 = DIRECTION ( 'NONE',  ( 0.0000000000000000000, 0.0000000000000000000, 1.000000000000000000 ) ) ;
#4119 = DIRECTION ( 'NONE',  ( -3.228643919281117811E-17, 0.8496822954477646350, 0.5272949808244127290 ) ) ;
#4120 = CARTESIAN_POINT ( 'NONE',  ( 3.194999999999999840, -1.308111948986800055, -3.923659150360660153 ) ) ;
#4121 =( GEOMETRIC_REPRESENTATION_CONTEXT ( 3 ) GLOBAL_UNCERTAINTY_ASSIGNED_CONTEXT ( ( #361 ) ) GLOBAL_UNIT_ASSIGNED_CONTEXT ( ( #6486, #1613, #7289 ) ) REPRESENTATION_CONTEXT ( 'NONE', 'WORKASPACE' ) );
#4122 = CARTESIAN_POINT ( 'NONE',  ( -1.885000000000000009, -0.4000000000000569766, 2.460105896938209913 ) ) ;
#4123 = UNCERTAINTY_MEASURE_WITH_UNIT (LENGTH_MEASURE( 1.000000000000000082E-05 ), #8669, 'distance_accuracy_value', 'NONE');
#4124 = EDGE_LOOP ( 'NONE', ( #10165, #5235, #6062, #4982 ) ) ;
#4125 = CIRCLE ( 'NONE', #4560, 0.2749999999999206968 ) ;
#4126 = DIRECTION ( 'NONE',  ( -6.123031769111888756E-17, 1.730217700714529757E-16, 1.000000000000000000 ) ) ;
#4127 = ADVANCED_FACE ( 'NONE', ( #6956 ), #7288, .T. ) ;
#4128 = CARTESIAN_POINT ( 'NONE',  ( 1.885000000000089937, -2.180000000000000160, -4.335605995874404428 ) ) ;
#4129 = FACE_OUTER_BOUND ( 'NONE', #9236, .T. ) ;
#4130 = LINE ( 'NONE', #6020, #6292 ) ;
#4131 = ORIENTED_EDGE ( 'NONE', *, *, #4090, .F. ) ;
#4132 = EDGE_CURVE ( 'NONE', #7096, #1488, #8355, .T. ) ;
#4133 = UNCERTAINTY_MEASURE_WITH_UNIT (LENGTH_MEASURE( 1.000000000000000082E-05 ), #9344, 'distance_accuracy_value', 'NONE');
#4134 = ORIENTED_EDGE ( 'NONE', *, *, #6384, .F. ) ;
#4135 = VERTEX_POINT ( 'NONE', #4078 ) ;
#4136 = CARTESIAN_POINT ( 'NONE',  ( 0.7549999999996720446, 0.1836702602581190280, -7.348433255235999439 ) ) ;
#4137 = EDGE_CURVE ( 'NONE', #1005, #1225, #1865, .T. ) ;
#4138 = SURFACE_STYLE_FILL_AREA ( #594 ) ;
#4139 = ORIENTED_EDGE ( 'NONE', *, *, #7066, .T. ) ;
#4140 = DIRECTION ( 'NONE',  ( 6.123031769111888756E-17, -1.836909530733564901E-16, 1.000000000000000000 ) ) ;
#4141 = VERTEX_POINT ( 'NONE', #8953 ) ;
#4142 = COLOUR_RGB ( '',0.1411764705882352922, 0.1411764705882352922, 0.1411764705882352922 ) ;
#4143 = SURFACE_STYLE_FILL_AREA ( #1156 ) ;
#4144 = LINE ( 'NONE', #8405, #10128 ) ;
#4145 = PRESENTATION_LAYER_ASSIGNMENT (  '', '', ( #3037 ) ) ;
#4146 = ORIENTED_EDGE ( 'NONE', *, *, #9035, .F. ) ;
#4147 = SURFACE_SIDE_STYLE ('',( #7742 ) ) ;
#4148 = ORIENTED_EDGE ( 'NONE', *, *, #1896, .T. ) ;
#4149 = CARTESIAN_POINT ( 'NONE',  ( -4.425000000000235190, -7.771561172376099727E-16, 4.357621920338319299 ) ) ;
#4150 = ORIENTED_EDGE ( 'NONE', *, *, #5460, .T. ) ;
#4151 = CARTESIAN_POINT ( 'NONE',  ( -0.2700000000000000178, -7.250000000000000000, -3.734999999852264718 ) ) ;
#4152 = LINE ( 'NONE', #3608, #1744 ) ;
#4153 = CLOSED_SHELL ( 'NONE', ( #4507, #8521, #9057, #2759, #3090, #9816 ) ) ;
#4154 = FACE_OUTER_BOUND ( 'NONE', #10126, .T. ) ;
#4155 = ORIENTED_EDGE ( 'NONE', *, *, #9561, .T. ) ;
#4156 = ADVANCED_FACE ( 'NONE', ( #8096 ), #5731, .T. ) ;
#4157 = CARTESIAN_POINT ( 'NONE',  ( -1.284106735979690050, -7.250000000000000000, 3.734999999852264718 ) ) ;
#4158 = LINE ( 'NONE', #1538, #3893 ) ;
#4159 = FILL_AREA_STYLE ('',( #4944 ) ) ;
#4160 = LINE ( 'NONE', #1835, #8245 ) ;
#4161 = EDGE_LOOP ( 'NONE', ( #6974, #7761, #2612, #9578 ) ) ;
#4162 = MECHANICAL_DESIGN_GEOMETRIC_PRESENTATION_REPRESENTATION (  '', ( #2522 ), #4693 ) ;
#4163 = ORIENTED_EDGE ( 'NONE', *, *, #5261, .T. ) ;
#4164 = EDGE_LOOP ( 'NONE', ( #6455, #796, #9130, #3683 ) ) ;
#4165 = DIRECTION ( 'NONE',  ( 3.240339941653821206E-20, -0.9999998599709452041, -0.0005292051493183440791 ) ) ;
#4166 = EDGE_CURVE ( 'NONE', #2131, #6206, #9493, .T. ) ;
#4167 = VECTOR ( 'NONE', #8044, 999.9999999999998863 ) ;
#4168 = CARTESIAN_POINT ( 'NONE',  ( -0.6550000000000549827, -2.180000000000000160, 2.185105896938285053 ) ) ;
#4169 = ORIENTED_EDGE ( 'NONE', *, *, #6495, .T. ) ;
#4170 = CARTESIAN_POINT ( 'NONE',  ( -1.885000000000169873, -0.9719250235416100336, 4.186245315462254979 ) ) ;
#4171 = CARTESIAN_POINT ( 'NONE',  ( 5.080000000000000071, -2.700000000000500222, 0.7299999999997899280 ) ) ;
#4172 = VECTOR ( 'NONE', #7259, 1000.000000000000000 ) ;
#4173 = CARTESIAN_POINT ( 'NONE',  ( -3.194999999999784901, -0.1618430139594435047, 2.597605896938239844 ) ) ;
#4174 = ORIENTED_EDGE ( 'NONE', *, *, #1057, .T. ) ;
#4175 = AXIS2_PLACEMENT_3D ( 'NONE', #4120, #9822, #4949 ) ;
#4176 = VERTEX_POINT ( 'NONE', #5759 ) ;
#4177 = CARTESIAN_POINT ( 'NONE',  ( -4.325000000000329692, 0.6865000000000239799, 4.478670392594660044 ) ) ;
#4178 = VECTOR ( 'NONE', #8906, 1000.000000000000114 ) ;
#4179 = PLANE ( 'NONE',  #9908 ) ;
#4180 = ORIENTED_EDGE ( 'NONE', *, *, #4565, .T. ) ;
#4181 = DIRECTION ( 'NONE',  ( 6.123031769111888756E-17, -1.730217700714529757E-16, -1.000000000000000000 ) ) ;
#4182 = ORIENTED_EDGE ( 'NONE', *, *, #8276, .T. ) ;
#4183 = DIRECTION ( 'NONE',  ( 6.123031769111888756E-17, 0.0000000000000000000, 1.000000000000000000 ) ) ;
#4184 = EDGE_CURVE ( 'NONE', #4454, #473, #1104, .T. ) ;
#4185 = VECTOR ( 'NONE', #410, 1000.000000000000000 ) ;
#4186 = ORIENTED_EDGE ( 'NONE', *, *, #9239, .F. ) ;
#4187 = ADVANCED_FACE ( 'NONE', ( #3250 ), #9859, .T. ) ;
#4188 = ORIENTED_EDGE ( 'NONE', *, *, #2480, .F. ) ;
#4189 = DIRECTION ( 'NONE',  ( 0.0000000000000000000, -1.000000000000000000, 0.0000000000000000000 ) ) ;
#4190 =( NAMED_UNIT ( * ) PLANE_ANGLE_UNIT ( ) SI_UNIT ( $, .RADIAN. ) );
#4191 = MECHANICAL_DESIGN_GEOMETRIC_PRESENTATION_REPRESENTATION (  '', ( #2543 ), #4714 ) ;
#4192 = LINE ( 'NONE', #6545, #7765 ) ;
#4193 = CARTESIAN_POINT ( 'NONE',  ( 5.080000000000000071, -3.924999999999954525, 3.329999999997649951 ) ) ;
#4194 = CARTESIAN_POINT ( 'NONE',  ( 1.885000000000000009, 3.330669073875469621E-16, -1.667499999999999982 ) ) ;
#4195 = ORIENTED_EDGE ( 'NONE', *, *, #7205, .F. ) ;
#4196 =( NAMED_UNIT ( * ) PLANE_ANGLE_UNIT ( ) SI_UNIT ( $, .RADIAN. ) );
#4197 = DIRECTION ( 'NONE',  ( -6.123031769111888756E-17, 1.730217700714529757E-16, -1.000000000000000000 ) ) ;
#4198 = EDGE_CURVE ( 'NONE', #4768, #10083, #7339, .T. ) ;
#4199 = DIRECTION ( 'NONE',  ( 6.123031769111888756E-17, -1.836909530733564901E-16, 1.000000000000000000 ) ) ;
#4200 = CARTESIAN_POINT ( 'NONE',  ( -1.885000000000094822, -1.071254713756893961, -4.063030467039109972 ) ) ;
#4201 = DIRECTION ( 'NONE',  ( -6.123031769111888756E-17, 0.0000000000000000000, -1.000000000000000000 ) ) ;
#4202 = CARTESIAN_POINT ( 'NONE',  ( -1.269999999999974039, -7.150999999999920753, -3.734999999852264718 ) ) ;
#4203 = DIRECTION ( 'NONE',  ( 1.942265957311405000E-32, 1.000000000000000000, 3.172065784648250136E-16 ) ) ;
#4204 = ORIENTED_EDGE ( 'NONE', *, *, #1141, .T. ) ;
#4205 = ORIENTED_EDGE ( 'NONE', *, *, #654, .T. ) ;
#4206 = DIRECTION ( 'NONE',  ( 1.316960045852438359E-13, 0.9848077530122221201, 0.1736481776668505062 ) ) ;
#4207 = EDGE_CURVE ( 'NONE', #9279, #1721, #9241, .T. ) ;
#4208 = AXIS2_PLACEMENT_3D ( 'NONE', #507, #4432, #7007 ) ;
#4209 = FACE_OUTER_BOUND ( 'NONE', #4476, .T. ) ;
#4210 = DIRECTION ( 'NONE',  ( 6.123031769111888756E-17, -1.730217700714529757E-16, -1.000000000000000000 ) ) ;
#4211 = ADVANCED_FACE ( 'NONE', ( #591 ), #8269, .T. ) ;
#4212 = DIRECTION ( 'NONE',  ( 0.2468892371171420297, -0.9690437062360580667, 1.827827637527644934E-16 ) ) ;
#4213 = EDGE_CURVE ( 'NONE', #4335, #10119, #8979, .T. ) ;
#4214 = ORIENTED_EDGE ( 'NONE', *, *, #5772, .F. ) ;
#4215 = ORIENTED_EDGE ( 'NONE', *, *, #7729, .T. ) ;
#4216 = CARTESIAN_POINT ( 'NONE',  ( 1.560000000000534959, -4.908859290462300962, -10.25999999999999979 ) ) ;
#4217 = ORIENTED_EDGE ( 'NONE', *, *, #9791, .F. ) ;
#4218 = DIRECTION ( 'NONE',  ( -6.123031769111888756E-17, 0.0000000000000000000, -1.000000000000000000 ) ) ;
#4219 = CARTESIAN_POINT ( 'NONE',  ( -0.7549999999996730438, 0.3432682536601989742, -10.25999999999999979 ) ) ;
#4220 =( NAMED_UNIT ( * ) PLANE_ANGLE_UNIT ( ) SI_UNIT ( $, .RADIAN. ) );
#4221 = LINE ( 'NONE', #3805, #4468 ) ;
#4222 = CARTESIAN_POINT ( 'NONE',  ( -5.080000000000000071, -3.750000000000000000, 3.110500138708840031E-16 ) ) ;
#4223 = CARTESIAN_POINT ( 'NONE',  ( -0.6550000000000000266, -1.308111948986800055, -3.923659150360660153 ) ) ;
#4224 = FACE_OUTER_BOUND ( 'NONE', #2911, .T. ) ;
#4225 = CARTESIAN_POINT ( 'NONE',  ( -1.785000000000329878, 0.6646145760520409951, 4.620862500821609764 ) ) ;
#4226 = LINE ( 'NONE', #6955, #6138 ) ;
#4227 = PRESENTATION_LAYER_ASSIGNMENT (  '', '', ( #3131 ) ) ;
#4228 = SURFACE_STYLE_USAGE ( .BOTH. , #6802 ) ;
#4229 = DIRECTION ( 'NONE',  ( 1.059417794895478013E-32, 1.000000000000000000, 1.730217700714529757E-16 ) ) ;
#4230 = EDGE_CURVE ( 'NONE', #9271, #2489, #2740, .T. ) ;
#4231 = LINE ( 'NONE', #9793, #2065 ) ;
#4232 =( LENGTH_UNIT ( ) NAMED_UNIT ( * ) SI_UNIT ( .MILLI., .METRE. ) );
#4233 = CARTESIAN_POINT ( 'NONE',  ( -3.194999999999835083, -1.071254713756893961, -4.063030467039109972 ) ) ;
#4234 = LINE ( 'NONE', #218, #10472 ) ;
#4235 = ORIENTED_EDGE ( 'NONE', *, *, #3758, .T. ) ;
#4236 = LINE ( 'NONE', #10067, #2070 ) ;
#4237 =( GEOMETRIC_REPRESENTATION_CONTEXT ( 3 ) GLOBAL_UNCERTAINTY_ASSIGNED_CONTEXT ( ( #500 ) ) GLOBAL_UNIT_ASSIGNED_CONTEXT ( ( #7946, #3050, #8756 ) ) REPRESENTATION_CONTEXT ( 'NONE', 'WORKASPACE' ) );
#4238 = VERTEX_POINT ( 'NONE', #7481 ) ;
#4239 = LINE ( 'NONE', #9400, #10240 ) ;
#4240 = MECHANICAL_DESIGN_GEOMETRIC_PRESENTATION_REPRESENTATION (  '', ( #3147 ), #4790 ) ;
#4241 = CARTESIAN_POINT ( 'NONE',  ( -3.194999999999930118, -1.221249999999999947, 2.185105896938279724 ) ) ;
#4242 = CARTESIAN_POINT ( 'NONE',  ( 3.657599999999999962, -2.700000000000065015, 0.3649999999997755040 ) ) ;
#4243 = CARTESIAN_POINT ( 'NONE',  ( 0.6350000000000000089, -3.885780586188049864E-16, 2.169999999999999929 ) ) ;
#4244 = VECTOR ( 'NONE', #1944, 999.9999999999998863 ) ;
#4245 = ORIENTED_EDGE ( 'NONE', *, *, #4330, .T. ) ;
#4246 = CYLINDRICAL_SURFACE ( 'NONE', #7409, 0.2748194203352921083 ) ;
#4247 = EDGE_CURVE ( 'NONE', #5180, #3901, #1360, .T. ) ;
#4248 = ADVANCED_FACE ( 'NONE', ( #6829 ), #2581, .T. ) ;
#4249 = VERTEX_POINT ( 'NONE', #8291 ) ;
#4250 = CARTESIAN_POINT ( 'NONE',  ( 3.194999999999999840, -0.4000000000000569766, 2.460105896938209913 ) ) ;
#4251 = EDGE_LOOP ( 'NONE', ( #1139, #7370, #6796, #1107, #8165, #1601, #7780, #3563, #4269 ) ) ;
#4252 = VERTEX_POINT ( 'NONE', #1007 ) ;
#4253 = COLOUR_RGB ( '',0.1411764705882352922, 0.1411764705882352922, 0.1411764705882352922 ) ;
#4254 = EDGE_CURVE ( 'NONE', #6789, #3252, #4953, .T. ) ;
#4255 = DIRECTION ( 'NONE',  ( 1.000000000000000000, 0.0000000000000000000, -6.123031769111888756E-17 ) ) ;
#4256 = VECTOR ( 'NONE', #2027, 1000.000000000000000 ) ;
#4257 = UNCERTAINTY_MEASURE_WITH_UNIT (LENGTH_MEASURE( 1.000000000000000082E-05 ), #550, 'distance_accuracy_value', 'NONE');
#4258 = CARTESIAN_POINT ( 'NONE',  ( -2.810000000000000053, -0.1539928746702824980, -4.480468821697074944 ) ) ;
#4259 = AXIS2_PLACEMENT_3D ( 'NONE', #2813, #8523, #3664 ) ;
#4260 = CARTESIAN_POINT ( 'NONE',  ( 0.6549999999997629940, 3.650731991911014584E-05, 10.25999999999999979 ) ) ;
#4261 = PLANE ( 'NONE',  #1240 ) ;
#4262 = FILL_AREA_STYLE_COLOUR ( '', #5204 ) ;
#4263 = ORIENTED_EDGE ( 'NONE', *, *, #8804, .F. ) ;
#4264 = VECTOR ( 'NONE', #8053, 1000.000000000000000 ) ;
#4265 = ORIENTED_EDGE ( 'NONE', *, *, #8477, .T. ) ;
#4266 = CARTESIAN_POINT ( 'NONE',  ( 4.425000000000235190, 3.650731991911014584E-05, 4.503679456517060586 ) ) ;
#4267 = EDGE_CURVE ( 'NONE', #3001, #7096, #7119, .T. ) ;
#4268 = FACE_OUTER_BOUND ( 'NONE', #5653, .T. ) ;
#4269 = ORIENTED_EDGE ( 'NONE', *, *, #141, .F. ) ;
#4270 = DIRECTION ( 'NONE',  ( 1.000000000000000000, 0.0000000000000000000, 0.0000000000000000000 ) ) ;
#4271 = VECTOR ( 'NONE', #5225, 1000.000000000000000 ) ;
#4272 = FILL_AREA_STYLE_COLOUR ( '', #6224 ) ;
#4273 = ORIENTED_EDGE ( 'NONE', *, *, #2925, .T. ) ;
#4274 = CARTESIAN_POINT ( 'NONE',  ( 4.100000000000459721, -5.116929645231019563, -3.734999999852264718 ) ) ;
#4275 = PRESENTATION_STYLE_ASSIGNMENT (( #9895 ) ) ;
#4276 = CARTESIAN_POINT ( 'NONE',  ( 4.309999999999999609, -2.180000000000000160, -4.335605995874404428 ) ) ;
#4277 = EDGE_CURVE ( 'NONE', #2778, #858, #6866, .T. ) ;
#4278 = SURFACE_STYLE_FILL_AREA ( #1970 ) ;
#4279 = EDGE_LOOP ( 'NONE', ( #4974, #7054, #2000, #4916, #5259 ) ) ;
#4280 = VERTEX_POINT ( 'NONE', #9962 ) ;
#4281 = LINE ( 'NONE', #145, #8362 ) ;
#4282 = ORIENTED_EDGE ( 'NONE', *, *, #7751, .T. ) ;
#4283 = ORIENTED_EDGE ( 'NONE', *, *, #6697, .F. ) ;
#4284 = CARTESIAN_POINT ( 'NONE',  ( 5.080000000000000071, -3.750000000000454747, 5.079999999999810001 ) ) ;
#4285 = VECTOR ( 'NONE', #7543, 1000.000000000000000 ) ;
#4286 = FILL_AREA_STYLE_COLOUR ( '', #4923 ) ;
#4287 = ORIENTED_EDGE ( 'NONE', *, *, #5460, .F. ) ;
#4288 = EDGE_LOOP ( 'NONE', ( #7644, #212, #415, #7953 ) ) ;
#4289 = ORIENTED_EDGE ( 'NONE', *, *, #6314, .T. ) ;
#4290 = VECTOR ( 'NONE', #10300, 999.9999999999998863 ) ;
#4291 =( GEOMETRIC_REPRESENTATION_CONTEXT ( 3 ) GLOBAL_UNCERTAINTY_ASSIGNED_CONTEXT ( ( #3561 ) ) GLOBAL_UNIT_ASSIGNED_CONTEXT ( ( #1877, #7568, #2683 ) ) REPRESENTATION_CONTEXT ( 'NONE', 'WORKASPACE' ) );
#4292 = ORIENTED_EDGE ( 'NONE', *, *, #1174, .F. ) ;
#4293 = CARTESIAN_POINT ( 'NONE',  ( 5.080000000000000071, -3.399999999999634870, -0.9199999999999600719 ) ) ;
#4294 =( NAMED_UNIT ( * ) PLANE_ANGLE_UNIT ( ) SI_UNIT ( $, .RADIAN. ) );
#4295 =( GEOMETRIC_REPRESENTATION_CONTEXT ( 3 ) GLOBAL_UNCERTAINTY_ASSIGNED_CONTEXT ( ( #8261 ) ) GLOBAL_UNIT_ASSIGNED_CONTEXT ( ( #2532, #8228, #3353 ) ) REPRESENTATION_CONTEXT ( 'NONE', 'WORKASPACE' ) );
#4296 = VECTOR ( 'NONE', #2160, 1000.000000000000114 ) ;
#4297 = DIRECTION ( 'NONE',  ( 0.0000000000000000000, 0.0000000000000000000, 1.000000000000000000 ) ) ;
#4298 = CARTESIAN_POINT ( 'NONE',  ( 3.810000000000000053, 0.6865000000000239799, -10.25999999999999979 ) ) ;
#4299 = EDGE_CURVE ( 'NONE', #5811, #3398, #2777, .T. ) ;
#4300 = ORIENTED_EDGE ( 'NONE', *, *, #5243, .F. ) ;
#4301 = CARTESIAN_POINT ( 'NONE',  ( 3.194999999999999840, 3.330669073875469621E-16, -1.667499999999999982 ) ) ;
#4302 = SURFACE_SIDE_STYLE ('',( #5464 ) ) ;
#4303 = ORIENTED_EDGE ( 'NONE', *, *, #2755, .T. ) ;
#4304 = ORIENTED_EDGE ( 'NONE', *, *, #458, .T. ) ;
#4305 = DIRECTION ( 'NONE',  ( 1.063253308502823887E-17, -0.9848077530122131273, -0.1736481776669020483 ) ) ;
#4306 = DIRECTION ( 'NONE',  ( -1.000000000000000000, 0.0000000000000000000, 0.0000000000000000000 ) ) ;
#4307 = LINE ( 'NONE', #1819, #8394 ) ;
#4308 = CARTESIAN_POINT ( 'NONE',  ( 2.810000000000000053, -1.308111948986800055, 3.923659150360660153 ) ) ;
#4309 = ORIENTED_EDGE ( 'NONE', *, *, #4057, .F. ) ;
#4310 =( GEOMETRIC_REPRESENTATION_CONTEXT ( 3 ) GLOBAL_UNCERTAINTY_ASSIGNED_CONTEXT ( ( #9542 ) ) GLOBAL_UNIT_ASSIGNED_CONTEXT ( ( #1450, #7143, #2261 ) ) REPRESENTATION_CONTEXT ( 'NONE', 'WORKASPACE' ) );
#4311 = CARTESIAN_POINT ( 'NONE',  ( -4.424999999999999822, -0.6800000000000000488, 4.500000000000000000 ) ) ;
#4312 = ADVANCED_FACE ( 'NONE', ( #8758 ), #5907, .T. ) ;
#4313 = DIRECTION ( 'NONE',  ( 0.0000000000000000000, 0.0000000000000000000, 1.000000000000000000 ) ) ;
#4314 = ORIENTED_EDGE ( 'NONE', *, *, #804, .T. ) ;
#4315 = AXIS2_PLACEMENT_3D ( 'NONE', #9388, #474, #6144 ) ;
#4316 = EDGE_CURVE ( 'NONE', #1166, #8020, #8005, .T. ) ;
#4317 = VECTOR ( 'NONE', #8554, 1000.000000000000000 ) ;
#4318 = EDGE_LOOP ( 'NONE', ( #4682, #6554, #865, #4827 ) ) ;
#4319 = ORIENTED_EDGE ( 'NONE', *, *, #9042, .F. ) ;
#4320 = DIRECTION ( 'NONE',  ( -1.000000000000000000, 0.0000000000000000000, 6.123031769111888756E-17 ) ) ;
#4321 = CARTESIAN_POINT ( 'NONE',  ( -3.194999999999999840, 3.330669073875469621E-16, -1.667499999999999982 ) ) ;
#4322 = DIRECTION ( 'NONE',  ( 1.942265957311405000E-32, 1.000000000000000000, 3.172065784648250136E-16 ) ) ;
#4323 = UNCERTAINTY_MEASURE_WITH_UNIT (LENGTH_MEASURE( 1.000000000000000082E-05 ), #5280, 'distance_accuracy_value', 'NONE');
#4324 = EDGE_CURVE ( 'NONE', #8982, #9251, #10175, .T. ) ;
#4325 = CARTESIAN_POINT ( 'NONE',  ( 1.560000000000000053, -6.417755088244880390, -3.734999999852264718 ) ) ;
#4326 = CARTESIAN_POINT ( 'NONE',  ( -4.425000000000235190, -0.04322605824517084666, 4.500000000000000000 ) ) ;
#4327 = CARTESIAN_POINT ( 'NONE',  ( 1.405000000000000027, 0.6646145760520399959, 4.620862500821609764 ) ) ;
#4328 = FILL_AREA_STYLE ('',( #3528 ) ) ;
#4329 = ORIENTED_EDGE ( 'NONE', *, *, #4184, .T. ) ;
#4330 = EDGE_CURVE ( 'NONE', #7560, #7882, #3681, .T. ) ;
#4331 = DIRECTION ( 'NONE',  ( -6.673570731747099829E-14, 1.000000000000000000, -1.730217700714569693E-16 ) ) ;
#4332 = CARTESIAN_POINT ( 'NONE',  ( -1.560000000000964837, -3.750000000001014744, 7.232499999999490115 ) ) ;
#4333 = VECTOR ( 'NONE', #5956, 1000.000000000000000 ) ;
#4334 = SURFACE_SIDE_STYLE ('',( #6625 ) ) ;
#4335 = VERTEX_POINT ( 'NONE', #6117 ) ;
#4336 = EDGE_CURVE ( 'NONE', #22, #4876, #5575, .T. ) ;
#4337 = CARTESIAN_POINT ( 'NONE',  ( 0.9174999999984000398, 3.650731056839549881E-05, 4.503679456515420121 ) ) ;
#4338 = DIRECTION ( 'NONE',  ( 1.000000000000000000, 0.0000000000000000000, -6.123031769111888756E-17 ) ) ;
#4339 = CARTESIAN_POINT ( 'NONE',  ( 4.003296291314389244, -6.797318496377550368, -10.25999999999999979 ) ) ;
#4340 = PRESENTATION_LAYER_ASSIGNMENT (  '', '', ( #3249 ) ) ;
#4341 = PRESENTATION_STYLE_ASSIGNMENT (( #3593 ) ) ;
#4342 = DIRECTION ( 'NONE',  ( 1.000000000000000000, -2.273736754434390162E-12, 1.224606353822375779E-16 ) ) ;
#4343 = ORIENTED_EDGE ( 'NONE', *, *, #2423, .T. ) ;
#4344 = ORIENTED_EDGE ( 'NONE', *, *, #129, .F. ) ;
#4345 = LINE ( 'NONE', #3931, #6010 ) ;
#4346 = VECTOR ( 'NONE', #4840, 1000.000000000000000 ) ;
#4347 = CARTESIAN_POINT ( 'NONE',  ( 1.270000000000025997, -7.150999999999920753, -10.25999999999999979 ) ) ;
#4348 = SURFACE_SIDE_STYLE ('',( #9369 ) ) ;
#4349 = PRESENTATION_LAYER_ASSIGNMENT (  '', '', ( #2167 ) ) ;
#4350 = EDGE_CURVE ( 'NONE', #8668, #248, #7760, .T. ) ;
#4351 = ADVANCED_FACE ( 'NONE', ( #1267 ), #2050, .T. ) ;
#4352 = DIRECTION ( 'NONE',  ( 0.0000000000000000000, -1.000000000000000000, 0.0000000000000000000 ) ) ;
#4353 = CARTESIAN_POINT ( 'NONE',  ( 2.052499999998104840, 3.650731915741389777E-05, -4.357628357563680055 ) ) ;
#4354 = VECTOR ( 'NONE', #2, 1000.000000000000114 ) ;
#4355 = ORIENTED_EDGE ( 'NONE', *, *, #3325, .T. ) ;
#4356 = VECTOR ( 'NONE', #9445, 1000.000000000000000 ) ;
#4357 = SURFACE_STYLE_FILL_AREA ( #5451 ) ;
#4358 =( LENGTH_UNIT ( ) NAMED_UNIT ( * ) SI_UNIT ( .MILLI., .METRE. ) );
#4359 = CARTESIAN_POINT ( 'NONE',  ( 3.194999999999790230, -0.3902521710449980419, 4.288809933303045163 ) ) ;
#4360 = VERTEX_POINT ( 'NONE', #3698 ) ;
#4361 = VECTOR ( 'NONE', #9597, 1000.000000000000000 ) ;
#4362 = LINE ( 'NONE', #3921, #8446 ) ;
#4363 = ORIENTED_EDGE ( 'NONE', *, *, #2763, .T. ) ;
#4364 = MECHANICAL_DESIGN_GEOMETRIC_PRESENTATION_REPRESENTATION (  '', ( #2730 ), #4921 ) ;
#4365 = DIRECTION ( 'NONE',  ( 6.673570731747099829E-14, 1.000000000000000000, 1.730217700714489821E-16 ) ) ;
#4366 = CARTESIAN_POINT ( 'NONE',  ( 2.810000000000000053, -0.9719250235416100336, 4.336245315462229577 ) ) ;
#4367 = VECTOR ( 'NONE', #227, 1000.000000000000000 ) ;
#4368 = SURFACE_STYLE_USAGE ( .BOTH. , #9259 ) ;
#4369 = EDGE_CURVE ( 'NONE', #3580, #3374, #5847, .T. ) ;
#4370 = CARTESIAN_POINT ( 'NONE',  ( -5.080000000000000071, -2.000000000000000000, -1.000000000000000000 ) ) ;
#4371 = ORIENTED_EDGE ( 'NONE', *, *, #2889, .F. ) ;
#4372 = CARTESIAN_POINT ( 'NONE',  ( -0.9800000000011589441, -3.750000000000144773, 3.884999999852260189 ) ) ;
#4373 = LINE ( 'NONE', #3364, #1964 ) ;
#4374 = ORIENTED_EDGE ( 'NONE', *, *, #2902, .F. ) ;
#4375 = ORIENTED_EDGE ( 'NONE', *, *, #4137, .F. ) ;
#4376 = AXIS2_PLACEMENT_3D ( 'NONE', #8436, #3578, #9265 ) ;
#4377 = EDGE_CURVE ( 'NONE', #3619, #3001, #7509, .T. ) ;
#4378 = ORIENTED_EDGE ( 'NONE', *, *, #4531, .F. ) ;
#4379 = DIRECTION ( 'NONE',  ( 3.240339941653820604E-20, -0.9999998599709450930, 0.0005292051493183439707 ) ) ;
#4380 = ORIENTED_EDGE ( 'NONE', *, *, #4230, .F. ) ;
#4381 =( NAMED_UNIT ( * ) SI_UNIT ( $, .STERADIAN. ) SOLID_ANGLE_UNIT ( ) );
#4382 = DIRECTION ( 'NONE',  ( 6.123031769111888756E-17, 2.596018638148705187E-13, 1.000000000000000000 ) ) ;
#4383 = VECTOR ( 'NONE', #8682, 1000.000000000000000 ) ;
#4384 = ORIENTED_EDGE ( 'NONE', *, *, #6838, .T. ) ;
#4385 = ORIENTED_EDGE ( 'NONE', *, *, #7990, .T. ) ;
#4386 = SURFACE_STYLE_FILL_AREA ( #7987 ) ;
#4387 = EDGE_CURVE ( 'NONE', #10511, #5180, #3148, .T. ) ;
#4388 = VECTOR ( 'NONE', #2699, 1000.000000000000000 ) ;
#4389 = LINE ( 'NONE', #5917, #2226 ) ;
#4390 = ORIENTED_EDGE ( 'NONE', *, *, #3174, .T. ) ;
#4391 = EDGE_LOOP ( 'NONE', ( #7527, #8697, #6764, #2315 ) ) ;
#4392 = EDGE_CURVE ( 'NONE', #5289, #1756, #1015, .T. ) ;
#4393 = VERTEX_POINT ( 'NONE', #1313 ) ;
#4394 = LINE ( 'NONE', #3583, #2744 ) ;
#4395 = ORIENTED_EDGE ( 'NONE', *, *, #1080, .T. ) ;
#4396 =( NAMED_UNIT ( * ) PLANE_ANGLE_UNIT ( ) SI_UNIT ( $, .RADIAN. ) );
#4397 = LINE ( 'NONE', #6840, #2237 ) ;
#4398 =( GEOMETRIC_REPRESENTATION_CONTEXT ( 3 ) GLOBAL_UNCERTAINTY_ASSIGNED_CONTEXT ( ( #10130 ) ) GLOBAL_UNIT_ASSIGNED_CONTEXT ( ( #10076, #5195, #334 ) ) REPRESENTATION_CONTEXT ( 'NONE', 'WORKASPACE' ) );
#4399 = DIRECTION ( 'NONE',  ( 1.000000000000000000, 0.0000000000000000000, -6.123031769111888756E-17 ) ) ;
#4400 = ORIENTED_EDGE ( 'NONE', *, *, #5164, .T. ) ;
#4401 = FACE_OUTER_BOUND ( 'NONE', #5042, .T. ) ;
#4402 = AXIS2_PLACEMENT_3D ( 'NONE', #5576, #9640, #8994 ) ;
#4403 = DIRECTION ( 'NONE',  ( 1.224606353822375779E-16, 0.0000000000000000000, -1.000000000000000000 ) ) ;
#4404 = SURFACE_SIDE_STYLE ('',( #1479 ) ) ;
#4405 = EDGE_CURVE ( 'NONE', #6329, #4715, #9658, .T. ) ;
#4406 = ORIENTED_EDGE ( 'NONE', *, *, #2678, .T. ) ;
#4407 = CARTESIAN_POINT ( 'NONE',  ( -0.6549999999998060707, -0.6264186456785509893, -3.346222332753779671 ) ) ;
#4408 = CARTESIAN_POINT ( 'NONE',  ( 4.325000000000325251, 0.6865000000000239799, 10.25999999999999979 ) ) ;
#4409 = EDGE_LOOP ( 'NONE', ( #5306, #7500, #6661, #1227 ) ) ;
#4410 = COLOUR_RGB ( '',0.1411764705882352922, 0.1411764705882352922, 0.1411764705882352922 ) ;
#4411 = ORIENTED_EDGE ( 'NONE', *, *, #5513, .T. ) ;
#4412 = PLANE ( 'NONE',  #7079 ) ;
#4413 = VECTOR ( 'NONE', #9598, 1000.000000000000000 ) ;
#4414 = ADVANCED_FACE ( 'NONE', ( #7243 ), #8636, .T. ) ;
#4415 = VERTEX_POINT ( 'NONE', #5349 ) ;
#4416 = DIRECTION ( 'NONE',  ( 0.0000000000000000000, 1.000000000000000000, 0.0000000000000000000 ) ) ;
#4417 = ORIENTED_EDGE ( 'NONE', *, *, #9932, .T. ) ;
#4418 = PRESENTATION_LAYER_ASSIGNMENT (  '', '', ( #2235 ) ) ;
#4419 = CARTESIAN_POINT ( 'NONE',  ( -0.9799999999995409050, -5.116929645231019563, -3.884999999852265073 ) ) ;
#4420 = ORIENTED_EDGE ( 'NONE', *, *, #5418, .F. ) ;
#4421 = LINE ( 'NONE', #4848, #8501 ) ;
#4422 = ORIENTED_EDGE ( 'NONE', *, *, #10095, .T. ) ;
#4423 = DIRECTION ( 'NONE',  ( -1.059417794895478013E-32, -1.000000000000000000, 1.730217700714529757E-16 ) ) ;
#4424 = FILL_AREA_STYLE_COLOUR ( '', #3595 ) ;
#4425 = ORIENTED_EDGE ( 'NONE', *, *, #10208, .F. ) ;
#4426 = LINE ( 'NONE', #6096, #4185 ) ;
#4427 = AXIS2_PLACEMENT_3D ( 'NONE', #6380, #3127, #8819 ) ;
#4428 = ORIENTED_EDGE ( 'NONE', *, *, #7274, .F. ) ;
#4429 = PLANE ( 'NONE',  #3601 ) ;
#4430 = EDGE_CURVE ( 'NONE', #3956, #7518, #6987, .T. ) ;
#4431 = VECTOR ( 'NONE', #5609, 1000.000000000000000 ) ;
#4432 = DIRECTION ( 'NONE',  ( 6.123031769111888756E-17, -5.459445332101871020E-15, -1.000000000000000000 ) ) ;
#4433 = DIRECTION ( 'NONE',  ( -9.556289355536120687E-26, -2.596018638148705187E-13, -1.000000000000000000 ) ) ;
#4434 = ORIENTED_EDGE ( 'NONE', *, *, #9025, .F. ) ;
#4435 = CARTESIAN_POINT ( 'NONE',  ( 0.7549999999996730438, 0.6646145760520409951, 4.620862500821609764 ) ) ;
#4436 = FILL_AREA_STYLE ('',( #1996 ) ) ;
#4437 = AXIS2_PLACEMENT_3D ( 'NONE', #418, #2837, #8541 ) ;
#4438 = COLOUR_RGB ( '',0.1411764705882352922, 0.1411764705882352922, 0.1411764705882352922 ) ;
#4439 = UNCERTAINTY_MEASURE_WITH_UNIT (LENGTH_MEASURE( 1.000000000000000082E-05 ), #7671, 'distance_accuracy_value', 'NONE');
#4440 = PLANE ( 'NONE',  #6880 ) ;
#4441 = DIRECTION ( 'NONE',  ( 0.0000000000000000000, 1.000000000000000000, 0.0000000000000000000 ) ) ;
#4442 = ORIENTED_EDGE ( 'NONE', *, *, #3084, .T. ) ;
#4443 = CARTESIAN_POINT ( 'NONE',  ( 0.6550000000000000266, -0.6800000000000000488, 2.169999999999999929 ) ) ;
#4444 = UNCERTAINTY_MEASURE_WITH_UNIT (LENGTH_MEASURE( 1.000000000000000082E-05 ), #5149, 'distance_accuracy_value', 'NONE');
#4445 = CARTESIAN_POINT ( 'NONE',  ( 4.424999999999999822, -2.180000000000000160, -3.334999999999999964 ) ) ;
#4446 = LINE ( 'NONE', #8047, #2285 ) ;
#4447 = DIRECTION ( 'NONE',  ( 6.123031769111888756E-17, -1.730217700714529757E-16, 1.000000000000000000 ) ) ;
#4448 = ORIENTED_EDGE ( 'NONE', *, *, #8900, .T. ) ;
#4449 = DIRECTION ( 'NONE',  ( -1.000000000000000000, 0.0000000000000000000, 6.123031769111888756E-17 ) ) ;
#4450 = EDGE_CURVE ( 'NONE', #1231, #7248, #9141, .T. ) ;
#4451 = STYLED_ITEM ( 'NONE', ( #10358 ), #9933 ) ;
#4452 = ADVANCED_FACE ( 'NONE', ( #2648 ), #8662, .T. ) ;
#4453 = VECTOR ( 'NONE', #1949, 1000.000000000000114 ) ;
#4454 = VERTEX_POINT ( 'NONE', #7037 ) ;
#4455 = FACE_OUTER_BOUND ( 'NONE', #5465, .T. ) ;
#4456 = ORIENTED_EDGE ( 'NONE', *, *, #321, .F. ) ;
#4457 = EDGE_CURVE ( 'NONE', #1125, #9117, #4810, .T. ) ;
#4458 = ORIENTED_EDGE ( 'NONE', *, *, #6744, .F. ) ;
#4459 = DIRECTION ( 'NONE',  ( 1.224606353648789895E-16, 2.601093943404129786E-13, -1.000000000000000000 ) ) ;
#4460 = CARTESIAN_POINT ( 'NONE',  ( -0.6549999999999279732, -1.227030387021919910, 4.186245315462254979 ) ) ;
#4461 = DIRECTION ( 'NONE',  ( 1.224606353822375779E-16, 0.0000000000000000000, -1.000000000000000000 ) ) ;
#4462 = CARTESIAN_POINT ( 'NONE',  ( -0.7549999999996730438, 0.6865000000000239799, -10.25999999999999979 ) ) ;
#4463 = COLOUR_RGB ( '',0.1411764705882352922, 0.1411764705882352922, 0.1411764705882352922 ) ;
#4464 = SURFACE_STYLE_USAGE ( .BOTH. , #4598 ) ;
#4465 = SURFACE_SIDE_STYLE ('',( #6428 ) ) ;
#4466 = EDGE_CURVE ( 'NONE', #6822, #5677, #6739, .T. ) ;
#4467 = CARTESIAN_POINT ( 'NONE',  ( -4.325000000000329692, 0.6865000000000239799, -10.25999999999999979 ) ) ;
#4468 = VECTOR ( 'NONE', #8660, 1000.000000000000000 ) ;
#4469 = AXIS2_PLACEMENT_3D ( 'NONE', #8192, #769, #2673 ) ;
#4470 = DIRECTION ( 'NONE',  ( -2.273736754434390162E-12, 1.000000000000000000, 0.0000000000000000000 ) ) ;
#4471 = CARTESIAN_POINT ( 'NONE',  ( -4.309999999999999609, 0.6865000000000239799, 4.496744093870610470 ) ) ;
#4472 = CIRCLE ( 'NONE', #4175, 0.2748194203352921083 ) ;
#4473 = FILL_AREA_STYLE_COLOUR ( '', #9619 ) ;
#4474 = FILL_AREA_STYLE_COLOUR ( '', #9067 ) ;
#4475 = VECTOR ( 'NONE', #3340, 1000.000000000000000 ) ;
#4476 = EDGE_LOOP ( 'NONE', ( #4771, #7167, #957, #6084 ) ) ;
#4477 = CARTESIAN_POINT ( 'NONE',  ( 1.885000000000194964, -0.6264186456785509893, -3.346222332753779671 ) ) ;
#4478 = PRESENTATION_STYLE_ASSIGNMENT (( #4228 ) ) ;
#4479 = AXIS2_PLACEMENT_3D ( 'NONE', #7631, #9783, #7490 ) ;
#4480 = EDGE_CURVE ( 'NONE', #30, #4814, #4548, .T. ) ;
#4481 = ORIENTED_EDGE ( 'NONE', *, *, #7653, .F. ) ;
#4482 = LINE ( 'NONE', #1266, #2075 ) ;
#4483 = PRESENTATION_STYLE_ASSIGNMENT (( #3703 ) ) ;
#4484 = CIRCLE ( 'NONE', #341, 0.1000000000000809269 ) ;
#4485 = ORIENTED_EDGE ( 'NONE', *, *, #5475, .T. ) ;
#4486 = VECTOR ( 'NONE', #9709, 1000.000000000000000 ) ;
#4487 = DIRECTION ( 'NONE',  ( -1.000000000000000000, 0.0000000000000000000, 6.123031769111888756E-17 ) ) ;
#4488 = CARTESIAN_POINT ( 'NONE',  ( 5.080000000000000071, 1.000000000000000000, 5.079999999999810001 ) ) ;
#4489 = CARTESIAN_POINT ( 'NONE',  ( -5.080000000000000071, -2.700000000000500222, 3.110500138708840031E-16 ) ) ;
#4490 = DIRECTION ( 'NONE',  ( -6.123031769111888756E-17, 1.836909530733564901E-16, -1.000000000000000000 ) ) ;
#4491 = AXIS2_PLACEMENT_3D ( 'NONE', #1173, #6869, #1985 ) ;
#4492 = CARTESIAN_POINT ( 'NONE',  ( -0.6550000000000000266, -1.308111948986800055, 3.923659150360660153 ) ) ;
#4493 = CARTESIAN_POINT ( 'NONE',  ( -5.080000000000000071, -3.750000000000000000, 3.329999999997540261 ) ) ;
#4494 = VERTEX_POINT ( 'NONE', #9532 ) ;
#4495 = FACE_OUTER_BOUND ( 'NONE', #8630, .T. ) ;
#4496 = VERTEX_POINT ( 'NONE', #3833 ) ;
#4497 = DIRECTION ( 'NONE',  ( -1.337492208489744030E-13, -1.000000000000000000, -1.637901456704465060E-29 ) ) ;
#4498 = VECTOR ( 'NONE', #2344, 1000.000000000000114 ) ;
#4499 = VERTEX_POINT ( 'NONE', #4637 ) ;
#4500 =( NAMED_UNIT ( * ) PLANE_ANGLE_UNIT ( ) SI_UNIT ( $, .RADIAN. ) );
#4501 = EDGE_CURVE ( 'NONE', #3487, #856, #8386, .T. ) ;
#4502 = ORIENTED_EDGE ( 'NONE', *, *, #9919, .F. ) ;
#4503 = DIRECTION ( 'NONE',  ( 6.123031769111888756E-17, 0.0000000000000000000, 1.000000000000000000 ) ) ;
#4504 = FACE_OUTER_BOUND ( 'NONE', #4409, .T. ) ;
#4505 =( NAMED_UNIT ( * ) PLANE_ANGLE_UNIT ( ) SI_UNIT ( $, .RADIAN. ) );
#4506 = VECTOR ( 'NONE', #3596, 1000.000000000000000 ) ;
#4507 = ADVANCED_FACE ( 'NONE', ( #2140 ), #1426, .T. ) ;
#4508 = CARTESIAN_POINT ( 'NONE',  ( -3.906592582628969801, -7.176881904510159949, -3.734999999852264718 ) ) ;
#4509 = CARTESIAN_POINT ( 'NONE',  ( 2.810000000000000053, -2.048462511770785088, 4.335675606200250165 ) ) ;
#4510 = EDGE_LOOP ( 'NONE', ( #7612, #3232, #4029, #8883, #3761, #2745, #8575, #7227, #7389 ) ) ;
#4511 = LINE ( 'NONE', #7244, #6431 ) ;
#4512 = VERTEX_POINT ( 'NONE', #10342 ) ;
#4513 = DIRECTION ( 'NONE',  ( 6.030009158161467605E-17, 0.1736481776668984400, -0.9848077530122136825 ) ) ;
#4514 = SURFACE_STYLE_FILL_AREA ( #4585 ) ;
#4515 = ORIENTED_EDGE ( 'NONE', *, *, #4377, .T. ) ;
#4516 = VECTOR ( 'NONE', #10247, 1000.000000000000114 ) ;
#4517 = CARTESIAN_POINT ( 'NONE',  ( 3.616703708685609975, -6.797318496377550368, 10.25999999999999979 ) ) ;
#4518 = ORIENTED_EDGE ( 'NONE', *, *, #9938, .T. ) ;
#4519 = SURFACE_STYLE_FILL_AREA ( #5740 ) ;
#4520 = VECTOR ( 'NONE', #5184, 1000.000000000000000 ) ;
#4521 = CARTESIAN_POINT ( 'NONE',  ( -0.6550000000000000266, -0.6800000000000000488, -4.500000000000000000 ) ) ;
#4522 = CARTESIAN_POINT ( 'NONE',  ( 3.294999999999674856, 3.650732037385749672E-05, 4.357628357563889665 ) ) ;
#4523 = ADVANCED_FACE ( 'NONE', ( #9785 ), #614, .T. ) ;
#4524 = VERTEX_POINT ( 'NONE', #1452 ) ;
#4525 = EDGE_CURVE ( 'NONE', #10511, #6567, #1391, .T. ) ;
#4526 = ORIENTED_EDGE ( 'NONE', *, *, #6867, .F. ) ;
#4527 = ORIENTED_EDGE ( 'NONE', *, *, #3720, .F. ) ;
#4528 = LINE ( 'NONE', #7410, #2368 ) ;
#4529 = ORIENTED_EDGE ( 'NONE', *, *, #8507, .F. ) ;
#4530 = VECTOR ( 'NONE', #4218, 1000.000000000000000 ) ;
#4531 = EDGE_CURVE ( 'NONE', #662, #6822, #7632, .T. ) ;
#4532 = CARTESIAN_POINT ( 'NONE',  ( -5.080000000000000071, -8.272839892444299875E-16, 4.503673019291570156 ) ) ;
#4533 = ORIENTED_EDGE ( 'NONE', *, *, #877, .F. ) ;
#4534 = CARTESIAN_POINT ( 'NONE',  ( 4.143051519122189497, -6.248777273997109916, 3.884999999852260189 ) ) ;
#4535 = EDGE_LOOP ( 'NONE', ( #2852, #920, #2981, #6833 ) ) ;
#4536 = CARTESIAN_POINT ( 'NONE',  ( -0.6549999999998460387, -1.221249999999999947, -2.185105896938279724 ) ) ;
#4537 = CARTESIAN_POINT ( 'NONE',  ( 5.080000000000000071, -4.099999999999679900, 2.330000000000040039 ) ) ;
#4538 = AXIS2_PLACEMENT_3D ( 'NONE', #5076, #5134, #2713 ) ;
#4539 = LINE ( 'NONE', #2095, #8870 ) ;
#4540 = EDGE_LOOP ( 'NONE', ( #1058, #5390, #4783, #9922 ) ) ;
#4541 = SURFACE_STYLE_FILL_AREA ( #138 ) ;
#4542 = EDGE_CURVE ( 'NONE', #10202, #3331, #1135, .T. ) ;
#4543 = DIRECTION ( 'NONE',  ( 1.000000000000000000, 0.0000000000000000000, 0.0000000000000000000 ) ) ;
#4544 = LINE ( 'NONE', #7047, #6732 ) ;
#4545 = ORIENTED_EDGE ( 'NONE', *, *, #8766, .F. ) ;
#4546 = DIRECTION ( 'NONE',  ( -1.000000000000000000, 0.0000000000000000000, 0.0000000000000000000 ) ) ;
#4547 = CARTESIAN_POINT ( 'NONE',  ( -3.906592582628969801, -7.176881904510159949, -3.884999999852265073 ) ) ;
#4548 = LINE ( 'NONE', #7902, #6477 ) ;
#4549 = CARTESIAN_POINT ( 'NONE',  ( 0.6550000000000000266, -1.308111948986800055, -3.923659150360660153 ) ) ;
#4550 = STYLED_ITEM ( 'NONE', ( #7475 ), #5848 ) ;
#4551 = ORIENTED_EDGE ( 'NONE', *, *, #9413, .F. ) ;
#4552 = VERTEX_POINT ( 'NONE', #2289 ) ;
#4553 = CARTESIAN_POINT ( 'NONE',  ( 1.366592582628800123, -7.176881904510220345, -3.734999999852264718 ) ) ;
#4554 = STYLED_ITEM ( 'NONE', ( #5351 ), #2173 ) ;
#4555 = DIRECTION ( 'NONE',  ( 6.123031769111888756E-17, -1.836909530733564901E-16, 1.000000000000000000 ) ) ;
#4556 = VERTEX_POINT ( 'NONE', #10422 ) ;
#4557 = CARTESIAN_POINT ( 'NONE',  ( 3.194999999999764917, 3.650731991911014584E-05, 4.357628357563815058 ) ) ;
#4558 = DIRECTION ( 'NONE',  ( -1.063253308503841549E-17, 0.9848077530121837064, -0.1736481776670679433 ) ) ;
#4559 = LINE ( 'NONE', #4493, #4317 ) ;
#4560 = AXIS2_PLACEMENT_3D ( 'NONE', #2304, #8015, #3114 ) ;
#4561 = ORIENTED_EDGE ( 'NONE', *, *, #2567, .F. ) ;
#4562 = VERTEX_POINT ( 'NONE', #668 ) ;
#4563 = AXIS2_PLACEMENT_3D ( 'NONE', #2231, #7933, #3039 ) ;
#4564 = CARTESIAN_POINT ( 'NONE',  ( 1.270000000000025997, -7.150999999999920753, -10.25999999999999979 ) ) ;
#4565 = EDGE_CURVE ( 'NONE', #5940, #1883, #5439, .T. ) ;
#4566 = CARTESIAN_POINT ( 'NONE',  ( 3.194999999999999840, -0.6800000000000000488, 4.500000000000000000 ) ) ;
#4567 = CARTESIAN_POINT ( 'NONE',  ( 3.810000000000000053, -2.180000000000000160, -3.334999999999999964 ) ) ;
#4568 = DIRECTION ( 'NONE',  ( 6.687461042448720151E-14, 1.000000000000000000, 0.0000000000000000000 ) ) ;
#4569 = DIRECTION ( 'NONE',  ( 2.273736754434390162E-12, 1.000000000000000000, 2.784432476399825000E-28 ) ) ;
#4570 = CARTESIAN_POINT ( 'NONE',  ( -4.325000000000329692, 0.6865000000000239799, 4.496744093870610470 ) ) ;
#4571 = ORIENTED_EDGE ( 'NONE', *, *, #798, .F. ) ;
#4572 = ADVANCED_FACE ( 'NONE', ( #3016 ), #7109, .T. ) ;
#4573 = CARTESIAN_POINT ( 'NONE',  ( -0.6549999999998780131, -1.699963492679900101, -10.25999999999999979 ) ) ;
#4574 = CARTESIAN_POINT ( 'NONE',  ( 5.080000000000000071, -4.099999999999795364, 2.829999999998904947 ) ) ;
#4575 = UNCERTAINTY_MEASURE_WITH_UNIT (LENGTH_MEASURE( 1.000000000000000082E-05 ), #4967, 'distance_accuracy_value', 'NONE');
#4576 = CARTESIAN_POINT ( 'NONE',  ( 0.6550000000000000266, -0.4000000000000569766, 2.460105896938209913 ) ) ;
#4577 = CARTESIAN_POINT ( 'NONE',  ( -0.9800000000010679058, -5.116929645232019652, 3.734999999852264718 ) ) ;
#4578 = PRESENTATION_STYLE_ASSIGNMENT (( #5701 ) ) ;
#4579 = DIRECTION ( 'NONE',  ( 0.0000000000000000000, 0.0000000000000000000, 1.000000000000000000 ) ) ;
#4580 = EDGE_CURVE ( 'NONE', #9652, #832, #5191, .T. ) ;
#4581 = VERTEX_POINT ( 'NONE', #1532 ) ;
#4582 = CARTESIAN_POINT ( 'NONE',  ( -3.810000000000000053, -7.150999999999920753, -10.25999999999999979 ) ) ;
#4583 = EDGE_CURVE ( 'NONE', #9251, #3584, #9269, .T. ) ;
#4584 = LINE ( 'NONE', #2128, #6521 ) ;
#4585 = FILL_AREA_STYLE ('',( #3792 ) ) ;
#4586 = DIRECTION ( 'NONE',  ( 1.000000000000000000, -6.687461042448720151E-14, 0.0000000000000000000 ) ) ;
#4587 = ORIENTED_EDGE ( 'NONE', *, *, #4336, .F. ) ;
#4588 = EDGE_CURVE ( 'NONE', #2827, #3589, #9525, .T. ) ;
#4589 = STYLED_ITEM ( 'NONE', ( #9571 ), #10253 ) ;
#4590 =( LENGTH_UNIT ( ) NAMED_UNIT ( * ) SI_UNIT ( .MILLI., .METRE. ) );
#4591 = VECTOR ( 'NONE', #7993, 1000.000000000000000 ) ;
#4592 = EDGE_CURVE ( 'NONE', #4060, #7834, #4939, .T. ) ;
#4593 = CARTESIAN_POINT ( 'NONE',  ( -1.885000000000204956, -0.4877706291219079948, 4.271614798027000504 ) ) ;
#4594 = FILL_AREA_STYLE_COLOUR ( '', #10462 ) ;
#4595 = CARTESIAN_POINT ( 'NONE',  ( 0.9799999999995409050, -5.116929645231019563, 3.884999999852265073 ) ) ;
#4596 = VECTOR ( 'NONE', #1915, 1000.000000000000114 ) ;
#4597 =( NAMED_UNIT ( * ) SI_UNIT ( $, .STERADIAN. ) SOLID_ANGLE_UNIT ( ) );
#4598 = SURFACE_SIDE_STYLE ('',( #6169 ) ) ;
#4599 = LINE ( 'NONE', #4243, #8676 ) ;
#4600 = EDGE_LOOP ( 'NONE', ( #8500, #9852, #92, #9560 ) ) ;
#4601 = VECTOR ( 'NONE', #6180, 1000.000000000000000 ) ;
#4602 = EDGE_CURVE ( 'NONE', #8455, #10197, #6858, .T. ) ;
#4603 = VECTOR ( 'NONE', #9956, 1000.000000000000000 ) ;
#4604 = VERTEX_POINT ( 'NONE', #8879 ) ;
#4605 = LINE ( 'NONE', #5540, #4361 ) ;
#4606 = CARTESIAN_POINT ( 'NONE',  ( 1.270000000000000018, -2.180000000000000160, 3.334999999999999964 ) ) ;
#4607 = VECTOR ( 'NONE', #2298, 1000.000000000000114 ) ;
#4608 = VERTEX_POINT ( 'NONE', #9701 ) ;
#4609 = CARTESIAN_POINT ( 'NONE',  ( -0.9799999999994650768, -4.908859290462300962, -10.25999999999999979 ) ) ;
#4610 = FACE_OUTER_BOUND ( 'NONE', #10286, .T. ) ;
#4611 = CARTESIAN_POINT ( 'NONE',  ( 1.885000000000000009, -2.180000000000000160, -3.334999999999999964 ) ) ;
#4612 = AXIS2_PLACEMENT_3D ( 'NONE', #8542, #3689, #9368 ) ;
#4613 = ORIENTED_EDGE ( 'NONE', *, *, #9990, .F. ) ;
#4614 = CARTESIAN_POINT ( 'NONE',  ( -0.6549999999998240563, -0.8897388526408829268, -4.186245315462254979 ) ) ;
#4615 = COLOUR_RGB ( '',0.1411764705882352922, 0.1411764705882352922, 0.1411764705882352922 ) ;
#4616 = CARTESIAN_POINT ( 'NONE',  ( 4.100000000000459721, -5.116929645231019563, -3.884999999852265073 ) ) ;
#4617 = ADVANCED_FACE ( 'NONE', ( #373 ), #7253, .T. ) ;
#4618 = ORIENTED_EDGE ( 'NONE', *, *, #5352, .F. ) ;
#4619 = DIRECTION ( 'NONE',  ( 3.342835721018934545E-31, 1.000000000000000000, 5.459445332101871020E-15 ) ) ;
#4620 = ORIENTED_EDGE ( 'NONE', *, *, #10127, .T. ) ;
#4621 = AXIS2_PLACEMENT_3D ( 'NONE', #6799, #1920, #7633 ) ;
#4622 = VECTOR ( 'NONE', #8746, 1000.000000000000000 ) ;
#4623 = LINE ( 'NONE', #6362, #323 ) ;
#4624 = EDGE_CURVE ( 'NONE', #9784, #3874, #8747, .T. ) ;
#4625 = DIRECTION ( 'NONE',  ( 0.0000000000000000000, -1.000000000000000000, 0.0000000000000000000 ) ) ;
#4626 = VERTEX_POINT ( 'NONE', #7282 ) ;
#4627 = LINE ( 'NONE', #5018, #329 ) ;
#4628 = ORIENTED_EDGE ( 'NONE', *, *, #10323, .F. ) ;
#4629 = EDGE_LOOP ( 'NONE', ( #846, #854, #10039, #3802 ) ) ;
#4630 = CARTESIAN_POINT ( 'NONE',  ( 5.080000000000000071, 1.000000000000000000, -5.080000000000000071 ) ) ;
#4631 = DIRECTION ( 'NONE',  ( 0.0000000000000000000, -1.000000000000000000, 0.0000000000000000000 ) ) ;
#4632 = ORIENTED_EDGE ( 'NONE', *, *, #5404, .F. ) ;
#4633 = UNCERTAINTY_MEASURE_WITH_UNIT (LENGTH_MEASURE( 1.000000000000000082E-05 ), #3350, 'distance_accuracy_value', 'NONE');
#4634 = VECTOR ( 'NONE', #10399, 1000.000000000000000 ) ;
#4635 = VECTOR ( 'NONE', #9186, 1000.000000000000114 ) ;
#4636 = CARTESIAN_POINT ( 'NONE',  ( -0.6550000000000000266, -0.6800000000000000488, 4.500000000000000000 ) ) ;
#4637 = CARTESIAN_POINT ( 'NONE',  ( -1.885000000000104814, -0.9719250235416100336, -4.186245315462254979 ) ) ;
#4638 = CARTESIAN_POINT ( 'NONE',  ( 3.310000000000000053, -2.180000000000000160, 2.185105896938285053 ) ) ;
#4639 = LINE ( 'NONE', #5882, #8978 ) ;
#4640 =( GEOMETRIC_REPRESENTATION_CONTEXT ( 3 ) GLOBAL_UNCERTAINTY_ASSIGNED_CONTEXT ( ( #5896 ) ) GLOBAL_UNIT_ASSIGNED_CONTEXT ( ( #4886, #37, #5724 ) ) REPRESENTATION_CONTEXT ( 'NONE', 'WORKASPACE' ) );
#4641 = VECTOR ( 'NONE', #152, 999.9999999999998863 ) ;
#4642 = PRESENTATION_STYLE_ASSIGNMENT (( #6996 ) ) ;
#4643 = ORIENTED_EDGE ( 'NONE', *, *, #9181, .T. ) ;
#4644 =( NAMED_UNIT ( * ) SI_UNIT ( $, .STERADIAN. ) SOLID_ANGLE_UNIT ( ) );
#4645 = EDGE_CURVE ( 'NONE', #1973, #598, #4672, .T. ) ;
#4646 = DIRECTION ( 'NONE',  ( 1.000000000000000000, 0.0000000000000000000, 6.123031769111888756E-17 ) ) ;
#4647 = ORIENTED_EDGE ( 'NONE', *, *, #9800, .T. ) ;
#4648 = LINE ( 'NONE', #2751, #95 ) ;
#4649 = ORIENTED_EDGE ( 'NONE', *, *, #136, .F. ) ;
#4650 = FACE_OUTER_BOUND ( 'NONE', #511, .T. ) ;
#4651 = ORIENTED_EDGE ( 'NONE', *, *, #4405, .F. ) ;
#4652 = CARTESIAN_POINT ( 'NONE',  ( 3.657599999999999962, -3.399999999999634870, -0.9200000000000000400 ) ) ;
#4653 = CARTESIAN_POINT ( 'NONE',  ( 3.657599999999999962, -2.774999999999865352, 0.5399999999998489342 ) ) ;
#4654 = LINE ( 'NONE', #4765, #6586 ) ;
#4655 = FACE_OUTER_BOUND ( 'NONE', #1380, .T. ) ;
#4656 = CARTESIAN_POINT ( 'NONE',  ( -1.885000000000000009, 3.330669073875469621E-16, -1.667499999999999982 ) ) ;
#4657 = PLANE ( 'NONE',  #1848 ) ;
#4658 = ORIENTED_EDGE ( 'NONE', *, *, #7274, .T. ) ;
#4659 = CARTESIAN_POINT ( 'NONE',  ( -3.194999999999910134, -1.071254713756893961, 4.063030467039109972 ) ) ;
#4660 = EDGE_CURVE ( 'NONE', #7823, #1013, #4421, .T. ) ;
#4661 = ORIENTED_EDGE ( 'NONE', *, *, #981, .T. ) ;
#4662 = VECTOR ( 'NONE', #3991, 1000.000000000000114 ) ;
#4663 = ORIENTED_EDGE ( 'NONE', *, *, #9435, .F. ) ;
#4664 = FACE_OUTER_BOUND ( 'NONE', #2965, .T. ) ;
#4665 = EDGE_LOOP ( 'NONE', ( #1510, #8831, #4788, #715, #8363, #6591, #4186, #7849 ) ) ;
#4666 = CARTESIAN_POINT ( 'NONE',  ( -1.885000000000000009, -2.180000000000000160, 4.500000000000000000 ) ) ;
#4667 = FACE_OUTER_BOUND ( 'NONE', #9513, .T. ) ;
#4668 = CARTESIAN_POINT ( 'NONE',  ( -1.884999999999944942, -2.180000000000000160, -4.335605995874404428 ) ) ;
#4669 = CARTESIAN_POINT ( 'NONE',  ( -3.906592582628969801, -7.176881904510159949, -10.25999999999999979 ) ) ;
#4670 = EDGE_CURVE ( 'NONE', #1761, #2746, #120, .T. ) ;
#4671 = EDGE_LOOP ( 'NONE', ( #692, #9773, #4283, #6784 ) ) ;
#4672 = LINE ( 'NONE', #2401, #6608 ) ;
#4673 = ORIENTED_EDGE ( 'NONE', *, *, #5131, .T. ) ;
#4674 = ORIENTED_EDGE ( 'NONE', *, *, #1020, .T. ) ;
#4675 = EDGE_CURVE ( 'NONE', #2639, #6480, #6338, .T. ) ;
#4676 = DIRECTION ( 'NONE',  ( -1.063253308501543991E-17, 0.9848077530122499867, -0.1736481776666925214 ) ) ;
#4677 = FILL_AREA_STYLE_COLOUR ( '', #2934 ) ;
#4678 = VECTOR ( 'NONE', #1154, 1000.000000000000000 ) ;
#4679 = CARTESIAN_POINT ( 'NONE',  ( 3.810000000000000053, -0.6800000000000000488, -4.500000000000000000 ) ) ;
#4680 = FILL_AREA_STYLE_COLOUR ( '', #3467 ) ;
#4681 = MECHANICAL_DESIGN_GEOMETRIC_PRESENTATION_REPRESENTATION (  '', ( #3037 ), #5220 ) ;
#4682 = ORIENTED_EDGE ( 'NONE', *, *, #3543, .T. ) ;
#4683 = VECTOR ( 'NONE', #7520, 1000.000000000000114 ) ;
#4684 = ADVANCED_FACE ( 'NONE', ( #2258 ), #8142, .T. ) ;
#4685 = DIRECTION ( 'NONE',  ( 1.000000000000000000, 0.0000000000000000000, 1.224606353822377751E-16 ) ) ;
#4686 = LINE ( 'NONE', #5692, #6355 ) ;
#4687 = DIRECTION ( 'NONE',  ( -0.9690437062360581777, -0.2468892371171420574, -1.186697079788262602E-16 ) ) ;
#4688 = DIRECTION ( 'NONE',  ( -1.000000000000000000, -4.547473508868780324E-12, -8.017810433524899750E-13 ) ) ;
#4689 = DIRECTION ( 'NONE',  ( -1.063253308502803550E-17, 0.9848077530122136825, -0.1736481776668984400 ) ) ;
#4690 = AXIS2_PLACEMENT_3D ( 'NONE', #7116, #7928, #3034 ) ;
#4691 = EDGE_LOOP ( 'NONE', ( #10022, #3170, #9302, #632 ) ) ;
#4692 = DIRECTION ( 'NONE',  ( -1.000000000000000000, 0.0000000000000000000, 0.0000000000000000000 ) ) ;
#4693 =( GEOMETRIC_REPRESENTATION_CONTEXT ( 3 ) GLOBAL_UNCERTAINTY_ASSIGNED_CONTEXT ( ( #4633 ) ) GLOBAL_UNIT_ASSIGNED_CONTEXT ( ( #3350, #6539, #6427 ) ) REPRESENTATION_CONTEXT ( 'NONE', 'WORKASPACE' ) );
#4694 = CARTESIAN_POINT ( 'NONE',  ( -3.194999999999999840, -2.180000000000000160, -3.334999999999999964 ) ) ;
#4695 = EDGE_CURVE ( 'NONE', #5971, #1048, #5303, .T. ) ;
#4696 = CARTESIAN_POINT ( 'NONE',  ( -3.294999999999674856, 0.6865000000000239799, 4.496744093870610470 ) ) ;
#4697 = VERTEX_POINT ( 'NONE', #8172 ) ;
#4698 = DIRECTION ( 'NONE',  ( -1.000000000000000000, -4.547473508868780324E-12, -8.017810433524899750E-13 ) ) ;
#4699 = DIRECTION ( 'NONE',  ( -0.0000000000000000000, 1.000000000000000000, 0.0000000000000000000 ) ) ;
#4700 = VECTOR ( 'NONE', #1591, 1000.000000000000000 ) ;
#4701 = CARTESIAN_POINT ( 'NONE',  ( 0.6550000000000000266, -2.180000000000000160, 3.334999999999999964 ) ) ;
#4702 = AXIS2_PLACEMENT_3D ( 'NONE', #1912, #7624, #2715 ) ;
#4703 = ADVANCED_FACE ( 'NONE', ( #1258 ), #3298, .T. ) ;
#4704 = ORIENTED_EDGE ( 'NONE', *, *, #8626, .T. ) ;
#4705 = DIRECTION ( 'NONE',  ( 1.000000000000000000, 0.0000000000000000000, 0.0000000000000000000 ) ) ;
#4706 = CARTESIAN_POINT ( 'NONE',  ( 4.425000000000170353, -0.9719250235416100336, -4.336245315462229577 ) ) ;
#4707 = EDGE_CURVE ( 'NONE', #8706, #9887, #7501, .T. ) ;
#4708 = DIRECTION ( 'NONE',  ( 1.224606353648789895E-16, 2.601093943404129786E-13, -1.000000000000000000 ) ) ;
#4709 = DIRECTION ( 'NONE',  ( -1.000000000000000000, 0.0000000000000000000, 6.123031769111888756E-17 ) ) ;
#4710 = FACE_OUTER_BOUND ( 'NONE', #3982, .T. ) ;
#4711 = ORIENTED_EDGE ( 'NONE', *, *, #7506, .F. ) ;
#4712 = LINE ( 'NONE', #9966, #413 ) ;
#4713 = ORIENTED_EDGE ( 'NONE', *, *, #2550, .F. ) ;
#4714 =( GEOMETRIC_REPRESENTATION_CONTEXT ( 3 ) GLOBAL_UNCERTAINTY_ASSIGNED_CONTEXT ( ( #4123 ) ) GLOBAL_UNIT_ASSIGNED_CONTEXT ( ( #8669, #3814, #9504 ) ) REPRESENTATION_CONTEXT ( 'NONE', 'WORKASPACE' ) );
#4715 = VERTEX_POINT ( 'NONE', #6582 ) ;
#4716 = SURFACE_STYLE_USAGE ( .BOTH. , #9596 ) ;
#4717 = DIRECTION ( 'NONE',  ( -3.228643919281117811E-17, 0.8496822954477646350, -0.5272949808244127290 ) ) ;
#4718 = CARTESIAN_POINT ( 'NONE',  ( 3.310000000000000053, -2.180000000000000160, 4.335605995874404428 ) ) ;
#4719 = FACE_OUTER_BOUND ( 'NONE', #3246, .T. ) ;
#4720 = DIRECTION ( 'NONE',  ( -6.030009158161530467E-17, 0.1736481776668505339, -0.9848077530122222312 ) ) ;
#4721 =( NAMED_UNIT ( * ) SI_UNIT ( $, .STERADIAN. ) SOLID_ANGLE_UNIT ( ) );
#4722 = EDGE_CURVE ( 'NONE', #2866, #6465, #7231, .T. ) ;
#4723 = SURFACE_STYLE_FILL_AREA ( #5420 ) ;
#4724 = CARTESIAN_POINT ( 'NONE',  ( 3.657599999999999962, -2.700000000000275069, 0.5399999999998489342 ) ) ;
#4725 = PLANE ( 'NONE',  #3872 ) ;
#4726 = DIRECTION ( 'NONE',  ( -1.000000000000000000, 0.0000000000000000000, 0.0000000000000000000 ) ) ;
#4727 = LINE ( 'NONE', #8030, #5483 ) ;
#4728 = DIRECTION ( 'NONE',  ( 0.0000000000000000000, 0.9848077530121837064, -0.1736481776670679711 ) ) ;
#4729 = ADVANCED_FACE ( 'NONE', ( #9390 ), #2468, .T. ) ;
#4730 = DIRECTION ( 'NONE',  ( -1.000000000000000000, 0.0000000000000000000, 0.0000000000000000000 ) ) ;
#4731 = CARTESIAN_POINT ( 'NONE',  ( -3.476948480877809722, -6.248777273997109916, 3.884999999852265073 ) ) ;
#4732 = EDGE_CURVE ( 'NONE', #10132, #3441, #742, .T. ) ;
#4733 = AXIS2_PLACEMENT_3D ( 'NONE', #2088, #1319, #7014 ) ;
#4734 = ORIENTED_EDGE ( 'NONE', *, *, #1754, .F. ) ;
#4735 = STYLED_ITEM ( 'NONE', ( #8864 ), #316 ) ;
#4736 = CARTESIAN_POINT ( 'NONE',  ( -1.885000000000000009, -0.5070092621839650260, -4.418222507946190092 ) ) ;
#4737 = VECTOR ( 'NONE', #1821, 1000.000000000000000 ) ;
#4738 = EDGE_LOOP ( 'NONE', ( #6259, #2210, #3775, #2380, #8884 ) ) ;
#4739 = EDGE_CURVE ( 'NONE', #1580, #8962, #2884, .T. ) ;
#4740 = DIRECTION ( 'NONE',  ( 1.000000000000000000, 0.0000000000000000000, -6.123031769111888756E-17 ) ) ;
#4741 = SURFACE_STYLE_USAGE ( .BOTH. , #9633 ) ;
#4742 = DIRECTION ( 'NONE',  ( -1.000000000000000000, 0.0000000000000000000, 0.0000000000000000000 ) ) ;
#4743 = PLANE ( 'NONE',  #8393 ) ;
#4744 = ORIENTED_EDGE ( 'NONE', *, *, #7819, .F. ) ;
#4745 = LINE ( 'NONE', #9829, #8816 ) ;
#4746 = LINE ( 'NONE', #6122, #8818 ) ;
#4747 = AXIS2_PLACEMENT_3D ( 'NONE', #4582, #3022, #3819 ) ;
#4748 = CYLINDRICAL_SURFACE ( 'NONE', #1959, 0.2748194203352921083 ) ;
#4749 = DIRECTION ( 'NONE',  ( -1.000000000000000000, 2.273736754434390162E-12, 4.009823671527819687E-13 ) ) ;
#4750 = ORIENTED_EDGE ( 'NONE', *, *, #6246, .T. ) ;
#4751 = CARTESIAN_POINT ( 'NONE',  ( -3.194999999999999840, -2.180000000000000160, -4.500000000000000000 ) ) ;
#4752 = LINE ( 'NONE', #4050, #4486 ) ;
#4753 = DIRECTION ( 'NONE',  ( 0.0000000000000000000, 0.0000000000000000000, 1.000000000000000000 ) ) ;
#4754 = AXIS2_PLACEMENT_3D ( 'NONE', #278, #731, #453 ) ;
#4755 = CARTESIAN_POINT ( 'NONE',  ( -1.785000000000324993, 0.9086536693868308978, -4.663893177324350603 ) ) ;
#4756 = DIRECTION ( 'NONE',  ( -1.206001831632339867E-16, -0.1736481776666925214, 0.9848077530122499867 ) ) ;
#4757 = ORIENTED_EDGE ( 'NONE', *, *, #3292, .T. ) ;
#4758 = VECTOR ( 'NONE', #9405, 1000.000000000000000 ) ;
#4759 = VERTEX_POINT ( 'NONE', #5293 ) ;
#4760 = CARTESIAN_POINT ( 'NONE',  ( 0.7549999999996730438, 0.9086536693868308978, -4.663893177324350603 ) ) ;
#4761 = ADVANCED_FACE ( 'NONE', ( #9131 ), #1746, .T. ) ;
#4762 = SURFACE_STYLE_FILL_AREA ( #8866 ) ;
#4763 = ORIENTED_EDGE ( 'NONE', *, *, #4247, .T. ) ;
#4764 = ORIENTED_EDGE ( 'NONE', *, *, #9760, .T. ) ;
#4765 = CARTESIAN_POINT ( 'NONE',  ( 4.027500000000880043, 3.650732181199879656E-05, -4.357628357564144572 ) ) ;
#4766 = VECTOR ( 'NONE', #9354, 1000.000000000000000 ) ;
#4767 = AXIS2_PLACEMENT_3D ( 'NONE', #414, #1228, #6908 ) ;
#4768 = VERTEX_POINT ( 'NONE', #2877 ) ;
#4769 = DIRECTION ( 'NONE',  ( 6.123031769111888756E-17, 0.0000000000000000000, -1.000000000000000000 ) ) ;
#4770 = LINE ( 'NONE', #9659, #208 ) ;
#4771 = ORIENTED_EDGE ( 'NONE', *, *, #4838, .T. ) ;
#4772 = MECHANICAL_DESIGN_GEOMETRIC_PRESENTATION_REPRESENTATION (  '', ( #3131 ), #5313 ) ;
#4773 = ORIENTED_EDGE ( 'NONE', *, *, #661, .F. ) ;
#4774 = CARTESIAN_POINT ( 'NONE',  ( 1.885000000000230047, -0.08215671584580960807, -4.489186573641540612 ) ) ;
#4775 = EDGE_CURVE ( 'NONE', #5509, #1213, #2641, .T. ) ;
#4776 = UNCERTAINTY_MEASURE_WITH_UNIT (LENGTH_MEASURE( 1.000000000000000082E-05 ), #9745, 'distance_accuracy_value', 'NONE');
#4777 = VECTOR ( 'NONE', #9385, 1000.000000000000000 ) ;
#4778 = ORIENTED_EDGE ( 'NONE', *, *, #6163, .T. ) ;
#4779 = FACE_OUTER_BOUND ( 'NONE', #2496, .T. ) ;
#4780 = SURFACE_STYLE_USAGE ( .BOTH. , #9667 ) ;
#4781 = DIRECTION ( 'NONE',  ( 0.0000000000000000000, 1.000000000000000000, 0.0000000000000000000 ) ) ;
#4782 = ORIENTED_EDGE ( 'NONE', *, *, #1141, .F. ) ;
#4783 = ORIENTED_EDGE ( 'NONE', *, *, #5243, .T. ) ;
#4784 = PLANE ( 'NONE',  #2302 ) ;
#4785 = VERTEX_POINT ( 'NONE', #9402 ) ;
#4786 = CARTESIAN_POINT ( 'NONE',  ( -3.194999999999764917, 3.650731991911014584E-05, 10.25999999999999979 ) ) ;
#4787 = VECTOR ( 'NONE', #5767, 1000.000000000000000 ) ;
#4788 = ORIENTED_EDGE ( 'NONE', *, *, #1859, .F. ) ;
#4789 = LINE ( 'NONE', #1988, #2635 ) ;
#4790 =( GEOMETRIC_REPRESENTATION_CONTEXT ( 3 ) GLOBAL_UNCERTAINTY_ASSIGNED_CONTEXT ( ( #2102 ) ) GLOBAL_UNIT_ASSIGNED_CONTEXT ( ( #1760, #7443, #2553 ) ) REPRESENTATION_CONTEXT ( 'NONE', 'WORKASPACE' ) );
#4791 = ADVANCED_FACE ( 'NONE', ( #4799 ), #2062, .T. ) ;
#4792 = FILL_AREA_STYLE_COLOUR ( '', #620 ) ;
#4793 = PRESENTATION_STYLE_ASSIGNMENT (( #3297 ) ) ;
#4794 = EDGE_LOOP ( 'NONE', ( #6667, #7863, #215, #1733, #3118, #8265, #2600, #5845, #1685 ) ) ;
#4795 = PLANE ( 'NONE',  #9075 ) ;
#4796 = EDGE_CURVE ( 'NONE', #8475, #1777, #4539, .T. ) ;
#4797 = ORIENTED_EDGE ( 'NONE', *, *, #3988, .T. ) ;
#4798 = CARTESIAN_POINT ( 'NONE',  ( 5.080000000000000071, -3.399999999999634870, -0.9199999999999600719 ) ) ;
#4799 = FACE_OUTER_BOUND ( 'NONE', #6479, .T. ) ;
#4800 = CARTESIAN_POINT ( 'NONE',  ( -0.4875000000018949731, 3.650731915741389777E-05, -4.357628357563680055 ) ) ;
#4801 =( NAMED_UNIT ( * ) PLANE_ANGLE_UNIT ( ) SI_UNIT ( $, .RADIAN. ) );
#4802 = VERTEX_POINT ( 'NONE', #6988 ) ;
#4803 = FACE_OUTER_BOUND ( 'NONE', #1868, .T. ) ;
#4804 = DIRECTION ( 'NONE',  ( 1.000000000000000000, 0.0000000000000000000, 1.224606353822375779E-16 ) ) ;
#4805 = DIRECTION ( 'NONE',  ( -1.000000000000000000, 0.0000000000000000000, 6.123031769111888756E-17 ) ) ;
#4806 = DIRECTION ( 'NONE',  ( 6.123031769111888756E-17, 0.0000000000000000000, 1.000000000000000000 ) ) ;
#4807 = EDGE_CURVE ( 'NONE', #3038, #7852, #492, .T. ) ;
#4808 = AXIS2_PLACEMENT_3D ( 'NONE', #365, #7685, #2785 ) ;
#4809 = ORIENTED_EDGE ( 'NONE', *, *, #7696, .F. ) ;
#4810 = LINE ( 'NONE', #4595, #2388 ) ;
#4811 = CARTESIAN_POINT ( 'NONE',  ( 5.080000000000000071, -3.399999999999634870, -0.9199999999999600719 ) ) ;
#4812 = ORIENTED_EDGE ( 'NONE', *, *, #9860, .T. ) ;
#4813 =( LENGTH_UNIT ( ) NAMED_UNIT ( * ) SI_UNIT ( .MILLI., .METRE. ) );
#4814 = VERTEX_POINT ( 'NONE', #2908 ) ;
#4815 = EDGE_CURVE ( 'NONE', #1265, #2746, #8620, .T. ) ;
#4816 = DIRECTION ( 'NONE',  ( 0.0000000000000000000, 0.0000000000000000000, 1.000000000000000000 ) ) ;
#4817 = PLANE ( 'NONE',  #10297 ) ;
#4818 = ORIENTED_EDGE ( 'NONE', *, *, #8666, .T. ) ;
#4819 = ADVANCED_FACE ( 'NONE', ( #2379 ), #1297, .T. ) ;
#4820 = EDGE_CURVE ( 'NONE', #7511, #8621, #2129, .T. ) ;
#4821 = DIRECTION ( 'NONE',  ( -5.202631688678575633E-17, -0.5272949808244126180, 0.8496822954477645240 ) ) ;
#4822 = CARTESIAN_POINT ( 'NONE',  ( 5.080000000000000071, -4.099999999999679900, -2.330000000000270077 ) ) ;
#4823 = STYLED_ITEM ( 'NONE', ( #4994 ), #1505 ) ;
#4824 = VECTOR ( 'NONE', #5279, 1000.000000000000114 ) ;
#4825 = VERTEX_POINT ( 'NONE', #8644 ) ;
#4826 = CARTESIAN_POINT ( 'NONE',  ( 2.810000000000000053, -5.325000000000000178, 3.734999999852264718 ) ) ;
#4827 = ORIENTED_EDGE ( 'NONE', *, *, #2686, .T. ) ;
#4828 = DIRECTION ( 'NONE',  ( 6.123031769111888756E-17, 0.0000000000000000000, 1.000000000000000000 ) ) ;
#4829 =( NAMED_UNIT ( * ) SI_UNIT ( $, .STERADIAN. ) SOLID_ANGLE_UNIT ( ) );
#4830 = PLANE ( 'NONE',  #5766 ) ;
#4831 = FACE_OUTER_BOUND ( 'NONE', #1623, .T. ) ;
#4832 = CARTESIAN_POINT ( 'NONE',  ( 5.080000000000000071, -3.750000000000229594, 2.330000000000040039 ) ) ;
#4833 = DIRECTION ( 'NONE',  ( -1.063253308501543991E-17, 0.9848077530122499867, -0.1736481776666925214 ) ) ;
#4834 = DIRECTION ( 'NONE',  ( 6.123031769111888756E-17, -5.459445332101871020E-15, 1.000000000000000000 ) ) ;
#4835 = ORIENTED_EDGE ( 'NONE', *, *, #3390, .F. ) ;
#4836 = ORIENTED_EDGE ( 'NONE', *, *, #7626, .F. ) ;
#4837 =( LENGTH_UNIT ( ) NAMED_UNIT ( * ) SI_UNIT ( .MILLI., .METRE. ) );
#4838 = EDGE_CURVE ( 'NONE', #8455, #6970, #243, .T. ) ;
#4839 = PRESENTATION_STYLE_ASSIGNMENT (( #9207 ) ) ;
#4840 = DIRECTION ( 'NONE',  ( -1.000000000000000000, 0.0000000000000000000, 6.123031769111888756E-17 ) ) ;
#4841 = ADVANCED_FACE ( 'NONE', ( #4031 ), #542, .T. ) ;
#4842 = CARTESIAN_POINT ( 'NONE',  ( -0.9799999999990369748, -3.750000000000144773, -3.884999999852260189 ) ) ;
#4843 = CARTESIAN_POINT ( 'NONE',  ( 3.520000000001160423, -3.750000000001014744, -7.232499999999600249 ) ) ;
#4844 = ORIENTED_EDGE ( 'NONE', *, *, #1064, .F. ) ;
#4845 = PLANE ( 'NONE',  #848 ) ;
#4846 = EDGE_CURVE ( 'NONE', #7892, #2602, #5429, .T. ) ;
#4847 = ORIENTED_EDGE ( 'NONE', *, *, #9371, .F. ) ;
#4848 = CARTESIAN_POINT ( 'NONE',  ( -2.810000000000000053, -0.9719250235416100336, -4.336245315462229577 ) ) ;
#4849 = SURFACE_SIDE_STYLE ('',( #9690 ) ) ;
#4850 = VECTOR ( 'NONE', #8239, 1000.000000000000000 ) ;
#4851 = DIRECTION ( 'NONE',  ( -1.000000000000000000, 6.673570731747099829E-14, 0.0000000000000000000 ) ) ;
#4852 =( NAMED_UNIT ( * ) PLANE_ANGLE_UNIT ( ) SI_UNIT ( $, .RADIAN. ) );
#4853 = EDGE_CURVE ( 'NONE', #7085, #4825, #7620, .T. ) ;
#4854 = CARTESIAN_POINT ( 'NONE',  ( -4.325000000000329692, 3.650732014648385516E-05, -4.357628357563855026 ) ) ;
#4855 = FACE_OUTER_BOUND ( 'NONE', #8589, .T. ) ;
#4856 = SURFACE_SIDE_STYLE ('',( #5236 ) ) ;
#4857 = CARTESIAN_POINT ( 'NONE',  ( 5.080000000000000071, -3.750000000000000000, 0.9200000000001850031 ) ) ;
#4858 = FILL_AREA_STYLE ('',( #4680 ) ) ;
#4859 = VECTOR ( 'NONE', #4997, 1000.000000000000000 ) ;
#4860 = VERTEX_POINT ( 'NONE', #7088 ) ;
#4861 = ADVANCED_FACE ( 'NONE', ( #3274 ), #870, .T. ) ;
#4862 = FILL_AREA_STYLE_COLOUR ( '', #5869 ) ;
#4863 = LINE ( 'NONE', #7793, #8935 ) ;
#4864 = FACE_OUTER_BOUND ( 'NONE', #2454, .T. ) ;
#4865 = EDGE_CURVE ( 'NONE', #8982, #6439, #7361, .T. ) ;
#4866 = ORIENTED_EDGE ( 'NONE', *, *, #5086, .F. ) ;
#4867 = LINE ( 'NONE', #10391, #6797 ) ;
#4868 = PLANE ( 'NONE',  #2290 ) ;
#4869 = DIRECTION ( 'NONE',  ( -1.000000000000000000, 2.273736754434390162E-12, 4.009823671527819687E-13 ) ) ;
#4870 = DIRECTION ( 'NONE',  ( -1.000000000000000000, -6.687461042448720151E-14, -1.224606353822377751E-16 ) ) ;
#4871 = LINE ( 'NONE', #486, #9209 ) ;
#4872 = VERTEX_POINT ( 'NONE', #625 ) ;
#4873 = DIRECTION ( 'NONE',  ( -0.2468892371169170985, -0.9690437062361153542, 1.525485509063870532E-16 ) ) ;
#4874 = EDGE_CURVE ( 'NONE', #232, #8604, #7099, .T. ) ;
#4875 = MECHANICAL_DESIGN_GEOMETRIC_PRESENTATION_REPRESENTATION (  '', ( #3249 ), #5428 ) ;
#4876 = VERTEX_POINT ( 'NONE', #7125 ) ;
#4877 = VECTOR ( 'NONE', #5501, 1000.000000000000000 ) ;
#4878 = VECTOR ( 'NONE', #5087, 1000.000000000000000 ) ;
#4879 = ORIENTED_EDGE ( 'NONE', *, *, #6744, .T. ) ;
#4880 = CARTESIAN_POINT ( 'NONE',  ( -0.6549999999998159517, -0.3902521710451150594, 4.288809933303020294 ) ) ;
#4881 = CARTESIAN_POINT ( 'NONE',  ( -1.076703708686008065, -6.797318496379340047, 10.25999999999999979 ) ) ;
#4882 = COLOUR_RGB ( '',0.1411764705882352922, 0.1411764705882352922, 0.1411764705882352922 ) ;
#4883 = ORIENTED_EDGE ( 'NONE', *, *, #7961, .F. ) ;
#4884 = LINE ( 'NONE', #9538, #2720 ) ;
#4885 = CARTESIAN_POINT ( 'NONE',  ( 4.425000000000235190, 3.650731991911014584E-05, 4.357628357563815058 ) ) ;
#4886 =( LENGTH_UNIT ( ) NAMED_UNIT ( * ) SI_UNIT ( .MILLI., .METRE. ) );
#4887 = VECTOR ( 'NONE', #10378, 1000.000000000000000 ) ;
#4888 = AXIS2_PLACEMENT_3D ( 'NONE', #9947, #5053, #189 ) ;
#4889 = ADVANCED_FACE ( 'NONE', ( #2758 ), #10353, .T. ) ;
#4890 = ORIENTED_EDGE ( 'NONE', *, *, #4267, .F. ) ;
#4891 = SURFACE_SIDE_STYLE ('',( #363 ) ) ;
#4892 = FACE_OUTER_BOUND ( 'NONE', #1260, .T. ) ;
#4893 = ORIENTED_EDGE ( 'NONE', *, *, #2638, .F. ) ;
#4894 =( LENGTH_UNIT ( ) NAMED_UNIT ( * ) SI_UNIT ( .MILLI., .METRE. ) );
#4895 = VERTEX_POINT ( 'NONE', #650 ) ;
#4897 = ORIENTED_EDGE ( 'NONE', *, *, #6107, .F. ) ;
#4896 = DIRECTION ( 'NONE',  ( -1.144914669571143966E-32, -1.000000000000000000, -1.869849304631664997E-16 ) ) ;
#4898 = MECHANICAL_DESIGN_GEOMETRIC_PRESENTATION_REPRESENTATION (  '', ( #2167 ), #5445 ) ;
#4899 = LINE ( 'NONE', #4611, #6824 ) ;
#4900 = LINE ( 'NONE', #5925, #8977 ) ;
#4901 = DIRECTION ( 'NONE',  ( -1.000000000000000000, 0.0000000000000000000, 6.123031769111888756E-17 ) ) ;
#4902 = EDGE_CURVE ( 'NONE', #2677, #8984, #5181, .T. ) ;
#4903 = DIRECTION ( 'NONE',  ( -1.000000000000000000, 0.0000000000000000000, 6.123031769111888756E-17 ) ) ;
#4904 = CARTESIAN_POINT ( 'NONE',  ( 1.885000000000000009, 4.440892098500625176E-16, -2.169999999999999929 ) ) ;
#4905 = VECTOR ( 'NONE', #1711, 1000.000000000000000 ) ;
#4906 = DIRECTION ( 'NONE',  ( 0.2468892371171420297, 0.9690437062360580667, 1.525485509063630176E-16 ) ) ;
#4907 = DIRECTION ( 'NONE',  ( 6.123031769111888756E-17, 0.0000000000000000000, 1.000000000000000000 ) ) ;
#4908 = SURFACE_STYLE_FILL_AREA ( #6167 ) ;
#4909 = ORIENTED_EDGE ( 'NONE', *, *, #9919, .T. ) ;
#4910 = DIRECTION ( 'NONE',  ( 6.123031769111888756E-17, 0.0000000000000000000, 1.000000000000000000 ) ) ;
#4911 = ORIENTED_EDGE ( 'NONE', *, *, #7683, .T. ) ;
#4912 = ORIENTED_EDGE ( 'NONE', *, *, #3543, .F. ) ;
#4913 = UNCERTAINTY_MEASURE_WITH_UNIT (LENGTH_MEASURE( 1.000000000000000082E-05 ), #4358, 'distance_accuracy_value', 'NONE');
#4914 = LINE ( 'NONE', #1889, #2747 ) ;
#4915 = AXIS2_PLACEMENT_3D ( 'NONE', #517, #7844, #2936 ) ;
#4916 = ORIENTED_EDGE ( 'NONE', *, *, #5023, .F. ) ;
#4917 =( LENGTH_UNIT ( ) NAMED_UNIT ( * ) SI_UNIT ( .MILLI., .METRE. ) );
#4918 = DIRECTION ( 'NONE',  ( 0.9690437062360581777, -0.2468892371171420574, 0.0000000000000000000 ) ) ;
#4919 = VECTOR ( 'NONE', #4873, 1000.000000000000114 ) ;
#4920 = DIRECTION ( 'NONE',  ( 0.0000000000000000000, 1.000000000000000000, 0.0000000000000000000 ) ) ;
#4921 =( GEOMETRIC_REPRESENTATION_CONTEXT ( 3 ) GLOBAL_UNCERTAINTY_ASSIGNED_CONTEXT ( ( #1795 ) ) GLOBAL_UNIT_ASSIGNED_CONTEXT ( ( #126, #5796, #926 ) ) REPRESENTATION_CONTEXT ( 'NONE', 'WORKASPACE' ) );
#4922 = DIRECTION ( 'NONE',  ( 0.0000000000000000000, 1.000000000000000000, 0.0000000000000000000 ) ) ;
#4923 = COLOUR_RGB ( '',0.1411764705882352922, 0.1411764705882352922, 0.1411764705882352922 ) ;
#4924 = ORIENTED_EDGE ( 'NONE', *, *, #9549, .T. ) ;
#4925 = EDGE_CURVE ( 'NONE', #9271, #1792, #616, .T. ) ;
#4926 = ORIENTED_EDGE ( 'NONE', *, *, #10054, .F. ) ;
#4927 = EDGE_LOOP ( 'NONE', ( #9224, #7266, #9325, #6197 ) ) ;
#4928 = VECTOR ( 'NONE', #7938, 1000.000000000000000 ) ;
#4929 = ORIENTED_EDGE ( 'NONE', *, *, #3726, .T. ) ;
#4930 = VECTOR ( 'NONE', #6478, 1000.000000000000000 ) ;
#4931 = ADVANCED_FACE ( 'NONE', ( #4664 ), #8740, .T. ) ;
#4932 = DIRECTION ( 'NONE',  ( -1.063253308502823887E-17, 0.9848077530122131273, -0.1736481776669020483 ) ) ;
#4933 = DIRECTION ( 'NONE',  ( 0.9690437062361154652, -0.2468892371169171263, 1.186697079788332367E-16 ) ) ;
#4934 = VECTOR ( 'NONE', #5610, 1000.000000000000000 ) ;
#4935 = AXIS2_PLACEMENT_3D ( 'NONE', #8409, #9220, #4342 ) ;
#4936 = CARTESIAN_POINT ( 'NONE',  ( 0.2700000000000000178, -1.762499999999999956, 2.185105896938285053 ) ) ;
#4937 = CARTESIAN_POINT ( 'NONE',  ( 1.487500000000876232, 3.650732181199879656E-05, -4.357628357564144572 ) ) ;
#4938 = ORIENTED_EDGE ( 'NONE', *, *, #332, .T. ) ;
#4939 = CIRCLE ( 'NONE', #1400, 0.2749999999999206968 ) ;
#4940 = EDGE_CURVE ( 'NONE', #7834, #8668, #360, .T. ) ;
#4941 = ORIENTED_EDGE ( 'NONE', *, *, #1000, .T. ) ;
#4942 = ORIENTED_EDGE ( 'NONE', *, *, #5016, .T. ) ;
#4943 = CARTESIAN_POINT ( 'NONE',  ( -1.885000000000124798, -1.699963492679900101, 10.25999999999999979 ) ) ;
#4944 = FILL_AREA_STYLE_COLOUR ( '', #3132 ) ;
#4945 = DIRECTION ( 'NONE',  ( 6.123031769111888756E-17, 0.0000000000000000000, 1.000000000000000000 ) ) ;
#4946 = CYLINDRICAL_SURFACE ( 'NONE', #8590, 0.2749999999999206968 ) ;
#4947 = EDGE_CURVE ( 'NONE', #1488, #8475, #2508, .T. ) ;
#4948 = CARTESIAN_POINT ( 'NONE',  ( -3.657599999999999962, 0.0000000000000000000, 0.9200000000000000400 ) ) ;
#4949 = DIRECTION ( 'NONE',  ( 0.0000000000000000000, 0.0000000000000000000, 1.000000000000000000 ) ) ;
#4950 = DIRECTION ( 'NONE',  ( 0.0000000000000000000, 0.0000000000000000000, -1.000000000000000000 ) ) ;
#4951 = VERTEX_POINT ( 'NONE', #6372 ) ;
#4952 =( LENGTH_UNIT ( ) NAMED_UNIT ( * ) SI_UNIT ( .MILLI., .METRE. ) );
#4953 = LINE ( 'NONE', #5874, #9022 ) ;
#4954 = CARTESIAN_POINT ( 'NONE',  ( 4.425000000000155254, -1.227030387021919910, -4.186245315462254979 ) ) ;
#4955 = CARTESIAN_POINT ( 'NONE',  ( 5.080000000000000071, -3.399999999999179678, 0.5399999999998489342 ) ) ;
#4956 = SURFACE_STYLE_USAGE ( .BOTH. , #9832 ) ;
#4957 = EDGE_CURVE ( 'NONE', #10025, #9762, #9263, .T. ) ;
#4958 = CARTESIAN_POINT ( 'NONE',  ( 4.100000000000000533, -6.417755088244880390, -3.734999999852264718 ) ) ;
#4959 = CARTESIAN_POINT ( 'NONE',  ( -3.194999999999770246, -0.04322605824516725231, 4.500000000000000000 ) ) ;
#4960 = DIRECTION ( 'NONE',  ( -1.000000000000000000, 0.0000000000000000000, 6.123031769111888756E-17 ) ) ;
#4961 = ADVANCED_FACE ( 'NONE', ( #6597 ), #2001, .T. ) ;
#4962 = EDGE_LOOP ( 'NONE', ( #4643, #6028, #371, #4674 ) ) ;
#4963 = DIRECTION ( 'NONE',  ( 0.0000000000000000000, 1.000000000000000000, 0.0000000000000000000 ) ) ;
#4964 = EDGE_CURVE ( 'NONE', #10119, #2250, #6332, .T. ) ;
#4965 = CARTESIAN_POINT ( 'NONE',  ( 3.810000000000000053, -7.150999999999920753, -10.25999999999999979 ) ) ;
#4966 = ORIENTED_EDGE ( 'NONE', *, *, #5690, .F. ) ;
#4967 =( LENGTH_UNIT ( ) NAMED_UNIT ( * ) SI_UNIT ( .MILLI., .METRE. ) );
#4968 = PLANE ( 'NONE',  #8307 ) ;
#4969 = SURFACE_SIDE_STYLE ('',( #8370 ) ) ;
#4970 = DIRECTION ( 'NONE',  ( -1.000000000000000000, 0.0000000000000000000, 6.123031769111888756E-17 ) ) ;
#4971 = MECHANICAL_DESIGN_GEOMETRIC_PRESENTATION_REPRESENTATION (  '', ( #2235 ), #5494 ) ;
#4972 = CYLINDRICAL_SURFACE ( 'NONE', #7787, 0.1000000000000809269 ) ;
#4973 = SURFACE_STYLE_USAGE ( .BOTH. , #9858 ) ;
#4974 = ORIENTED_EDGE ( 'NONE', *, *, #7305, .F. ) ;
#4975 = DIRECTION ( 'NONE',  ( -2.273736754434390162E-12, 1.000000000000000000, 0.0000000000000000000 ) ) ;
#4976 = CARTESIAN_POINT ( 'NONE',  ( -4.238334983499870035, -3.399999999999179678, 0.5399999999998500444 ) ) ;
#4977 = FILL_AREA_STYLE ('',( #3347 ) ) ;
#4978 = VECTOR ( 'NONE', #9140, 1000.000000000000000 ) ;
#4979 = CARTESIAN_POINT ( 'NONE',  ( -5.080000000000000071, -8.272839892444299875E-16, 4.503673019291570156 ) ) ;
#4980 = ADVANCED_FACE ( 'NONE', ( #10403 ), #9651, .T. ) ;
#4981 = DIRECTION ( 'NONE',  ( 6.123031769111888756E-17, -1.196703554964752142E-12, 1.000000000000000000 ) ) ;
#4982 = ORIENTED_EDGE ( 'NONE', *, *, #8149, .T. ) ;
#4983 = AXIS2_PLACEMENT_3D ( 'NONE', #4000, #9706, #4828 ) ;
#4984 = CARTESIAN_POINT ( 'NONE',  ( -0.6549999999997639932, 7.771561172376099727E-16, -4.357621920338319299 ) ) ;
#4985 = ORIENTED_EDGE ( 'NONE', *, *, #1344, .F. ) ;
#4986 = EDGE_CURVE ( 'NONE', #6206, #8706, #2248, .T. ) ;
#4987 = DIRECTION ( 'NONE',  ( 6.123031769111888756E-17, 0.0000000000000000000, -1.000000000000000000 ) ) ;
#4988 = VECTOR ( 'NONE', #9827, 999.9999999999998863 ) ;
#4989 = CARTESIAN_POINT ( 'NONE',  ( 0.6549999999998049605, -0.6264186456785509893, 3.346222332753779671 ) ) ;
#4990 = CARTESIAN_POINT ( 'NONE',  ( 0.6550000000000000266, -1.308111948986800055, 3.923659150360660153 ) ) ;
#4991 = ORIENTED_EDGE ( 'NONE', *, *, #6222, .T. ) ;
#4992 = PRESENTATION_LAYER_ASSIGNMENT (  '', '', ( #3898 ) ) ;
#4993 = VECTOR ( 'NONE', #8547, 1000.000000000000000 ) ;
#4994 = PRESENTATION_STYLE_ASSIGNMENT (( #4780 ) ) ;
#4995 = PRESENTATION_STYLE_ASSIGNMENT (( #2310 ) ) ;
#4996 = CARTESIAN_POINT ( 'NONE',  ( 3.194999999999999840, -0.6800000000000000488, -2.169999999999999929 ) ) ;
#4997 = DIRECTION ( 'NONE',  ( 3.342835721018934545E-31, -1.000000000000000000, 5.459445332101871020E-15 ) ) ;
#4998 = ORIENTED_EDGE ( 'NONE', *, *, #2448, .T. ) ;
#4999 = ORIENTED_EDGE ( 'NONE', *, *, #7003, .F. ) ;
#5000 = ADVANCED_FACE ( 'NONE', ( #3902 ), #1542, .T. ) ;
#5001 = FACE_OUTER_BOUND ( 'NONE', #8447, .T. ) ;
#5002 = ORIENTED_EDGE ( 'NONE', *, *, #2773, .T. ) ;
#5003 = PLANE ( 'NONE',  #7663 ) ;
#5004 = VECTOR ( 'NONE', #1945, 1000.000000000000000 ) ;
#5005 = EDGE_CURVE ( 'NONE', #9119, #10132, #1759, .T. ) ;
#5006 = CARTESIAN_POINT ( 'NONE',  ( -3.194999999999999840, 3.330669073875469621E-16, -1.667499999999999982 ) ) ;
#5007 = DIRECTION ( 'NONE',  ( -6.123031769111888756E-17, 1.730217700714529757E-16, 1.000000000000000000 ) ) ;
#5008 = AXIS2_PLACEMENT_3D ( 'NONE', #1044, #260, #4297 ) ;
#5009 = CARTESIAN_POINT ( 'NONE',  ( 0.2700000000000000178, -0.1411671192955888110, 4.332730348417619837 ) ) ;
#5010 = ORIENTED_EDGE ( 'NONE', *, *, #8487, .T. ) ;
#5011 = FACE_OUTER_BOUND ( 'NONE', #1194, .T. ) ;
#5012 = CARTESIAN_POINT ( 'NONE',  ( -4.424999999999999822, -0.6800000000000000488, 3.334999999999999964 ) ) ;
#5013 = LINE ( 'NONE', #8534, #2076 ) ;
#5014 = ORIENTED_EDGE ( 'NONE', *, *, #1070, .F. ) ;
#5015 = CARTESIAN_POINT ( 'NONE',  ( 1.255893264020311983, -7.250000000000000000, 3.884999999852265073 ) ) ;
#5016 = EDGE_CURVE ( 'NONE', #3398, #11, #6076, .T. ) ;
#5017 = DIRECTION ( 'NONE',  ( 0.2468892371171420574, 0.9690437062360581777, 0.0000000000000000000 ) ) ;
#5018 = CARTESIAN_POINT ( 'NONE',  ( -1.785000000000329878, 0.6005582141878489377, 4.463516536985710381 ) ) ;
#5019 = ORIENTED_EDGE ( 'NONE', *, *, #9435, .T. ) ;
#5020 = CARTESIAN_POINT ( 'NONE',  ( 0.8759941854732690159, -6.009530812630630159, 3.734999999852264718 ) ) ;
#5021 = LINE ( 'NONE', #4471, #696 ) ;
#5022 = ORIENTED_EDGE ( 'NONE', *, *, #9656, .T. ) ;
#5023 = EDGE_CURVE ( 'NONE', #8410, #1803, #7991, .T. ) ;
#5024 = LINE ( 'NONE', #690, #9346 ) ;
#5025 = ORIENTED_EDGE ( 'NONE', *, *, #5994, .F. ) ;
#5026 = ORIENTED_EDGE ( 'NONE', *, *, #6889, .F. ) ;
#5027 = VECTOR ( 'NONE', #2030, 1000.000000000000000 ) ;
#5028 = ORIENTED_EDGE ( 'NONE', *, *, #5885, .F. ) ;
#5029 = CARTESIAN_POINT ( 'NONE',  ( 4.325000000000325251, 0.3432682536601989742, -10.25999999999999979 ) ) ;
#5030 = LINE ( 'NONE', #7161, #6948 ) ;
#5031 = ORIENTED_EDGE ( 'NONE', *, *, #5316, .F. ) ;
#5032 = FILL_AREA_STYLE ('',( #997 ) ) ;
#5033 = EDGE_LOOP ( 'NONE', ( #4924, #9159, #4879, #2916, #8810, #1870, #4778, #7065, #3415, #123, #5022, #8273, #5780, #8486, #3454, #2488, #275, #6405, #7609, #3196, #8467, #6959, #1512, #2334, #3436, #5247, #5823, #2033, #6060, #10320, #9979, #4649, #538, #73, #8607, #9392 ) ) ;
#5034 = VECTOR ( 'NONE', #6142, 1000.000000000000114 ) ;
#5035 = EDGE_LOOP ( 'NONE', ( #6065, #2944, #4309, #3031, #7899, #4999, #8849, #8083 ) ) ;
#5036 = CYLINDRICAL_SURFACE ( 'NONE', #7832, 0.1000000000000809269 ) ;
#5037 = STYLED_ITEM ( 'NONE', ( #1878 ), #6374 ) ;
#5038 = CIRCLE ( 'NONE', #8528, 0.2749999999999206968 ) ;
#5039 = CARTESIAN_POINT ( 'NONE',  ( 3.195000000000054907, -2.180000000000000160, -4.335605995874404428 ) ) ;
#5040 = CARTESIAN_POINT ( 'NONE',  ( 4.003296291313989563, -6.797318496379340047, 10.25999999999999979 ) ) ;
#5041 = VECTOR ( 'NONE', #7615, 1000.000000000000000 ) ;
#5042 = EDGE_LOOP ( 'NONE', ( #8975, #3887, #4169, #4182 ) ) ;
#5043 = DIRECTION ( 'NONE',  ( 1.000000000000000000, 0.0000000000000000000, 0.0000000000000000000 ) ) ;
#5044 = ORIENTED_EDGE ( 'NONE', *, *, #9394, .T. ) ;
#5045 = ORIENTED_EDGE ( 'NONE', *, *, #8423, .F. ) ;
#5046 = DIRECTION ( 'NONE',  ( 0.0000000000000000000, -4.336808689942017736E-16, 1.000000000000000000 ) ) ;
#5047 = EDGE_CURVE ( 'NONE', #8582, #1469, #3659, .T. ) ;
#5048 = LINE ( 'NONE', #47, #4787 ) ;
#5049 = DIRECTION ( 'NONE',  ( 0.0000000000000000000, 0.0000000000000000000, 1.000000000000000000 ) ) ;
#5050 = ORIENTED_EDGE ( 'NONE', *, *, #8149, .F. ) ;
#5051 = DIRECTION ( 'NONE',  ( 6.123031769111888756E-17, 0.0000000000000000000, 1.000000000000000000 ) ) ;
#5052 = LINE ( 'NONE', #1254, #7223 ) ;
#5053 = DIRECTION ( 'NONE',  ( 6.123031769111888756E-17, -6.496390726942740462E-13, 1.000000000000000000 ) ) ;
#5054 = FACE_OUTER_BOUND ( 'NONE', #5578, .T. ) ;
#5055 = EDGE_LOOP ( 'NONE', ( #6754, #2656, #3245, #3470 ) ) ;
#5056 = CARTESIAN_POINT ( 'NONE',  ( 4.424999999999999822, -2.180000000000000160, -4.500000000000000000 ) ) ;
#5057 = ORIENTED_EDGE ( 'NONE', *, *, #10246, .T. ) ;
#5058 = VECTOR ( 'NONE', #9850, 1000.000000000000114 ) ;
#5059 =( NAMED_UNIT ( * ) SI_UNIT ( $, .STERADIAN. ) SOLID_ANGLE_UNIT ( ) );
#5060 = ADVANCED_FACE ( 'NONE', ( #10156 ), #9712, .T. ) ;
#5061 = VERTEX_POINT ( 'NONE', #4832 ) ;
#5062 = CARTESIAN_POINT ( 'NONE',  ( 5.080000000000000071, -8.272839892444299875E-16, 4.503673019291570156 ) ) ;
#5063 = ORIENTED_EDGE ( 'NONE', *, *, #4739, .T. ) ;
#5064 = AXIS2_PLACEMENT_3D ( 'NONE', #7406, #2521, #8218 ) ;
#5065 = EDGE_CURVE ( 'NONE', #9887, #1121, #9906, .T. ) ;
#5066 = ORIENTED_EDGE ( 'NONE', *, *, #5261, .F. ) ;
#5067 = VECTOR ( 'NONE', #3729, 1000.000000000000000 ) ;
#5068 = ORIENTED_EDGE ( 'NONE', *, *, #924, .F. ) ;
#5069 = DIRECTION ( 'NONE',  ( -3.342835721018934545E-31, 1.000000000000000000, -5.459445332101871020E-15 ) ) ;
#5070 = CARTESIAN_POINT ( 'NONE',  ( 5.080000000000000071, -3.399999999999179678, 0.5399999999998489342 ) ) ;
#5071 = ORIENTED_EDGE ( 'NONE', *, *, #7013, .F. ) ;
#5072 = CARTESIAN_POINT ( 'NONE',  ( 1.270000000000000018, -0.6800000000000000488, 2.169999999999999929 ) ) ;
#5073 = FACE_OUTER_BOUND ( 'NONE', #3267, .T. ) ;
#5074 = EDGE_CURVE ( 'NONE', #1871, #5061, #5552, .T. ) ;
#5075 = ORIENTED_EDGE ( 'NONE', *, *, #1695, .T. ) ;
#5076 = CARTESIAN_POINT ( 'NONE',  ( 4.424999999999999822, -0.4000000000000569766, 2.460105896938209913 ) ) ;
#5077 = DIRECTION ( 'NONE',  ( -1.000000000000000000, 0.0000000000000000000, 6.123031769111888756E-17 ) ) ;
#5078 = EDGE_CURVE ( 'NONE', #7752, #1488, #9637, .T. ) ;
#5079 = PLANE ( 'NONE',  #3920 ) ;
#5080 = DIRECTION ( 'NONE',  ( -1.000000000000000000, 0.0000000000000000000, -6.123031769111888756E-17 ) ) ;
#5081 = VECTOR ( 'NONE', #4433, 1000.000000000000000 ) ;
#5082 = DIRECTION ( 'NONE',  ( -2.126506617005025622E-17, 0.9848077530122221201, 0.1736481776668505062 ) ) ;
#5083 =( NAMED_UNIT ( * ) PLANE_ANGLE_UNIT ( ) SI_UNIT ( $, .RADIAN. ) );
#5084 = ORIENTED_EDGE ( 'NONE', *, *, #2663, .F. ) ;
#5085 = VERTEX_POINT ( 'NONE', #7337 ) ;
#5086 = EDGE_CURVE ( 'NONE', #1068, #4626, #992, .T. ) ;
#5087 = DIRECTION ( 'NONE',  ( 3.681132786215100208E-13, -1.000000000000000000, 1.730217700714754829E-16 ) ) ;
#5088 = FILL_AREA_STYLE ('',( #4272 ) ) ;
#5089 = AXIS2_PLACEMENT_3D ( 'NONE', #8305, #7605, #5718 ) ;
#5090 = LINE ( 'NONE', #7293, #775 ) ;
#5091 = CARTESIAN_POINT ( 'NONE',  ( -4.325000000000325251, 0.6865000000000239799, 10.25999999999999979 ) ) ;
#5092 = DIRECTION ( 'NONE',  ( -1.000000000000000000, 0.0000000000000000000, 6.123031769111888756E-17 ) ) ;
#5093 = EDGE_CURVE ( 'NONE', #10000, #78, #7487, .T. ) ;
#5094 = ORIENTED_EDGE ( 'NONE', *, *, #2078, .T. ) ;
#5095 = AXIS2_PLACEMENT_3D ( 'NONE', #6494, #1618, #7295 ) ;
#5096 = PLANE ( 'NONE',  #10107 ) ;
#5097 =( LENGTH_UNIT ( ) NAMED_UNIT ( * ) SI_UNIT ( .MILLI., .METRE. ) );
#5098 = CARTESIAN_POINT ( 'NONE',  ( 1.885000000000209841, -0.4000000000000569766, -2.185105896938275283 ) ) ;
#5099 = VERTEX_POINT ( 'NONE', #9794 ) ;
#5100 = PLANE ( 'NONE',  #5943 ) ;
#5101 = AXIS2_PLACEMENT_3D ( 'NONE', #6873, #9851, #5913 ) ;
#5102 = UNCERTAINTY_MEASURE_WITH_UNIT (LENGTH_MEASURE( 1.000000000000000082E-05 ), #4837, 'distance_accuracy_value', 'NONE');
#5103 = CARTESIAN_POINT ( 'NONE',  ( 2.270000000000000018, -5.325000000000000178, -3.884999999852265073 ) ) ;
#5104 = ADVANCED_FACE ( 'NONE', ( #2872 ), #871, .T. ) ;
#5105 = DIRECTION ( 'NONE',  ( -6.030009158161699333E-17, -0.1736481776666925214, 0.9848077530122499867 ) ) ;
#5106 = ORIENTED_EDGE ( 'NONE', *, *, #5717, .F. ) ;
#5107 = DIRECTION ( 'NONE',  ( -1.000000000000000000, 0.0000000000000000000, 6.123031769111888756E-17 ) ) ;
#5108 = SURFACE_STYLE_FILL_AREA ( #5487 ) ;
#5109 = DIRECTION ( 'NONE',  ( 6.673570731747099829E-14, -1.000000000000000000, 8.172497120780549775E-30 ) ) ;
#5110 = AXIS2_PLACEMENT_3D ( 'NONE', #9603, #4720, #10432 ) ;
#5111 = CARTESIAN_POINT ( 'NONE',  ( -4.425000000000235190, -8.272839892444299875E-16, 4.503673019291570156 ) ) ;
#5112 =( LENGTH_UNIT ( ) NAMED_UNIT ( * ) SI_UNIT ( .MILLI., .METRE. ) );
#5113 = LINE ( 'NONE', #4242, #544 ) ;
#5114 = AXIS2_PLACEMENT_3D ( 'NONE', #575, #3811, #1404 ) ;
#5115 = PLANE ( 'NONE',  #1370 ) ;
#5116 = DIRECTION ( 'NONE',  ( 1.337492208489744030E-13, -1.000000000000000000, 0.0000000000000000000 ) ) ;
#5117 = EDGE_CURVE ( 'NONE', #10509, #91, #7221, .T. ) ;
#5118 = VECTOR ( 'NONE', #9964, 1000.000000000000000 ) ;
#5119 = DIRECTION ( 'NONE',  ( 1.224606353822375779E-16, 0.0000000000000000000, -1.000000000000000000 ) ) ;
#5120 = CARTESIAN_POINT ( 'NONE',  ( 1.405000000000000027, -3.750000000000144773, 3.884999999852265073 ) ) ;
#5121 = ORIENTED_EDGE ( 'NONE', *, *, #3820, .F. ) ;
#5122 = VECTOR ( 'NONE', #6967, 1000.000000000000000 ) ;
#5123 = PLANE ( 'NONE',  #5089 ) ;
#5124 = AXIS2_PLACEMENT_3D ( 'NONE', #6460, #1585, #7272 ) ;
#5125 = ORIENTED_EDGE ( 'NONE', *, *, #1955, .T. ) ;
#5126 = VECTOR ( 'NONE', #8702, 1000.000000000000114 ) ;
#5127 = AXIS2_PLACEMENT_3D ( 'NONE', #4489, #10212, #5318 ) ;
#5128 = EDGE_CURVE ( 'NONE', #4860, #1393, #3121, .T. ) ;
#5129 = CIRCLE ( 'NONE', #7423, 0.2749999999999206968 ) ;
#5130 = ORIENTED_EDGE ( 'NONE', *, *, #6121, .F. ) ;
#5131 = EDGE_CURVE ( 'NONE', #6073, #8867, #5048, .T. ) ;
#5132 = ORIENTED_EDGE ( 'NONE', *, *, #4660, .F. ) ;
#5133 = CARTESIAN_POINT ( 'NONE',  ( -1.885000000000209841, -0.4000000000000569766, 2.185105896938275283 ) ) ;
#5134 = DIRECTION ( 'NONE',  ( 1.000000000000000000, 0.0000000000000000000, -6.123031769111888756E-17 ) ) ;
#5135 = VECTOR ( 'NONE', #10357, 1000.000000000000000 ) ;
#5136 = SURFACE_STYLE_USAGE ( .BOTH. , #10041 ) ;
#5137 = FACE_OUTER_BOUND ( 'NONE', #9727, .T. ) ;
#5138 = PRESENTATION_STYLE_ASSIGNMENT (( #2501 ) ) ;
#5139 = ORIENTED_EDGE ( 'NONE', *, *, #6792, .F. ) ;
#5140 = FACE_OUTER_BOUND ( 'NONE', #7082, .T. ) ;
#5141 = ORIENTED_EDGE ( 'NONE', *, *, #6864, .T. ) ;
#5142 = SURFACE_STYLE_FILL_AREA ( #3911 ) ;
#5143 = EDGE_CURVE ( 'NONE', #4494, #4141, #729, .T. ) ;
#5144 = SURFACE_SIDE_STYLE ('',( #2202 ) ) ;
#5145 = LINE ( 'NONE', #3864, #2970 ) ;
#5146 = AXIS2_PLACEMENT_3D ( 'NONE', #5520, #7173, #2288 ) ;
#5147 = CARTESIAN_POINT ( 'NONE',  ( -0.9800000000010679058, -5.116929645232019652, 3.884999999852265073 ) ) ;
#5148 = DIRECTION ( 'NONE',  ( -1.000000000000000000, 0.0000000000000000000, 6.123031769111888756E-17 ) ) ;
#5149 =( LENGTH_UNIT ( ) NAMED_UNIT ( * ) SI_UNIT ( .MILLI., .METRE. ) );
#5150 = VERTEX_POINT ( 'NONE', #1714 ) ;
#5151 = VECTOR ( 'NONE', #1771, 1000.000000000000000 ) ;
#5152 = VERTEX_POINT ( 'NONE', #2526 ) ;
#5153 = CARTESIAN_POINT ( 'NONE',  ( -3.294999999999674856, 0.9086536693868860759, -4.663893177324359485 ) ) ;
#5154 = DIRECTION ( 'NONE',  ( -1.224606353822375779E-16, 0.0000000000000000000, 1.000000000000000000 ) ) ;
#5155 = EDGE_CURVE ( 'NONE', #3068, #559, #4528, .T. ) ;
#5156 = FACE_OUTER_BOUND ( 'NONE', #3018, .T. ) ;
#5157 = ORIENTED_EDGE ( 'NONE', *, *, #6659, .F. ) ;
#5158 = VERTEX_POINT ( 'NONE', #4168 ) ;
#5159 = VECTOR ( 'NONE', #2913, 1000.000000000000000 ) ;
#5160 = DIRECTION ( 'NONE',  ( 6.123031769111888756E-17, 0.0000000000000000000, 1.000000000000000000 ) ) ;
#5161 = CARTESIAN_POINT ( 'NONE',  ( 3.194999999999764917, 3.650731991911014584E-05, 10.25999999999999979 ) ) ;
#5162 = ADVANCED_FACE ( 'NONE', ( #2630 ), #5805, .T. ) ;
#5163 = VECTOR ( 'NONE', #9034, 1000.000000000000000 ) ;
#5164 = EDGE_CURVE ( 'NONE', #7452, #4249, #1625, .T. ) ;
#5165 = VECTOR ( 'NONE', #10170, 1000.000000000000000 ) ;
#5166 = EDGE_LOOP ( 'NONE', ( #2887, #7228, #8275, #7204 ) ) ;
#5167 = VERTEX_POINT ( 'NONE', #5844 ) ;
#5168 = VERTEX_POINT ( 'NONE', #1789 ) ;
#5169 = STYLED_ITEM ( 'NONE', ( #4478 ), #1657 ) ;
#5170 = VECTOR ( 'NONE', #3569, 1000.000000000000000 ) ;
#5171 = EDGE_LOOP ( 'NONE', ( #8004, #9864, #8246, #1536, #2229 ) ) ;
#5172 = FACE_OUTER_BOUND ( 'NONE', #5560, .T. ) ;
#5173 = CARTESIAN_POINT ( 'NONE',  ( 3.194999999999999840, -0.4000000000000569766, -2.460105896938209913 ) ) ;
#5174 = CARTESIAN_POINT ( 'NONE',  ( 5.080000000000000071, -3.750000000000000000, 3.329999999997540261 ) ) ;
#5175 = SURFACE_STYLE_FILL_AREA ( #4328 ) ;
#5176 =( LENGTH_UNIT ( ) NAMED_UNIT ( * ) SI_UNIT ( .MILLI., .METRE. ) );
#5177 = VECTOR ( 'NONE', #9054, 1000.000000000000000 ) ;
#5178 = EDGE_LOOP ( 'NONE', ( #2142, #5397, #2303, #5924 ) ) ;
#5179 = ORIENTED_EDGE ( 'NONE', *, *, #736, .F. ) ;
#5180 = VERTEX_POINT ( 'NONE', #9863 ) ;
#5181 = LINE ( 'NONE', #2242, #9001 ) ;
#5182 = STYLED_ITEM ( 'NONE', ( #4642 ), #6602 ) ;
#5183 = ORIENTED_EDGE ( 'NONE', *, *, #396, .T. ) ;
#5184 = DIRECTION ( 'NONE',  ( 0.0000000000000000000, 1.000000000000000000, 0.0000000000000000000 ) ) ;
#5185 = VECTOR ( 'NONE', #1564, 1000.000000000000000 ) ;
#5186 = LINE ( 'NONE', #8038, #9781 ) ;
#5187 =( NAMED_UNIT ( * ) SI_UNIT ( $, .STERADIAN. ) SOLID_ANGLE_UNIT ( ) );
#5188 = EDGE_CURVE ( 'NONE', #5412, #806, #7864, .T. ) ;
#5189 = PLANE ( 'NONE',  #1326 ) ;
#5190 = VERTEX_POINT ( 'NONE', #7488 ) ;
#5191 = LINE ( 'NONE', #8033, #880 ) ;
#5192 = CARTESIAN_POINT ( 'NONE',  ( -4.424999999999999822, 3.330669073875469621E-16, -1.667499999999999982 ) ) ;
#5193 = ORIENTED_EDGE ( 'NONE', *, *, #9631, .T. ) ;
#5194 = ORIENTED_EDGE ( 'NONE', *, *, #10331, .F. ) ;
#5195 =( NAMED_UNIT ( * ) PLANE_ANGLE_UNIT ( ) SI_UNIT ( $, .RADIAN. ) );
#5196 = VECTOR ( 'NONE', #6774, 1000.000000000000114 ) ;
#5197 = CARTESIAN_POINT ( 'NONE',  ( 3.657599999999999962, -3.399999999999179678, 0.5399999999998489342 ) ) ;
#5198 = AXIS2_PLACEMENT_3D ( 'NONE', #2572, #3422, #9081 ) ;
#5199 = ORIENTED_EDGE ( 'NONE', *, *, #6917, .T. ) ;
#5200 = CARTESIAN_POINT ( 'NONE',  ( -0.7549999999996730438, 3.650732014648385516E-05, 10.25999999999999979 ) ) ;
#5201 = EDGE_CURVE ( 'NONE', #10301, #824, #10026, .T. ) ;
#5202 = EDGE_LOOP ( 'NONE', ( #6400, #3646, #7922, #4131 ) ) ;
#5203 = EDGE_CURVE ( 'NONE', #5298, #3186, #5954, .T. ) ;
#5204 = COLOUR_RGB ( '',0.1411764705882352922, 0.1411764705882352922, 0.1411764705882352922 ) ;
#5205 = AXIS2_PLACEMENT_3D ( 'NONE', #8955, #4079, #9792 ) ;
#5206 = ADVANCED_FACE ( 'NONE', ( #3778 ), #2632, .T. ) ;
#5207 = ORIENTED_EDGE ( 'NONE', *, *, #10400, .F. ) ;
#5208 = EDGE_CURVE ( 'NONE', #8934, #5340, #7611, .T. ) ;
#5209 = DIRECTION ( 'NONE',  ( -3.228643919281117811E-17, 0.8496822954477646350, 0.5272949808244127290 ) ) ;
#5210 = CARTESIAN_POINT ( 'NONE',  ( 3.519999999999039897, -3.750000000000144773, 3.884999999852260189 ) ) ;
#5211 = CARTESIAN_POINT ( 'NONE',  ( 0.2700000000000000178, 0.6767650295757380308, 4.551953854652450282 ) ) ;
#5212 = DIRECTION ( 'NONE',  ( -1.000000000000000000, 0.0000000000000000000, 6.123031769111888756E-17 ) ) ;
#5213 = DIRECTION ( 'NONE',  ( 0.0000000000000000000, 0.9848077530121837064, -0.1736481776670679711 ) ) ;
#5214 = FACE_OUTER_BOUND ( 'NONE', #6640, .T. ) ;
#5215 = PLANE ( 'NONE',  #5739 ) ;
#5216 =( LENGTH_UNIT ( ) NAMED_UNIT ( * ) SI_UNIT ( .MILLI., .METRE. ) );
#5217 = ORIENTED_EDGE ( 'NONE', *, *, #7205, .T. ) ;
#5218 = EDGE_CURVE ( 'NONE', #7988, #8337, #3537, .T. ) ;
#5219 = CARTESIAN_POINT ( 'NONE',  ( 4.425000000000235190, 7.771561172376099727E-16, -4.357621920338319299 ) ) ;
#5220 =( GEOMETRIC_REPRESENTATION_CONTEXT ( 3 ) GLOBAL_UNCERTAINTY_ASSIGNED_CONTEXT ( ( #9029 ) ) GLOBAL_UNIT_ASSIGNED_CONTEXT ( ( #6776, #2738, #10157 ) ) REPRESENTATION_CONTEXT ( 'NONE', 'WORKASPACE' ) );
#5221 = UNCERTAINTY_MEASURE_WITH_UNIT (LENGTH_MEASURE( 1.000000000000000082E-05 ), #9282, 'distance_accuracy_value', 'NONE');
#5222 = LINE ( 'NONE', #4301, #6890 ) ;
#5223 = ORIENTED_EDGE ( 'NONE', *, *, #3318, .F. ) ;
#5224 = ORIENTED_EDGE ( 'NONE', *, *, #3633, .F. ) ;
#5225 = DIRECTION ( 'NONE',  ( 3.681132786215100208E-13, 1.000000000000000000, 1.730217700714304685E-16 ) ) ;
#5226 = STYLED_ITEM ( 'NONE', ( #6560 ), #6244 ) ;
#5227 = DIRECTION ( 'NONE',  ( -0.2468892371169170985, -0.9690437062361153542, 1.525485509063870532E-16 ) ) ;
#5228 = DIRECTION ( 'NONE',  ( 6.123031769111888756E-17, -1.869849304631664997E-16, 1.000000000000000000 ) ) ;
#5229 = CIRCLE ( 'NONE', #6143, 0.1000000000000809269 ) ;
#5230 = EDGE_CURVE ( 'NONE', #6009, #2116, #5414, .T. ) ;
#5231 = VECTOR ( 'NONE', #8687, 1000.000000000000000 ) ;
#5232 = VECTOR ( 'NONE', #2573, 1000.000000000000000 ) ;
#5233 = CARTESIAN_POINT ( 'NONE',  ( -4.325000000000329692, 3.650732014648385516E-05, -4.503679456517100554 ) ) ;
#5234 = SURFACE_SIDE_STYLE ('',( #1986 ) ) ;
#5235 = ORIENTED_EDGE ( 'NONE', *, *, #2046, .F. ) ;
#5236 = SURFACE_STYLE_FILL_AREA ( #9749 ) ;
#5237 = SURFACE_STYLE_USAGE ( .BOTH. , #4849 ) ;
#5238 = LINE ( 'NONE', #10544, #7169 ) ;
#5239 = ORIENTED_EDGE ( 'NONE', *, *, #1558, .F. ) ;
#5240 = STYLED_ITEM ( 'NONE', ( #3652 ), #4093 ) ;
#5241 = LINE ( 'NONE', #3565, #9581 ) ;
#5242 = SURFACE_STYLE_USAGE ( .BOTH. , #10150 ) ;
#5243 = EDGE_CURVE ( 'NONE', #7118, #6414, #9502, .T. ) ;
#5244 = DIRECTION ( 'NONE',  ( -3.681132786215100208E-13, 1.000000000000000000, -4.507938599262890244E-29 ) ) ;
#5245 = CARTESIAN_POINT ( 'NONE',  ( 3.194999999999764917, 3.650731991911014584E-05, -10.25999999999999979 ) ) ;
#5246 = ADVANCED_FACE ( 'NONE', ( #9249 ), #3491, .T. ) ;
#5247 = ORIENTED_EDGE ( 'NONE', *, *, #9104, .T. ) ;
#5248 = CARTESIAN_POINT ( 'NONE',  ( -3.194999999999999840, -0.6800000000000000488, 2.169999999999999929 ) ) ;
#5249 = VECTOR ( 'NONE', #9006, 1000.000000000000000 ) ;
#5250 = VECTOR ( 'NONE', #9132, 999.9999999999998863 ) ;
#5251 = ORIENTED_EDGE ( 'NONE', *, *, #3091, .T. ) ;
#5252 = EDGE_LOOP ( 'NONE', ( #8136, #4002, #4217, #10013 ) ) ;
#5253 = FACE_OUTER_BOUND ( 'NONE', #7839, .T. ) ;
#5254 = EDGE_LOOP ( 'NONE', ( #9404, #6985, #4481, #988, #917, #7462, #1157, #5121, #8236, #4088 ) ) ;
#5255 =( NAMED_UNIT ( * ) SI_UNIT ( $, .STERADIAN. ) SOLID_ANGLE_UNIT ( ) );
#5256 = PLANE ( 'NONE',  #3562 ) ;
#5257 = LINE ( 'NONE', #2987, #3092 ) ;
#5258 = ORIENTED_EDGE ( 'NONE', *, *, #10476, .T. ) ;
#5259 = ORIENTED_EDGE ( 'NONE', *, *, #449, .T. ) ;
#5260 = FACE_OUTER_BOUND ( 'NONE', #4251, .T. ) ;
#5261 = EDGE_CURVE ( 'NONE', #3584, #6439, #3258, .T. ) ;
#5262 = VECTOR ( 'NONE', #6882, 1000.000000000000000 ) ;
#5263 = ORIENTED_EDGE ( 'NONE', *, *, #2464, .F. ) ;
#5264 = LINE ( 'NONE', #7134, #1226 ) ;
#5265 = VERTEX_POINT ( 'NONE', #7549 ) ;
#5266 = EDGE_CURVE ( 'NONE', #3874, #7118, #4914, .T. ) ;
#5267 = VERTEX_POINT ( 'NONE', #3539 ) ;
#5268 = CARTESIAN_POINT ( 'NONE',  ( 2.270000000000000018, -1.762499999999999956, -2.185105896938285053 ) ) ;
#5269 = VECTOR ( 'NONE', #1253, 1000.000000000000000 ) ;
#5270 =( GEOMETRIC_REPRESENTATION_CONTEXT ( 3 ) GLOBAL_UNCERTAINTY_ASSIGNED_CONTEXT ( ( #6348 ) ) GLOBAL_UNIT_ASSIGNED_CONTEXT ( ( #10322, #5433, #573 ) ) REPRESENTATION_CONTEXT ( 'NONE', 'WORKASPACE' ) );
#5271 = DIRECTION ( 'NONE',  ( -1.317172696514087449E-13, 0.9848077530121837064, -0.1736481776670679711 ) ) ;
#5272 = CARTESIAN_POINT ( 'NONE',  ( -5.080000000000000071, 1.000000000000000000, 5.079999999999810001 ) ) ;
#5273 = DIRECTION ( 'NONE',  ( -6.030009158161467605E-17, -0.1736481776669020483, 0.9848077530122131273 ) ) ;
#5274 = ORIENTED_EDGE ( 'NONE', *, *, #6992, .T. ) ;
#5275 = DIRECTION ( 'NONE',  ( 6.123031769111888756E-17, -1.730217700714529757E-16, 1.000000000000000000 ) ) ;
#5276 =( LENGTH_UNIT ( ) NAMED_UNIT ( * ) SI_UNIT ( .MILLI., .METRE. ) );
#5277 = VECTOR ( 'NONE', #2395, 1000.000000000000000 ) ;
#5278 = PRESENTATION_LAYER_ASSIGNMENT (  '', '', ( #4735 ) ) ;
#5279 = DIRECTION ( 'NONE',  ( -0.2468892371169170985, -0.9690437062361153542, 1.525485509063870532E-16 ) ) ;
#5280 =( LENGTH_UNIT ( ) NAMED_UNIT ( * ) SI_UNIT ( .MILLI., .METRE. ) );
#5281 = EDGE_CURVE ( 'NONE', #2143, #1201, #857, .T. ) ;
#5282 = VECTOR ( 'NONE', #1098, 1000.000000000000000 ) ;
#5283 = ORIENTED_EDGE ( 'NONE', *, *, #6876, .F. ) ;
#5284 = DIRECTION ( 'NONE',  ( 0.0000000000000000000, 0.0000000000000000000, 1.000000000000000000 ) ) ;
#5285 = EDGE_LOOP ( 'NONE', ( #5426, #10526, #4991, #2640 ) ) ;
#5286 = PRESENTATION_STYLE_ASSIGNMENT (( #9846 ) ) ;
#5287 = ORIENTED_EDGE ( 'NONE', *, *, #8244, .F. ) ;
#5288 = VECTOR ( 'NONE', #6520, 1000.000000000000000 ) ;
#5289 = VERTEX_POINT ( 'NONE', #5987 ) ;
#5290 = CARTESIAN_POINT ( 'NONE',  ( 1.885000000000000009, -0.6800000000000000488, -4.500000000000000000 ) ) ;
#5291 = CARTESIAN_POINT ( 'NONE',  ( -4.099999999999019984, -6.417755088248520146, -3.884999999852265073 ) ) ;
#5292 = LINE ( 'NONE', #3697, #9379 ) ;
#5293 = CARTESIAN_POINT ( 'NONE',  ( -5.080000000000000071, -3.750000000000229594, 2.330000000000040039 ) ) ;
#5294 = AXIS2_PLACEMENT_3D ( 'NONE', #6305, #7942, #3047 ) ;
#5295 = VECTOR ( 'NONE', #7404, 1000.000000000000000 ) ;
#5296 = DIRECTION ( 'NONE',  ( 1.224606353822375779E-16, 0.0000000000000000000, -1.000000000000000000 ) ) ;
#5297 = LINE ( 'NONE', #8, #9645 ) ;
#5298 = VERTEX_POINT ( 'NONE', #10045 ) ;
#5299 = AXIS2_PLACEMENT_3D ( 'NONE', #8255, #2681, #3285 ) ;
#5300 = CARTESIAN_POINT ( 'NONE',  ( 0.6550000000000000266, -0.6800000000000000488, 4.500000000000000000 ) ) ;
#5301 = EDGE_LOOP ( 'NONE', ( #94, #7100, #4942, #7108 ) ) ;
#5302 = ORIENTED_EDGE ( 'NONE', *, *, #4166, .T. ) ;
#5303 = LINE ( 'NONE', #8988, #9650 ) ;
#5304 = ORIENTED_EDGE ( 'NONE', *, *, #3655, .F. ) ;
#5305 = CARTESIAN_POINT ( 'NONE',  ( 5.080000000000000071, -2.700000000000275069, 0.5399999999998489342 ) ) ;
#5306 = ORIENTED_EDGE ( 'NONE', *, *, #5093, .F. ) ;
#5307 = VECTOR ( 'NONE', #515, 1000.000000000000114 ) ;
#5308 = ADVANCED_FACE ( 'NONE', ( #601 ), #1918, .T. ) ;
#5309 = ORIENTED_EDGE ( 'NONE', *, *, #7788, .T. ) ;
#5310 = VECTOR ( 'NONE', #2900, 1000.000000000000000 ) ;
#5311 = ORIENTED_EDGE ( 'NONE', *, *, #4964, .F. ) ;
#5312 = ORIENTED_EDGE ( 'NONE', *, *, #8126, .F. ) ;
#5313 =( GEOMETRIC_REPRESENTATION_CONTEXT ( 3 ) GLOBAL_UNCERTAINTY_ASSIGNED_CONTEXT ( ( #7472 ) ) GLOBAL_UNIT_ASSIGNED_CONTEXT ( ( #1053, #6746, #1861 ) ) REPRESENTATION_CONTEXT ( 'NONE', 'WORKASPACE' ) );
#5314 = CARTESIAN_POINT ( 'NONE',  ( 1.560000000000459908, -5.116929645231019563, -3.884999999852265073 ) ) ;
#5315 = CARTESIAN_POINT ( 'NONE',  ( 3.810000000000000053, -7.150999999999920753, -3.734999999852264718 ) ) ;
#5316 = EDGE_CURVE ( 'NONE', #9372, #7716, #6839, .T. ) ;
#5317 = COLOUR_RGB ( '',0.1411764705882352922, 0.1411764705882352922, 0.1411764705882352922 ) ;
#5318 = DIRECTION ( 'NONE',  ( 0.0000000000000000000, -1.196525517555002693E-12, 1.000000000000000000 ) ) ;
#5319 = DIRECTION ( 'NONE',  ( 6.123031769111888756E-17, -1.196703554964752142E-12, 1.000000000000000000 ) ) ;
#5320 = DIRECTION ( 'NONE',  ( 0.0000000000000000000, 0.0000000000000000000, -1.000000000000000000 ) ) ;
#5321 =( LENGTH_UNIT ( ) NAMED_UNIT ( * ) SI_UNIT ( .MILLI., .METRE. ) );
#5322 = CARTESIAN_POINT ( 'NONE',  ( -3.294999999999674856, 0.6865000000000239799, 10.25999999999999979 ) ) ;
#5323 = ORIENTED_EDGE ( 'NONE', *, *, #1595, .T. ) ;
#5324 = DIRECTION ( 'NONE',  ( 0.0000000000000000000, 0.0000000000000000000, 1.000000000000000000 ) ) ;
#5325 = CARTESIAN_POINT ( 'NONE',  ( -3.194999999999770246, -0.08215671584564490648, -4.489186573641569922 ) ) ;
#5326 = ADVANCED_FACE ( 'NONE', ( #4650 ), #5189, .T. ) ;
#5327 = STYLED_ITEM ( 'NONE', ( #6301 ), #8948 ) ;
#5328 = DIRECTION ( 'NONE',  ( 0.0000000000000000000, 0.0000000000000000000, 1.000000000000000000 ) ) ;
#5329 = VECTOR ( 'NONE', #7692, 1000.000000000000000 ) ;
#5330 = DIRECTION ( 'NONE',  ( 1.000000000000000000, 0.0000000000000000000, 6.123031769111888756E-17 ) ) ;
#5331 = CARTESIAN_POINT ( 'NONE',  ( -5.080000000000000071, -3.750000000000000000, -1.000000000000000000 ) ) ;
#5332 = DIRECTION ( 'NONE',  ( -6.123030911709541608E-17, -0.0005292051493183440791, 0.9999998599709452041 ) ) ;
#5333 = ORIENTED_EDGE ( 'NONE', *, *, #5078, .T. ) ;
#5334 = EDGE_LOOP ( 'NONE', ( #2509, #1981, #5785, #2296 ) ) ;
#5335 = CARTESIAN_POINT ( 'NONE',  ( -2.270000000000000018, -7.250000000000000000, 3.734999999852264718 ) ) ;
#5336 = CARTESIAN_POINT ( 'NONE',  ( -0.6550000000000549827, -2.180000000000000160, 4.335605995874404428 ) ) ;
#5337 = EDGE_CURVE ( 'NONE', #9105, #724, #348, .T. ) ;
#5338 = DIRECTION ( 'NONE',  ( -1.000000000000000000, 0.0000000000000000000, 6.123031769111888756E-17 ) ) ;
#5339 = DIRECTION ( 'NONE',  ( 1.206001831632339867E-16, 0.1736481776666925214, -0.9848077530122499867 ) ) ;
#5340 = VERTEX_POINT ( 'NONE', #7658 ) ;
#5341 = EDGE_CURVE ( 'NONE', #4280, #6195, #4397, .T. ) ;
#5342 = STYLED_ITEM ( 'NONE', ( #1576 ), #10037 ) ;
#5343 = VECTOR ( 'NONE', #4072, 1000.000000000000000 ) ;
#5344 = VERTEX_POINT ( 'NONE', #8458 ) ;
#5345 = EDGE_CURVE ( 'NONE', #8834, #8997, #8725, .T. ) ;
#5346 = ORIENTED_EDGE ( 'NONE', *, *, #6189, .T. ) ;
#5347 = CARTESIAN_POINT ( 'NONE',  ( 2.187499999996660005, 3.650730699292224800E-05, -4.503679456514779744 ) ) ;
#5348 = CARTESIAN_POINT ( 'NONE',  ( -1.885000000000000009, -1.699963492679900101, -10.25999999999999979 ) ) ;
#5349 = CARTESIAN_POINT ( 'NONE',  ( -4.099999999998840572, -3.750000000000104805, -3.734999999852260277 ) ) ;
#5350 = DIRECTION ( 'NONE',  ( -6.123031769111888756E-17, 0.0000000000000000000, -1.000000000000000000 ) ) ;
#5351 = PRESENTATION_STYLE_ASSIGNMENT (( #3337 ) ) ;
#5352 = EDGE_CURVE ( 'NONE', #622, #10306, #6584, .T. ) ;
#5353 = DIRECTION ( 'NONE',  ( -1.000000000000000000, 0.0000000000000000000, -6.123031769111888756E-17 ) ) ;
#5354 = CARTESIAN_POINT ( 'NONE',  ( 3.194999999999764917, -0.04322605824517084666, 4.500000000000000000 ) ) ;
#5355 = ORIENTED_EDGE ( 'NONE', *, *, #1262, .T. ) ;
#5356 = PRESENTATION_STYLE_ASSIGNMENT (( #6323 ) ) ;
#5357 = AXIS2_PLACEMENT_3D ( 'NONE', #1526, #10471, #7957 ) ;
#5358 = UNCERTAINTY_MEASURE_WITH_UNIT (LENGTH_MEASURE( 1.000000000000000082E-05 ), #9039, 'distance_accuracy_value', 'NONE');
#5359 = ADVANCED_FACE ( 'NONE', ( #6318 ), #1987, .T. ) ;
#5360 = DIRECTION ( 'NONE',  ( 1.063253308502823887E-17, -0.9848077530122131273, 0.1736481776669020483 ) ) ;
#5361 = VECTOR ( 'NONE', #3442, 1000.000000000000114 ) ;
#5362 = DIRECTION ( 'NONE',  ( 0.0000000000000000000, 0.0000000000000000000, 1.000000000000000000 ) ) ;
#5363 = CARTESIAN_POINT ( 'NONE',  ( -0.6549999999997629940, 3.650731991911014584E-05, -4.503679456517060586 ) ) ;
#5364 = DIRECTION ( 'NONE',  ( -1.000000000000000000, 0.0000000000000000000, 6.123031769111888756E-17 ) ) ;
#5365 = VECTOR ( 'NONE', #182, 1000.000000000000114 ) ;
#5366 = STYLED_ITEM ( 'NONE', ( #3115 ), #6492 ) ;
#5367 = EDGE_LOOP ( 'NONE', ( #7579, #3546, #10547, #1096 ) ) ;
#5368 = ADVANCED_FACE ( 'NONE', ( #4154 ), #6871, .T. ) ;
#5369 = EDGE_CURVE ( 'NONE', #5971, #10027, #9621, .T. ) ;
#5370 = ORIENTED_EDGE ( 'NONE', *, *, #5824, .T. ) ;
#5371 = LINE ( 'NONE', #4653, #816 ) ;
#5372 = LINE ( 'NONE', #3810, #1327 ) ;
#5373 = VECTOR ( 'NONE', #230, 1000.000000000000000 ) ;
#5374 = ORIENTED_EDGE ( 'NONE', *, *, #6018, .T. ) ;
#5375 = FACE_OUTER_BOUND ( 'NONE', #8029, .T. ) ;
#5376 = CARTESIAN_POINT ( 'NONE',  ( -0.6549999999997639932, 3.650731991911014584E-05, 4.503679456517060586 ) ) ;
#5377 = CARTESIAN_POINT ( 'NONE',  ( -4.424999999999999822, -2.180000000000000160, -4.500000000000000000 ) ) ;
#5378 = SURFACE_STYLE_USAGE ( .BOTH. , #8598 ) ;
#5379 = DIRECTION ( 'NONE',  ( 1.000000000000000000, 0.0000000000000000000, 6.123031769111888756E-17 ) ) ;
#5380 = VERTEX_POINT ( 'NONE', #428 ) ;
#5381 = CARTESIAN_POINT ( 'NONE',  ( -1.885000000000000009, -4.440892098500625176E-16, 2.169999999999999929 ) ) ;
#5382 = LINE ( 'NONE', #2201, #1337 ) ;
#5383 = AXIS2_PLACEMENT_3D ( 'NONE', #7008, #9448, #4568 ) ;
#5384 = ORIENTED_EDGE ( 'NONE', *, *, #8683, .F. ) ;
#5385 = LINE ( 'NONE', #8334, #7308 ) ;
#5386 = SURFACE_STYLE_FILL_AREA ( #1694 ) ;
#5387 = ORIENTED_EDGE ( 'NONE', *, *, #5472, .T. ) ;
#5388 = CARTESIAN_POINT ( 'NONE',  ( 4.100000000000000533, -6.417755088244880390, -3.884999999852265073 ) ) ;
#5389 = EDGE_CURVE ( 'NONE', #1048, #5903, #5537, .T. ) ;
#5390 = ORIENTED_EDGE ( 'NONE', *, *, #4028, .F. ) ;
#5391 = DIRECTION ( 'NONE',  ( 6.123031769111888756E-17, -2.282618538634509901E-13, 1.000000000000000000 ) ) ;
#5392 = VECTOR ( 'NONE', #7909, 1000.000000000000114 ) ;
#5393 = VECTOR ( 'NONE', #4708, 1000.000000000000000 ) ;
#5394 = CARTESIAN_POINT ( 'NONE',  ( 4.809999999999999609, -0.4000000000000569766, -2.460105896938215242 ) ) ;
#5395 = ORIENTED_EDGE ( 'NONE', *, *, #6867, .T. ) ;
#5396 = VECTOR ( 'NONE', #1656, 1000.000000000000114 ) ;
#5397 = ORIENTED_EDGE ( 'NONE', *, *, #9522, .F. ) ;
#5398 = DIRECTION ( 'NONE',  ( -6.123031769111888756E-17, -4.328812440779560399E-13, -1.000000000000000000 ) ) ;
#5399 = FACE_OUTER_BOUND ( 'NONE', #455, .T. ) ;
#5400 = ORIENTED_EDGE ( 'NONE', *, *, #836, .T. ) ;
#5401 = ORIENTED_EDGE ( 'NONE', *, *, #7268, .T. ) ;
#5402 = LINE ( 'NONE', #8616, #5159 ) ;
#5403 = CARTESIAN_POINT ( 'NONE',  ( -4.100000000000960654, -3.750000000000104805, 3.734999999852264718 ) ) ;
#5404 = EDGE_CURVE ( 'NONE', #753, #2873, #7473, .T. ) ;
#5405 = VECTOR ( 'NONE', #5851, 1000.000000000000000 ) ;
#5406 = SURFACE_STYLE_USAGE ( .BOTH. , #10307 ) ;
#5407 = CARTESIAN_POINT ( 'NONE',  ( 3.795893264020365088, -7.250000000000000000, -3.734999999852264718 ) ) ;
#5408 = LINE ( 'NONE', #7714, #1106 ) ;
#5409 = ORIENTED_EDGE ( 'NONE', *, *, #9440, .T. ) ;
#5410 = DIRECTION ( 'NONE',  ( 6.123031769111888756E-17, -0.0000000000000000000, 1.000000000000000000 ) ) ;
#5411 = EDGE_CURVE ( 'NONE', #3671, #3914, #3108, .T. ) ;
#5412 = VERTEX_POINT ( 'NONE', #2855 ) ;
#5413 = ORIENTED_EDGE ( 'NONE', *, *, #2256, .T. ) ;
#5414 = LINE ( 'NONE', #1047, #7349 ) ;
#5415 = ORIENTED_EDGE ( 'NONE', *, *, #4964, .T. ) ;
#5416 = VECTOR ( 'NONE', #8721, 1000.000000000000000 ) ;
#5417 = LINE ( 'NONE', #1841, #4285 ) ;
#5418 = EDGE_CURVE ( 'NONE', #8475, #3989, #9362, .T. ) ;
#5419 = CARTESIAN_POINT ( 'NONE',  ( 3.294999999999674856, 0.6005582141878489377, 4.463516536985710381 ) ) ;
#5420 = FILL_AREA_STYLE ('',( #4594 ) ) ;
#5421 = VECTOR ( 'NONE', #7400, 1000.000000000000000 ) ;
#5422 = ORIENTED_EDGE ( 'NONE', *, *, #5842, .T. ) ;
#5423 = UNCERTAINTY_MEASURE_WITH_UNIT (LENGTH_MEASURE( 1.000000000000000082E-05 ), #8313, 'distance_accuracy_value', 'NONE');
#5424 =( NAMED_UNIT ( * ) SI_UNIT ( $, .STERADIAN. ) SOLID_ANGLE_UNIT ( ) );
#5425 = EDGE_LOOP ( 'NONE', ( #2286, #2200, #1243, #8482 ) ) ;
#5426 = ORIENTED_EDGE ( 'NONE', *, *, #9582, .F. ) ;
#5427 = CARTESIAN_POINT ( 'NONE',  ( 0.1350000000000000089, -3.750000000000104805, 3.734999999852264718 ) ) ;
#5428 =( GEOMETRIC_REPRESENTATION_CONTEXT ( 3 ) GLOBAL_UNCERTAINTY_ASSIGNED_CONTEXT ( ( #8384 ) ) GLOBAL_UNIT_ASSIGNED_CONTEXT ( ( #3677, #3636, #3741 ) ) REPRESENTATION_CONTEXT ( 'NONE', 'WORKASPACE' ) );
#5429 = LINE ( 'NONE', #580, #9774 ) ;
#5430 = ORIENTED_EDGE ( 'NONE', *, *, #4775, .T. ) ;
#5431 = VECTOR ( 'NONE', #10038, 1000.000000000000114 ) ;
#5432 = ADVANCED_FACE ( 'NONE', ( #2854 ), #6951, .T. ) ;
#5433 =( NAMED_UNIT ( * ) PLANE_ANGLE_UNIT ( ) SI_UNIT ( $, .RADIAN. ) );
#5434 = LINE ( 'NONE', #1507, #3281 ) ;
#5435 = CARTESIAN_POINT ( 'NONE',  ( 5.080000000000000071, -4.099999999999909939, 3.329999999997765414 ) ) ;
#5436 = ORIENTED_EDGE ( 'NONE', *, *, #3318, .T. ) ;
#5437 = DIRECTION ( 'NONE',  ( -1.000000000000000000, 0.0000000000000000000, 6.123031769111888756E-17 ) ) ;
#5438 = CARTESIAN_POINT ( 'NONE',  ( -0.2700000000000000178, -0.1411671192955888110, -4.332730348417619837 ) ) ;
#5439 = CIRCLE ( 'NONE', #10319, 0.1000000000000807049 ) ;
#5440 = DIRECTION ( 'NONE',  ( -1.000000000000000000, 0.0000000000000000000, 6.123031769111888756E-17 ) ) ;
#5441 = PRESENTATION_LAYER_ASSIGNMENT (  '', '', ( #6542 ) ) ;
#5442 = EDGE_LOOP ( 'NONE', ( #8696, #5828, #9102, #3882, #2850, #9050, #7449, #2006, #4195, #1475 ) ) ;
#5443 = VERTEX_POINT ( 'NONE', #2898 ) ;
#5444 = DIRECTION ( 'NONE',  ( 1.000000000000000000, -3.681132786215100208E-13, 0.0000000000000000000 ) ) ;
#5445 =( GEOMETRIC_REPRESENTATION_CONTEXT ( 3 ) GLOBAL_UNCERTAINTY_ASSIGNED_CONTEXT ( ( #9476 ) ) GLOBAL_UNIT_ASSIGNED_CONTEXT ( ( #5276, #3276, #2266 ) ) REPRESENTATION_CONTEXT ( 'NONE', 'WORKASPACE' ) );
#5446 = VECTOR ( 'NONE', #8407, 1000.000000000000114 ) ;
#5447 = DIRECTION ( 'NONE',  ( -6.123031769111888756E-17, 0.0000000000000000000, -1.000000000000000000 ) ) ;
#5448 = EDGE_CURVE ( 'NONE', #806, #7948, #714, .T. ) ;
#5449 = EDGE_LOOP ( 'NONE', ( #9258, #7002, #7062, #5094 ) ) ;
#5450 = CARTESIAN_POINT ( 'NONE',  ( 5.080000000000000071, 8.272839892444299875E-16, -4.503673019291570156 ) ) ;
#5451 = FILL_AREA_STYLE ('',( #7351 ) ) ;
#5452 = DIRECTION ( 'NONE',  ( 0.0000000000000000000, 0.0000000000000000000, 1.000000000000000000 ) ) ;
#5453 = VECTOR ( 'NONE', #7224, 1000.000000000000000 ) ;
#5454 = AXIS2_PLACEMENT_3D ( 'NONE', #5470, #623, #6296 ) ;
#5455 = CARTESIAN_POINT ( 'NONE',  ( 4.424999999999945643, -2.180000000000000160, 4.335605995874404428 ) ) ;
#5456 = ORIENTED_EDGE ( 'NONE', *, *, #7334, .T. ) ;
#5457 = ORIENTED_EDGE ( 'NONE', *, *, #2072, .F. ) ;
#5458 = CARTESIAN_POINT ( 'NONE',  ( 3.194999999999999840, -2.180000000000000160, -4.500000000000000000 ) ) ;
#5459 = CARTESIAN_POINT ( 'NONE',  ( -0.7549999999996730438, 0.9086536693868860759, -4.663893177324359485 ) ) ;
#5460 = EDGE_CURVE ( 'NONE', #9762, #9652, #9107, .T. ) ;
#5461 = DIRECTION ( 'NONE',  ( -6.585863482570437247E-14, -0.9848077530121837064, 0.1736481776670679711 ) ) ;
#5462 = DIRECTION ( 'NONE',  ( 1.063253308502803550E-17, -0.9848077530122136825, 0.1736481776668984678 ) ) ;
#5463 =( NAMED_UNIT ( * ) PLANE_ANGLE_UNIT ( ) SI_UNIT ( $, .RADIAN. ) );
#5464 = SURFACE_STYLE_FILL_AREA ( #9178 ) ;
#5465 = EDGE_LOOP ( 'NONE', ( #3093, #3326, #5130, #8737 ) ) ;
#5466 = DIRECTION ( 'NONE',  ( 0.0000000000000000000, 0.0000000000000000000, 1.000000000000000000 ) ) ;
#5467 = CARTESIAN_POINT ( 'NONE',  ( 3.520000000001160423, -3.750000000000144773, -3.884999999852260189 ) ) ;
#5468 = STYLED_ITEM ( 'NONE', ( #8713 ), #9377 ) ;
#5469 = CARTESIAN_POINT ( 'NONE',  ( 1.905000000000000027, -3.885780586188049864E-16, 2.169999999999999929 ) ) ;
#5470 = CARTESIAN_POINT ( 'NONE',  ( -1.885000000000000009, -1.308111948986800055, -3.923659150360660153 ) ) ;
#5471 = LINE ( 'NONE', #1209, #9550 ) ;
#5472 = EDGE_CURVE ( 'NONE', #362, #5443, #1232, .T. ) ;
#5473 = ORIENTED_EDGE ( 'NONE', *, *, #7540, .T. ) ;
#5474 = CARTESIAN_POINT ( 'NONE',  ( 4.099999999998930278, -5.116929645232019652, 3.884999999852260189 ) ) ;
#5475 = EDGE_CURVE ( 'NONE', #6611, #3487, #2618, .T. ) ;
#5476 = LINE ( 'NONE', #3495, #7411 ) ;
#5477 = CARTESIAN_POINT ( 'NONE',  ( -3.476948480877809722, -6.248777273997109916, 3.734999999852260277 ) ) ;
#5478 = DIRECTION ( 'NONE',  ( 6.123031769111888756E-17, 0.0000000000000000000, 1.000000000000000000 ) ) ;
#5479 = ORIENTED_EDGE ( 'NONE', *, *, #4796, .T. ) ;
#5480 = ADVANCED_FACE ( 'NONE', ( #470 ), #2926, .T. ) ;
#5481 = ORIENTED_EDGE ( 'NONE', *, *, #8631, .T. ) ;
#5482 = EDGE_CURVE ( 'NONE', #1777, #3619, #214, .T. ) ;
#5483 = VECTOR ( 'NONE', #746, 1000.000000000000000 ) ;
#5484 = AXIS2_PLACEMENT_3D ( 'NONE', #9934, #5691, #8800 ) ;
#5485 = FILL_AREA_STYLE_COLOUR ( '', #3063 ) ;
#5486 = EDGE_CURVE ( 'NONE', #3331, #9078, #8595, .T. ) ;
#5487 = FILL_AREA_STYLE ('',( #4677 ) ) ;
#5488 = DIRECTION ( 'NONE',  ( 1.000000000000000000, 0.0000000000000000000, -6.123031769111888756E-17 ) ) ;
#5489 = FACE_OUTER_BOUND ( 'NONE', #3180, .T. ) ;
#5490 = VECTOR ( 'NONE', #4625, 1000.000000000000000 ) ;
#5491 = FACE_OUTER_BOUND ( 'NONE', #6630, .T. ) ;
#5492 = CIRCLE ( 'NONE', #7707, 0.1000000000000804967 ) ;
#5493 = CARTESIAN_POINT ( 'NONE',  ( -1.885000000000169873, -0.4877706291219079948, -4.271614798027000504 ) ) ;
#5494 =( GEOMETRIC_REPRESENTATION_CONTEXT ( 3 ) GLOBAL_UNCERTAINTY_ASSIGNED_CONTEXT ( ( #814 ) ) GLOBAL_UNIT_ASSIGNED_CONTEXT ( ( #5097, #5621, #4381 ) ) REPRESENTATION_CONTEXT ( 'NONE', 'WORKASPACE' ) );
#5495 = ORIENTED_EDGE ( 'NONE', *, *, #7098, .F. ) ;
#5496 = CARTESIAN_POINT ( 'NONE',  ( -4.425000000000235190, 3.650731991911014584E-05, -4.503679456517060586 ) ) ;
#5497 = FACE_BOUND ( 'NONE', #7792, .T. ) ;
#5498 = CARTESIAN_POINT ( 'NONE',  ( -0.9800000000009809753, -6.417755088248520146, 3.884999999852265073 ) ) ;
#5499 = VECTOR ( 'NONE', #5922, 1000.000000000000000 ) ;
#5500 = VERTEX_POINT ( 'NONE', #10118 ) ;
#5501 = DIRECTION ( 'NONE',  ( 1.224606353822375779E-16, 0.0000000000000000000, -1.000000000000000000 ) ) ;
#5502 = DIRECTION ( 'NONE',  ( -1.063253308501543991E-17, 0.9848077530122499867, -0.1736481776666925214 ) ) ;
#5503 = PLANE ( 'NONE',  #9123 ) ;
#5504 = AXIS2_PLACEMENT_3D ( 'NONE', #8865, #5625, #771 ) ;
#5505 = ORIENTED_EDGE ( 'NONE', *, *, #1028, .F. ) ;
#5506 = LINE ( 'NONE', #5655, #1199 ) ;
#5507 = CARTESIAN_POINT ( 'NONE',  ( -4.688081641155130264, -3.750000000000000000, 0.9200000000001861133 ) ) ;
#5508 = CARTESIAN_POINT ( 'NONE',  ( 4.424999999999999822, -2.180000000000000160, 2.169999999999999929 ) ) ;
#5509 = VERTEX_POINT ( 'NONE', #389 ) ;
#5510 = STYLED_ITEM ( 'NONE', ( #2020 ), #3279 ) ;
#5511 = LINE ( 'NONE', #8076, #1203 ) ;
#5512 = COLOUR_RGB ( '',0.1411764705882352922, 0.1411764705882352922, 0.1411764705882352922 ) ;
#5513 = EDGE_CURVE ( 'NONE', #2250, #4872, #6705, .T. ) ;
#5514 = DIRECTION ( 'NONE',  ( 6.123031769111888756E-17, 0.0000000000000000000, 1.000000000000000000 ) ) ;
#5515 = ORIENTED_EDGE ( 'NONE', *, *, #5620, .T. ) ;
#5516 = LINE ( 'NONE', #5335, #4758 ) ;
#5517 = ORIENTED_EDGE ( 'NONE', *, *, #7887, .T. ) ;
#5518 = VECTOR ( 'NONE', #5452, 1000.000000000000000 ) ;
#5519 = EDGE_LOOP ( 'NONE', ( #139, #9882, #1676, #1329 ) ) ;
#5520 = CARTESIAN_POINT ( 'NONE',  ( -0.7049999999997179634, 3.650732014648385516E-05, -10.25999999999999979 ) ) ;
#5521 = ORIENTED_EDGE ( 'NONE', *, *, #5926, .T. ) ;
#5522 = VECTOR ( 'NONE', #3117, 1000.000000000000000 ) ;
#5523 = MECHANICAL_DESIGN_GEOMETRIC_PRESENTATION_REPRESENTATION (  '', ( #3898 ), #6097 ) ;
#5524 = DIRECTION ( 'NONE',  ( -1.000000000000000000, 0.0000000000000000000, 6.123031769111888756E-17 ) ) ;
#5525 = CARTESIAN_POINT ( 'NONE',  ( -3.520000000001160423, -3.750000000001014744, 7.232499999999490115 ) ) ;
#5526 = CARTESIAN_POINT ( 'NONE',  ( 1.885000000000154996, -1.221249999999999947, -2.185105896938279724 ) ) ;
#5527 = VECTOR ( 'NONE', #7637, 1000.000000000000000 ) ;
#5528 = AXIS2_PLACEMENT_3D ( 'NONE', #4606, #10327, #5440 ) ;
#5529 = ADVANCED_FACE ( 'NONE', ( #6182 ), #7708, .T. ) ;
#5530 = CLOSED_SHELL ( 'NONE', ( #8919, #8874, #8473, #8811, #4980, #5978 ) ) ;
#5531 = VECTOR ( 'NONE', #7103, 1000.000000000000000 ) ;
#5532 = ORIENTED_EDGE ( 'NONE', *, *, #8626, .F. ) ;
#5533 = CARTESIAN_POINT ( 'NONE',  ( 1.885000000000104814, -0.9719250235416100336, 4.336245315462229577 ) ) ;
#5534 = ORIENTED_EDGE ( 'NONE', *, *, #3960, .T. ) ;
#5535 = SURFACE_STYLE_FILL_AREA ( #2066 ) ;
#5536 = ORIENTED_EDGE ( 'NONE', *, *, #5341, .F. ) ;
#5537 = LINE ( 'NONE', #6115, #5269 ) ;
#5538 = ORIENTED_EDGE ( 'NONE', *, *, #9871, .T. ) ;
#5539 =( NAMED_UNIT ( * ) PLANE_ANGLE_UNIT ( ) SI_UNIT ( $, .RADIAN. ) );
#5540 = CARTESIAN_POINT ( 'NONE',  ( -4.425000000000175682, -0.8897388526408829268, 4.186245315462254979 ) ) ;
#5541 = LINE ( 'NONE', #8125, #9896 ) ;
#5542 = VECTOR ( 'NONE', #4140, 1000.000000000000000 ) ;
#5543 =( LENGTH_UNIT ( ) NAMED_UNIT ( * ) SI_UNIT ( .MILLI., .METRE. ) );
#5544 = DIRECTION ( 'NONE',  ( 1.000000000000000000, 0.0000000000000000000, -6.123031769111888756E-17 ) ) ;
#5545 = DIRECTION ( 'NONE',  ( -1.224606353822375779E-16, 0.0000000000000000000, 1.000000000000000000 ) ) ;
#5546 = VERTEX_POINT ( 'NONE', #9321 ) ;
#5547 = CARTESIAN_POINT ( 'NONE',  ( 3.810000000000000053, -2.180000000000000160, 3.334999999999999964 ) ) ;
#5548 = EDGE_CURVE ( 'NONE', #1833, #2116, #10512, .T. ) ;
#5549 = ORIENTED_EDGE ( 'NONE', *, *, #1419, .F. ) ;
#5550 = VECTOR ( 'NONE', #8904, 1000.000000000000114 ) ;
#5551 = EDGE_LOOP ( 'NONE', ( #10050, #8971, #4836, #7572 ) ) ;
#5552 = LINE ( 'NONE', #4857, #7744 ) ;
#5553 = MECHANICAL_DESIGN_GEOMETRIC_PRESENTATION_REPRESENTATION (  '', ( #4451 ), #6108 ) ;
#5554 = ORIENTED_EDGE ( 'NONE', *, *, #1008, .F. ) ;
#5555 = CARTESIAN_POINT ( 'NONE',  ( -4.424999999999999822, -3.330669073875469621E-16, 1.667499999999999982 ) ) ;
#5556 = FACE_OUTER_BOUND ( 'NONE', #2735, .T. ) ;
#5557 = CARTESIAN_POINT ( 'NONE',  ( -1.885000000000119913, -0.8897388526408829268, -4.186245315462254979 ) ) ;
#5558 = LINE ( 'NONE', #1675, #9642 ) ;
#5559 = EDGE_CURVE ( 'NONE', #5085, #10313, #2103, .T. ) ;
#5560 = EDGE_LOOP ( 'NONE', ( #9341, #10163, #4434, #3385 ) ) ;
#5561 = UNCERTAINTY_MEASURE_WITH_UNIT (LENGTH_MEASURE( 1.000000000000000082E-05 ), #2931, 'distance_accuracy_value', 'NONE');
#5562 = ORIENTED_EDGE ( 'NONE', *, *, #1900, .T. ) ;
#5563 = ORIENTED_EDGE ( 'NONE', *, *, #8654, .T. ) ;
#5564 = VERTEX_POINT ( 'NONE', #2036 ) ;
#5565 = ADVANCED_FACE ( 'NONE', ( #6437 ), #1233, .T. ) ;
#5566 = EDGE_CURVE ( 'NONE', #8771, #6155, #3766, .T. ) ;
#5567 = SURFACE_SIDE_STYLE ('',( #7681 ) ) ;
#5568 = DIRECTION ( 'NONE',  ( 1.063253308502803550E-17, -0.9848077530122136825, 0.1736481776668984678 ) ) ;
#5569 = LINE ( 'NONE', #8606, #5307 ) ;
#5570 =( NAMED_UNIT ( * ) PLANE_ANGLE_UNIT ( ) SI_UNIT ( $, .RADIAN. ) );
#5571 = DIRECTION ( 'NONE',  ( 6.123031769111888756E-17, -1.730217700714529757E-16, -1.000000000000000000 ) ) ;
#5572 = CARTESIAN_POINT ( 'NONE',  ( -3.657599999999999962, -2.500000000000000000, 2.239560099870364743E-16 ) ) ;
#5573 = AXIS2_PLACEMENT_3D ( 'NONE', #5624, #3126, #4726 ) ;
#5574 = ORIENTED_EDGE ( 'NONE', *, *, #9371, .T. ) ;
#5575 = LINE ( 'NONE', #2021, #3438 ) ;
#5576 = CARTESIAN_POINT ( 'NONE',  ( 1.270000000000000018, -2.180000000000000160, -3.334999999999999964 ) ) ;
#5577 = ORIENTED_EDGE ( 'NONE', *, *, #877, .T. ) ;
#5578 = EDGE_LOOP ( 'NONE', ( #772, #2717, #777, #679 ) ) ;
#5579 = CARTESIAN_POINT ( 'NONE',  ( 3.520000000001080043, -4.908859290464120839, -10.25999999999999979 ) ) ;
#5580 = PLANE ( 'NONE',  #5821 ) ;
#5581 = VECTOR ( 'NONE', #9032, 999.9999999999998863 ) ;
#5582 = CARTESIAN_POINT ( 'NONE',  ( -2.270000000000000018, -2.048462511770785088, 4.335675606200250165 ) ) ;
#5583 = CARTESIAN_POINT ( 'NONE',  ( 3.810000000000000053, -2.180000000000000160, 3.334999999999999964 ) ) ;
#5584 = AXIS2_PLACEMENT_3D ( 'NONE', #74, #5753, #894 ) ;
#5585 = ORIENTED_EDGE ( 'NONE', *, *, #4645, .T. ) ;
#5586 = DIRECTION ( 'NONE',  ( -6.123030911709541608E-17, -0.0005292051493183440791, -0.9999998599709452041 ) ) ;
#5587 = AXIS2_PLACEMENT_3D ( 'NONE', #6048, #7338, #6767 ) ;
#5588 = DIRECTION ( 'NONE',  ( 0.0000000000000000000, 1.000000000000000000, 0.0000000000000000000 ) ) ;
#5589 = EDGE_CURVE ( 'NONE', #1932, #5265, #10267, .T. ) ;
#5590 = LINE ( 'NONE', #5192, #9673 ) ;
#5591 = CARTESIAN_POINT ( 'NONE',  ( 5.080000000000000071, -2.700000000000275069, 0.5399999999998489342 ) ) ;
#5592 = EDGE_LOOP ( 'NONE', ( #7178, #5809, #185, #9901, #1607, #7280, #6559, #10520 ) ) ;
#5593 = DIRECTION ( 'NONE',  ( 1.732471668143100266E-26, 2.596018638148705187E-13, 1.000000000000000000 ) ) ;
#5594 = ADVANCED_FACE ( 'NONE', ( #5672 ), #1273, .T. ) ;
#5595 = ORIENTED_EDGE ( 'NONE', *, *, #6937, .F. ) ;
#5596 = CARTESIAN_POINT ( 'NONE',  ( -1.560000000000000053, -6.417755088244880390, 3.884999999852265073 ) ) ;
#5597 = AXIS2_PLACEMENT_3D ( 'NONE', #9305, #399, #6083 ) ;
#5598 = CARTESIAN_POINT ( 'NONE',  ( 4.325000000000325251, 0.6865000000000239799, -10.25999999999999979 ) ) ;
#5599 = AXIS2_PLACEMENT_3D ( 'NONE', #4116, #9819, #4945 ) ;
#5600 = ORIENTED_EDGE ( 'NONE', *, *, #1931, .F. ) ;
#5601 = CARTESIAN_POINT ( 'NONE',  ( -3.906592582628799715, -7.176881904510220345, 3.734999999852264718 ) ) ;
#5602 = EDGE_CURVE ( 'NONE', #9243, #824, #5941, .T. ) ;
#5603 = CARTESIAN_POINT ( 'NONE',  ( -3.194999999999884821, -0.8897388526408829268, 4.186245315462254979 ) ) ;
#5604 = CARTESIAN_POINT ( 'NONE',  ( 3.194999999999999840, -0.6800000000000000488, -4.500000000000000000 ) ) ;
#5605 = PRODUCT_DEFINITION_SHAPE ( 'NONE', 'NONE',  #192 ) ;
#5606 = ORIENTED_EDGE ( 'NONE', *, *, #9444, .F. ) ;
#5607 = FACE_OUTER_BOUND ( 'NONE', #5683, .T. ) ;
#5608 = ORIENTED_EDGE ( 'NONE', *, *, #8954, .T. ) ;
#5609 = DIRECTION ( 'NONE',  ( -1.000000000000000000, -4.547473508868780324E-12, -8.017810433524899750E-13 ) ) ;
#5610 = DIRECTION ( 'NONE',  ( -6.123031769111888756E-17, -6.812328479116998918E-13, -1.000000000000000000 ) ) ;
#5611 = VERTEX_POINT ( 'NONE', #5336 ) ;
#5612 = SURFACE_SIDE_STYLE ('',( #1750 ) ) ;
#5613 = EDGE_CURVE ( 'NONE', #10266, #279, #9747, .T. ) ;
#5614 = DIRECTION ( 'NONE',  ( 0.2468892371169171263, -0.9690437062361154652, 0.0000000000000000000 ) ) ;
#5615 = DIRECTION ( 'NONE',  ( 0.0000000000000000000, 1.000000000000000000, 0.0000000000000000000 ) ) ;
#5616 = DIRECTION ( 'NONE',  ( 0.0000000000000000000, 1.000000000000000000, 0.0000000000000000000 ) ) ;
#5617 = VECTOR ( 'NONE', #2555, 1000.000000000000000 ) ;
#5618 = ADVANCED_FACE ( 'NONE', ( #1610 ), #10229, .T. ) ;
#5619 = CARTESIAN_POINT ( 'NONE',  ( -2.810000000000000053, -1.762499999999999956, -2.185105896938285053 ) ) ;
#5620 = EDGE_CURVE ( 'NONE', #9262, #3487, #3247, .T. ) ;
#5621 =( NAMED_UNIT ( * ) PLANE_ANGLE_UNIT ( ) SI_UNIT ( $, .RADIAN. ) );
#5622 = CARTESIAN_POINT ( 'NONE',  ( -1.785000000000324993, 3.650732014648385516E-05, -4.503679456517100554 ) ) ;
#5623 = LINE ( 'NONE', #6702, #3480 ) ;
#5624 = CARTESIAN_POINT ( 'NONE',  ( -3.810000000000000053, 0.6865000000000239799, -10.25999999999999979 ) ) ;
#5625 = DIRECTION ( 'NONE',  ( 6.123031769111888756E-17, -1.730217700714529757E-16, -1.000000000000000000 ) ) ;
#5626 =( NAMED_UNIT ( * ) SI_UNIT ( $, .STERADIAN. ) SOLID_ANGLE_UNIT ( ) );
#5627 = EDGE_CURVE ( 'NONE', #7362, #5999, #1354, .T. ) ;
#5628 = LINE ( 'NONE', #228, #5118 ) ;
#5629 = AXIS2_PLACEMENT_3D ( 'NONE', #4990, #7622, #1840 ) ;
#5630 = PRESENTATION_STYLE_ASSIGNMENT (( #8169 ) ) ;
#5631 = ORIENTED_EDGE ( 'NONE', *, *, #3984, .F. ) ;
#5632 = PLANE ( 'NONE',  #8323 ) ;
#5633 = EDGE_CURVE ( 'NONE', #8022, #5190, #5402, .T. ) ;
#5634 = COLOUR_RGB ( '',0.1411764705882352922, 0.1411764705882352922, 0.1411764705882352922 ) ;
#5635 = SURFACE_SIDE_STYLE ('',( #3623 ) ) ;
#5636 = DIRECTION ( 'NONE',  ( 6.030009158161467605E-17, 0.1736481776668984400, 0.9848077530122136825 ) ) ;
#5637 = VERTEX_POINT ( 'NONE', #6208 ) ;
#5638 = LINE ( 'NONE', #2162, #1324 ) ;
#5639 = EDGE_LOOP ( 'NONE', ( #4711, #9746, #7149, #3469 ) ) ;
#5640 = LINE ( 'NONE', #10294, #10241 ) ;
#5641 = PRESENTATION_LAYER_ASSIGNMENT (  '', '', ( #4550 ) ) ;
#5642 = ADVANCED_FACE ( 'NONE', ( #7333 ), #1333, .T. ) ;
#5643 = DIRECTION ( 'NONE',  ( 3.681132786215100208E-13, 1.000000000000000000, 1.730217700714304685E-16 ) ) ;
#5644 = ORIENTED_EDGE ( 'NONE', *, *, #9335, .F. ) ;
#5645 = CARTESIAN_POINT ( 'NONE',  ( 3.657599999999999962, -2.500000000000000000, -2.239560099870364743E-16 ) ) ;
#5646 = LINE ( 'NONE', #7440, #1331 ) ;
#5647 = DIRECTION ( 'NONE',  ( 0.0000000000000000000, -1.000000000000000000, 0.0000000000000000000 ) ) ;
#5648 = PRESENTATION_LAYER_ASSIGNMENT (  '', '', ( #4554 ) ) ;
#5649 = SURFACE_SIDE_STYLE ('',( #1461 ) ) ;
#5650 = CARTESIAN_POINT ( 'NONE',  ( -0.6549999999997849764, -0.1618430139594435047, 2.597605896938239844 ) ) ;
#5651 = CARTESIAN_POINT ( 'NONE',  ( 1.835000000000279963, 3.650732014648385516E-05, -10.25999999999999979 ) ) ;
#5652 = SURFACE_STYLE_USAGE ( .BOTH. , #9179 ) ;
#5653 = EDGE_LOOP ( 'NONE', ( #587, #8859, #5563, #7762, #5309 ) ) ;
#5654 = LINE ( 'NONE', #10328, #4877 ) ;
#5655 = CARTESIAN_POINT ( 'NONE',  ( 3.174999999999999822, -3.885780586188049864E-16, 2.169999999999999929 ) ) ;
#5656 = DIRECTION ( 'NONE',  ( -1.000000000000000000, 0.0000000000000000000, 6.123031769111888756E-17 ) ) ;
#5657 = FACE_OUTER_BOUND ( 'NONE', #7465, .T. ) ;
#5658 = LINE ( 'NONE', #3203, #3508 ) ;
#5659 = VERTEX_POINT ( 'NONE', #10268 ) ;
#5660 = ORIENTED_EDGE ( 'NONE', *, *, #5345, .T. ) ;
#5661 =( NAMED_UNIT ( * ) SI_UNIT ( $, .STERADIAN. ) SOLID_ANGLE_UNIT ( ) );
#5662 = LINE ( 'NONE', #5325, #7319 ) ;
#5663 = CARTESIAN_POINT ( 'NONE',  ( -4.425000000000095746, -1.071254713756893961, -4.063030467039109972 ) ) ;
#5664 = DIRECTION ( 'NONE',  ( -1.000000000000000000, 0.0000000000000000000, 6.123031769111888756E-17 ) ) ;
#5665 = EDGE_LOOP ( 'NONE', ( #7971, #5608, #10369, #10058 ) ) ;
#5666 = FACE_OUTER_BOUND ( 'NONE', #6811, .T. ) ;
#5667 = EDGE_LOOP ( 'NONE', ( #3509, #5873, #5777, #2628 ) ) ;
#5668 = CARTESIAN_POINT ( 'NONE',  ( -0.2700000000000000178, -1.099477705281763917, -4.186245315462254979 ) ) ;
#5669 = VERTEX_POINT ( 'NONE', #10304 ) ;
#5670 = EDGE_CURVE ( 'NONE', #5916, #5811, #2982, .T. ) ;
#5671 = ORIENTED_EDGE ( 'NONE', *, *, #4957, .T. ) ;
#5672 = FACE_OUTER_BOUND ( 'NONE', #6812, .T. ) ;
#5673 = FACE_OUTER_BOUND ( 'NONE', #8419, .T. ) ;
#5674 = LINE ( 'NONE', #9869, #3524 ) ;
#5675 = ADVANCED_FACE ( 'NONE', ( #9238 ), #1377, .T. ) ;
#5676 = CARTESIAN_POINT ( 'NONE',  ( 3.194999999999910134, -2.180000000000000160, 4.335605995874404428 ) ) ;
#5677 = VERTEX_POINT ( 'NONE', #5403 ) ;
#5678 = ORIENTED_EDGE ( 'NONE', *, *, #1403, .F. ) ;
#5679 = STYLED_ITEM ( 'NONE', ( #5138 ), #9165 ) ;
#5680 = EDGE_LOOP ( 'NONE', ( #8374, #4812, #8089, #3789 ) ) ;
#5681 = DIRECTION ( 'NONE',  ( 0.0000000000000000000, 1.000000000000000000, 0.0000000000000000000 ) ) ;
#5682 = VECTOR ( 'NONE', #5069, 1000.000000000000000 ) ;
#5683 = EDGE_LOOP ( 'NONE', ( #9514, #8365, #7279, #491 ) ) ;
#5684 = CARTESIAN_POINT ( 'NONE',  ( -3.294999999999674856, 0.1836702602581190280, 7.348433255235999439 ) ) ;
#5685 = CARTESIAN_POINT ( 'NONE',  ( 3.294999999999669527, 0.9086536693868308978, -4.663893177324350603 ) ) ;
#5686 = VECTOR ( 'NONE', #8295, 1000.000000000000000 ) ;
#5687 = ORIENTED_EDGE ( 'NONE', *, *, #3155, .T. ) ;
#5688 = FACE_OUTER_BOUND ( 'NONE', #8815, .T. ) ;
#5689 = AXIS2_PLACEMENT_3D ( 'NONE', #7730, #2815, #8525 ) ;
#5690 = EDGE_CURVE ( 'NONE', #1166, #6835, #1103, .T. ) ;
#5691 = DIRECTION ( 'NONE',  ( 1.000000000000000000, -3.681132786215100208E-13, 0.0000000000000000000 ) ) ;
#5692 = CARTESIAN_POINT ( 'NONE',  ( 3.294999999999669527, 3.650732037385749672E-05, 10.25999999999999979 ) ) ;
#5693 = ORIENTED_EDGE ( 'NONE', *, *, #3947, .F. ) ;
#5694 = EDGE_CURVE ( 'NONE', #9818, #3790, #2736, .T. ) ;
#5695 = ORIENTED_EDGE ( 'NONE', *, *, #3531, .T. ) ;
#5696 = ORIENTED_EDGE ( 'NONE', *, *, #5620, .F. ) ;
#5697 = DIRECTION ( 'NONE',  ( 6.123031769111888756E-17, -3.149568864184659427E-16, 1.000000000000000000 ) ) ;
#5698 =( LENGTH_UNIT ( ) NAMED_UNIT ( * ) SI_UNIT ( .MILLI., .METRE. ) );
#5699 = CARTESIAN_POINT ( 'NONE',  ( 4.424999999999999822, -2.180000000000000160, 3.334999999999999964 ) ) ;
#5700 = ORIENTED_EDGE ( 'NONE', *, *, #6587, .T. ) ;
#5701 = SURFACE_STYLE_USAGE ( .BOTH. , #6656 ) ;
#5702 = VECTOR ( 'NONE', #4110, 999.9999999999998863 ) ;
#5703 = CARTESIAN_POINT ( 'NONE',  ( 4.425000000000235190, 3.650731991911014584E-05, -10.25999999999999979 ) ) ;
#5704 = PLANE ( 'NONE',  #2660 ) ;
#5705 = VECTOR ( 'NONE', #3870, 1000.000000000000114 ) ;
#5706 = PLANE ( 'NONE',  #8388 ) ;
#5707 = EDGE_CURVE ( 'NONE', #2778, #1972, #4899, .T. ) ;
#5708 = UNCERTAINTY_MEASURE_WITH_UNIT (LENGTH_MEASURE( 1.000000000000000082E-05 ), #4952, 'distance_accuracy_value', 'NONE');
#5709 = PRESENTATION_LAYER_ASSIGNMENT (  '', '', ( #4589 ) ) ;
#5710 = ORIENTED_EDGE ( 'NONE', *, *, #5047, .T. ) ;
#5711 = CARTESIAN_POINT ( 'NONE',  ( -5.080000000000000071, 0.0000000000000000000, -1.000000000000000000 ) ) ;
#5712 = DIRECTION ( 'NONE',  ( 0.9690437062360581777, -0.2468892371171420574, 0.0000000000000000000 ) ) ;
#5713 = CARTESIAN_POINT ( 'NONE',  ( 1.770000000000000018, -0.04322605824517099932, -4.500000000000000000 ) ) ;
#5714 = ADVANCED_FACE ( 'NONE', ( #8976 ), #8711, .T. ) ;
#5715 = ORIENTED_EDGE ( 'NONE', *, *, #703, .F. ) ;
#5716 = ORIENTED_EDGE ( 'NONE', *, *, #6568, .T. ) ;
#5717 = EDGE_CURVE ( 'NONE', #4454, #2625, #2478, .T. ) ;
#5718 = DIRECTION ( 'NONE',  ( 0.0000000000000000000, 1.000000000000000000, 0.0000000000000000000 ) ) ;
#5719 = VERTEX_POINT ( 'NONE', #4659 ) ;
#5720 = EDGE_CURVE ( 'NONE', #1503, #4030, #336, .T. ) ;
#5721 = CARTESIAN_POINT ( 'NONE',  ( -0.2700000000000000178, -0.1618430139594435047, -2.597605896938239844 ) ) ;
#5722 = CARTESIAN_POINT ( 'NONE',  ( 5.080000000000000071, 8.272839892444299875E-16, -4.503673019291570156 ) ) ;
#5723 = CARTESIAN_POINT ( 'NONE',  ( 5.080000000000000071, -3.750000000000454747, -5.080000000000000071 ) ) ;
#5724 =( NAMED_UNIT ( * ) SI_UNIT ( $, .STERADIAN. ) SOLID_ANGLE_UNIT ( ) );
#5725 = CARTESIAN_POINT ( 'NONE',  ( -3.810000000000000053, -0.6800000000000000488, 4.500000000000000000 ) ) ;
#5726 = AXIS2_PLACEMENT_3D ( 'NONE', #5583, #5616, #5992 ) ;
#5727 = LINE ( 'NONE', #8843, #5453 ) ;
#5728 = ORIENTED_EDGE ( 'NONE', *, *, #9982, .F. ) ;
#5729 = ORIENTED_EDGE ( 'NONE', *, *, #7528, .T. ) ;
#5730 =( NAMED_UNIT ( * ) SI_UNIT ( $, .STERADIAN. ) SOLID_ANGLE_UNIT ( ) );
#5731 = PLANE ( 'NONE',  #5599 ) ;
#5732 = CARTESIAN_POINT ( 'NONE',  ( -1.255893264020363942, -7.250000000000000000, 3.734999999852264718 ) ) ;
#5733 = VECTOR ( 'NONE', #972, 1000.000000000000000 ) ;
#5734 = PRESENTATION_LAYER_ASSIGNMENT (  '', '', ( #5182 ) ) ;
#5735 = SURFACE_SIDE_STYLE ('',( #411 ) ) ;
#5736 = CARTESIAN_POINT ( 'NONE',  ( -1.270000000000027995, -7.150999999999920753, 10.25999999999999979 ) ) ;
#5737 = ADVANCED_FACE ( 'NONE', ( #82 ), #7129, .T. ) ;
#5738 = EDGE_LOOP ( 'NONE', ( #2921, #5125, #914, #754 ) ) ;
#5739 = AXIS2_PLACEMENT_3D ( 'NONE', #7662, #374, #6049 ) ;
#5740 = FILL_AREA_STYLE ('',( #3317 ) ) ;
#5741 = EDGE_CURVE ( 'NONE', #783, #3791, #8468, .T. ) ;
#5742 = CARTESIAN_POINT ( 'NONE',  ( 2.810000000000000053, -0.4000000000000569766, 2.185105896938275283 ) ) ;
#5743 = LINE ( 'NONE', #7690, #10072 ) ;
#5744 = DIRECTION ( 'NONE',  ( 0.0000000000000000000, -1.000000000000000000, 0.0000000000000000000 ) ) ;
#5745 = PLANE ( 'NONE',  #9498 ) ;
#5746 = ORIENTED_EDGE ( 'NONE', *, *, #8157, .F. ) ;
#5747 = CARTESIAN_POINT ( 'NONE',  ( -1.785000000000329878, 3.650732014648385516E-05, -10.25999999999999979 ) ) ;
#5748 = AXIS2_PLACEMENT_3D ( 'NONE', #207, #5894, #1034 ) ;
#5749 = ORIENTED_EDGE ( 'NONE', *, *, #9669, .T. ) ;
#5750 = CARTESIAN_POINT ( 'NONE',  ( -1.559999999998839870, -3.750000000000144773, -3.884999999852260189 ) ) ;
#5751 = EDGE_CURVE ( 'NONE', #362, #9271, #6570, .T. ) ;
#5752 = ORIENTED_EDGE ( 'NONE', *, *, #9394, .F. ) ;
#5753 = DIRECTION ( 'NONE',  ( -6.123031769111888756E-17, 0.0000000000000000000, -1.000000000000000000 ) ) ;
#5754 = DIRECTION ( 'NONE',  ( 1.059417794895478013E-32, 1.000000000000000000, -1.730217700714529757E-16 ) ) ;
#5755 = LINE ( 'NONE', #2359, #9834 ) ;
#5756 = ADVANCED_FACE ( 'NONE', ( #6304 ), #5503, .T. ) ;
#5757 = LINE ( 'NONE', #6758, #6265 ) ;
#5758 = CARTESIAN_POINT ( 'NONE',  ( -4.424999999999999822, -2.180000000000000160, 3.334999999999999964 ) ) ;
#5759 = CARTESIAN_POINT ( 'NONE',  ( 1.885000000000164988, -1.071254713756893961, -4.063030467039109972 ) ) ;
#5760 = UNCERTAINTY_MEASURE_WITH_UNIT (LENGTH_MEASURE( 1.000000000000000082E-05 ), #8635, 'distance_accuracy_value', 'NONE');
#5761 = EDGE_CURVE ( 'NONE', #3951, #9015, #1220, .T. ) ;
#5762 = CARTESIAN_POINT ( 'NONE',  ( -3.294999999999674856, 3.650732014648385516E-05, 10.25999999999999979 ) ) ;
#5763 = VECTOR ( 'NONE', #2814, 1000.000000000000000 ) ;
#5764 = DIRECTION ( 'NONE',  ( 1.224606353822375779E-16, 0.0000000000000000000, -1.000000000000000000 ) ) ;
#5765 = FILL_AREA_STYLE_COLOUR ( '', #1940 ) ;
#5766 = AXIS2_PLACEMENT_3D ( 'NONE', #8117, #3223, #8916 ) ;
#5767 = DIRECTION ( 'NONE',  ( 1.224606353822375779E-16, 0.0000000000000000000, -1.000000000000000000 ) ) ;
#5768 = DIRECTION ( 'NONE',  ( -6.673570731747099829E-14, -1.000000000000000000, -1.730217700714489821E-16 ) ) ;
#5769 = DIRECTION ( 'NONE',  ( 1.000000000000000000, 0.0000000000000000000, -6.123031769111888756E-17 ) ) ;
#5770 = FACE_OUTER_BOUND ( 'NONE', #8266, .T. ) ;
#5771 =( NAMED_UNIT ( * ) PLANE_ANGLE_UNIT ( ) SI_UNIT ( $, .RADIAN. ) );
#5772 = EDGE_CURVE ( 'NONE', #7093, #6990, #7717, .T. ) ;
#5773 = ORIENTED_EDGE ( 'NONE', *, *, #4377, .F. ) ;
#5774 = FACE_BOUND ( 'NONE', #2158, .T. ) ;
#5775 = CARTESIAN_POINT ( 'NONE',  ( 1.835000000000279963, 3.650732003279700389E-05, 10.25999999999999979 ) ) ;
#5776 = LINE ( 'NONE', #3286, #3610 ) ;
#5777 = ORIENTED_EDGE ( 'NONE', *, *, #276, .F. ) ;
#5778 = CARTESIAN_POINT ( 'NONE',  ( -4.099999999998840572, -3.750000000001014744, -7.232499999999600249 ) ) ;
#5779 = EDGE_CURVE ( 'NONE', #8490, #9279, #3388, .T. ) ;
#5780 = ORIENTED_EDGE ( 'NONE', *, *, #8301, .T. ) ;
#5781 = FACE_OUTER_BOUND ( 'NONE', #6585, .T. ) ;
#5782 = ADVANCED_FACE ( 'NONE', ( #5260 ), #725, .T. ) ;
#5783 = FACE_OUTER_BOUND ( 'NONE', #2922, .T. ) ;
#5784 =( NAMED_UNIT ( * ) SI_UNIT ( $, .STERADIAN. ) SOLID_ANGLE_UNIT ( ) );
#5785 = ORIENTED_EDGE ( 'NONE', *, *, #4330, .F. ) ;
#5786 = VECTOR ( 'NONE', #8042, 1000.000000000000000 ) ;
#5787 =( LENGTH_UNIT ( ) NAMED_UNIT ( * ) SI_UNIT ( .MILLI., .METRE. ) );
#5788 = DIRECTION ( 'NONE',  ( 6.123031769111888756E-17, -5.459445332101871020E-15, -1.000000000000000000 ) ) ;
#5789 = LINE ( 'NONE', #3961, #10117 ) ;
#5790 = CARTESIAN_POINT ( 'NONE',  ( 0.6550000000000000266, -0.5070092621839650260, -4.418222507946190092 ) ) ;
#5791 = AXIS2_PLACEMENT_3D ( 'NONE', #6326, #7144, #2264 ) ;
#5792 = ORIENTED_EDGE ( 'NONE', *, *, #9948, .T. ) ;
#5793 = LINE ( 'NONE', #8336, #10121 ) ;
#5794 = VERTEX_POINT ( 'NONE', #765 ) ;
#5795 = DIRECTION ( 'NONE',  ( -6.123031769111888756E-17, 1.730217700714529757E-16, -1.000000000000000000 ) ) ;
#5796 =( NAMED_UNIT ( * ) PLANE_ANGLE_UNIT ( ) SI_UNIT ( $, .RADIAN. ) );
#5797 = EDGE_LOOP ( 'NONE', ( #2770, #3629, #384, #70 ) ) ;
#5799 = ORIENTED_EDGE ( 'NONE', *, *, #2678, .F. ) ;
#5798 = DIRECTION ( 'NONE',  ( 3.342835721018934545E-31, -1.000000000000000000, 5.459445332101871020E-15 ) ) ;
#5800 = AXIS2_PLACEMENT_3D ( 'NONE', #1114, #1358, #1849 ) ;
#5801 = CARTESIAN_POINT ( 'NONE',  ( 5.080000000000000071, -2.700000000000729816, 0.9199999999997310329 ) ) ;
#5802 = DIRECTION ( 'NONE',  ( -6.123031769111888756E-17, 0.0000000000000000000, -1.000000000000000000 ) ) ;
#5803 = LINE ( 'NONE', #6803, #339 ) ;
#5804 = EDGE_CURVE ( 'NONE', #96, #4053, #4654, .T. ) ;
#5805 = PLANE ( 'NONE',  #6429 ) ;
#5806 = DIRECTION ( 'NONE',  ( -1.000000000000000000, 0.0000000000000000000, 6.123031769111888756E-17 ) ) ;
#5807 = CARTESIAN_POINT ( 'NONE',  ( -3.294999999999674856, 3.650732014648385516E-05, 4.503679456517109436 ) ) ;
#5808 = CARTESIAN_POINT ( 'NONE',  ( -0.7549999999996730438, 0.6865000000000239799, 10.25999999999999979 ) ) ;
#5809 = ORIENTED_EDGE ( 'NONE', *, *, #1283, .F. ) ;
#5810 = LINE ( 'NONE', #4616, #10133 ) ;
#5811 = VERTEX_POINT ( 'NONE', #10500 ) ;
#5812 = CARTESIAN_POINT ( 'NONE',  ( 4.425000000000224532, -0.08215671584653190529, 4.489186573641435807 ) ) ;
#5813 = ORIENTED_EDGE ( 'NONE', *, *, #804, .F. ) ;
#5814 = LINE ( 'NONE', #9366, #3645 ) ;
#5815 = VERTEX_POINT ( 'NONE', #7267 ) ;
#5816 = AXIS2_PLACEMENT_3D ( 'NONE', #6596, #3346, #9037 ) ;
#5817 = ORIENTED_EDGE ( 'NONE', *, *, #10147, .T. ) ;
#5818 = LINE ( 'NONE', #8093, #9897 ) ;
#5819 = CARTESIAN_POINT ( 'NONE',  ( 3.194999999999829754, -0.9719250235416100336, 4.186245315462254979 ) ) ;
#5820 = ADVANCED_FACE ( 'NONE', ( #350, #2497, #8728, #2241, #4401 ), #6449, .T. ) ;
#5821 = AXIS2_PLACEMENT_3D ( 'NONE', #8803, #713, #6398 ) ;
#5822 = COLOUR_RGB ( '',0.1411764705882352922, 0.1411764705882352922, 0.1411764705882352922 ) ;
#5823 = ORIENTED_EDGE ( 'NONE', *, *, #2502, .T. ) ;
#5824 = EDGE_CURVE ( 'NONE', #248, #30, #7734, .T. ) ;
#5825 = VERTEX_POINT ( 'NONE', #2385 ) ;
#5826 = ORIENTED_EDGE ( 'NONE', *, *, #7763, .F. ) ;
#5827 = VECTOR ( 'NONE', #6444, 1000.000000000000000 ) ;
#5828 = ORIENTED_EDGE ( 'NONE', *, *, #6240, .F. ) ;
#5829 = VECTOR ( 'NONE', #3666, 1000.000000000000114 ) ;
#5830 = CARTESIAN_POINT ( 'NONE',  ( 0.6549999999998349365, -1.071254713756893961, 4.063030467039109972 ) ) ;
#5831 = DIRECTION ( 'NONE',  ( -1.000000000000000000, 0.0000000000000000000, -6.123031769111888756E-17 ) ) ;
#5832 = LINE ( 'NONE', #10487, #3662 ) ;
#5833 = CARTESIAN_POINT ( 'NONE',  ( -3.657599999999999962, -2.500000000000000000, 0.9200000000000000400 ) ) ;
#5834 = ORIENTED_EDGE ( 'NONE', *, *, #2807, .T. ) ;
#5835 = ORIENTED_EDGE ( 'NONE', *, *, #332, .F. ) ;
#5836 = ORIENTED_EDGE ( 'NONE', *, *, #1262, .F. ) ;
#5837 = ORIENTED_EDGE ( 'NONE', *, *, #288, .F. ) ;
#5838 = DIRECTION ( 'NONE',  ( 1.124745541366601985E-32, 1.000000000000000000, 1.836909530733564901E-16 ) ) ;
#5839 = CARTESIAN_POINT ( 'NONE',  ( 4.424999999999999822, -4.440892098500625176E-16, 2.169999999999999929 ) ) ;
#5840 = CARTESIAN_POINT ( 'NONE',  ( -3.194999999999804885, -0.6264186456785509893, -3.346222332753779671 ) ) ;
#5841 = LINE ( 'NONE', #438, #1515 ) ;
#5842 = EDGE_CURVE ( 'NONE', #2873, #6073, #5541, .T. ) ;
#5843 = CARTESIAN_POINT ( 'NONE',  ( -1.560000000000000053, -6.417755088244880390, 10.25999999999999979 ) ) ;
#5844 = CARTESIAN_POINT ( 'NONE',  ( -5.080000000000000071, -2.220446049250315053E-16, 1.000000000000000000 ) ) ;
#5845 = ORIENTED_EDGE ( 'NONE', *, *, #7356, .T. ) ;
#5846 = CARTESIAN_POINT ( 'NONE',  ( -2.270000000000000018, -1.227030387021919910, 4.186245315462254979 ) ) ;
#5847 = LINE ( 'NONE', #6975, #5310 ) ;
#5848 = ADVANCED_FACE ( 'NONE', ( #3409 ), #5706, .F. ) ;
#5849 = ORIENTED_EDGE ( 'NONE', *, *, #4815, .F. ) ;
#5850 = PLANE ( 'NONE',  #5726 ) ;
#5851 = DIRECTION ( 'NONE',  ( 0.0000000000000000000, 1.000000000000000000, 0.0000000000000000000 ) ) ;
#5852 = EDGE_CURVE ( 'NONE', #2933, #2462, #8852, .T. ) ;
#5853 = AXIS2_PLACEMENT_3D ( 'NONE', #4573, #7045, #2159 ) ;
#5854 = MECHANICAL_DESIGN_GEOMETRIC_PRESENTATION_REPRESENTATION (  '', ( #4735 ), #6385 ) ;
#5855 = CARTESIAN_POINT ( 'NONE',  ( -3.194999999999999840, -0.4000000000000569766, 2.460105896938209913 ) ) ;
#5856 = VERTEX_POINT ( 'NONE', #23 ) ;
#5857 = CARTESIAN_POINT ( 'NONE',  ( 3.294999999999669527, 0.6005582141877939817, -4.463516536985700611 ) ) ;
#5858 = EDGE_CURVE ( 'NONE', #1073, #3897, #6708, .T. ) ;
#5859 = DIRECTION ( 'NONE',  ( 0.0000000000000000000, 0.0000000000000000000, 1.000000000000000000 ) ) ;
#5860 = LINE ( 'NONE', #2726, #10192 ) ;
#5861 = VERTEX_POINT ( 'NONE', #7386 ) ;
#5862 = STYLED_ITEM ( 'NONE', ( #1975 ), #5756 ) ;
#5863 = EDGE_LOOP ( 'NONE', ( #1980, #3611, #6170, #6091 ) ) ;
#5864 = DIRECTION ( 'NONE',  ( 0.0000000000000000000, 1.000000000000000000, 0.0000000000000000000 ) ) ;
#5865 = CARTESIAN_POINT ( 'NONE',  ( -2.810000000000000053, -0.1411671192955888110, -4.332730348417619837 ) ) ;
#5866 = DIRECTION ( 'NONE',  ( -6.123031769111888756E-17, -0.0000000000000000000, -1.000000000000000000 ) ) ;
#5867 = DIRECTION ( 'NONE',  ( 0.0000000000000000000, 1.000000000000000000, 0.0000000000000000000 ) ) ;
#5868 = AXIS2_PLACEMENT_3D ( 'NONE', #4216, #7466, #2806 ) ;
#5869 = COLOUR_RGB ( '',0.1411764705882352922, 0.1411764705882352922, 0.1411764705882352922 ) ;
#5870 = DIRECTION ( 'NONE',  ( 6.123031769111888756E-17, 6.496390726951169788E-13, 1.000000000000000000 ) ) ;
#5871 = ADVANCED_FACE ( 'NONE', ( #475 ), #2490, .T. ) ;
#5872 = FILL_AREA_STYLE ('',( #9936 ) ) ;
#5873 = ORIENTED_EDGE ( 'NONE', *, *, #6322, .T. ) ;
#5874 = CARTESIAN_POINT ( 'NONE',  ( 4.325000000000325251, 0.9086536693862470315, 4.663893177324039740 ) ) ;
#5875 = DIRECTION ( 'NONE',  ( 6.123031769111888756E-17, 0.0000000000000000000, 1.000000000000000000 ) ) ;
#5876 = CARTESIAN_POINT ( 'NONE',  ( 0.6549999999997899724, -0.3902521710449980419, 4.288809933303045163 ) ) ;
#5877 = AXIS2_PLACEMENT_3D ( 'NONE', #3712, #4513, #10227 ) ;
#5878 = SURFACE_STYLE_FILL_AREA ( #7402 ) ;
#5879 = DIRECTION ( 'NONE',  ( 1.000000000000000000, 0.0000000000000000000, -6.123031769111888756E-17 ) ) ;
#5880 = VERTEX_POINT ( 'NONE', #1723 ) ;
#5881 = CARTESIAN_POINT ( 'NONE',  ( -1.560000000000000053, -6.417755088244880390, 3.734999999852264718 ) ) ;
#5882 = CARTESIAN_POINT ( 'NONE',  ( -4.425000000000195222, -0.6264186456785509893, 3.346222332753779671 ) ) ;
#5883 = VERTEX_POINT ( 'NONE', #4173 ) ;
#5884 = CARTESIAN_POINT ( 'NONE',  ( -1.664005814526730020, -6.009530812630630159, 3.884999999852265073 ) ) ;
#5885 = EDGE_CURVE ( 'NONE', #4135, #4562, #2352, .T. ) ;
#5886 = CARTESIAN_POINT ( 'NONE',  ( 5.080000000000000071, -3.399999999999410161, -0.1900000000000555134 ) ) ;
#5887 = FACE_OUTER_BOUND ( 'NONE', #3007, .T. ) ;
#5888 = DIRECTION ( 'NONE',  ( -1.000000000000000000, 0.0000000000000000000, 6.123031769111888756E-17 ) ) ;
#5889 = DIRECTION ( 'NONE',  ( -1.224606353822375779E-16, 0.0000000000000000000, 1.000000000000000000 ) ) ;
#5890 = AXIS2_PLACEMENT_3D ( 'NONE', #557, #6245, #1385 ) ;
#5891 = VECTOR ( 'NONE', #6375, 1000.000000000000000 ) ;
#5892 = AXIS2_PLACEMENT_3D ( 'NONE', #4223, #9943, #5049 ) ;
#5893 = FACE_OUTER_BOUND ( 'NONE', #973, .T. ) ;
#5894 = DIRECTION ( 'NONE',  ( -6.123031769111888756E-17, 1.730217700714529757E-16, -1.000000000000000000 ) ) ;
#5895 = DIRECTION ( 'NONE',  ( 1.000000000000000000, 0.0000000000000000000, -6.123031769111888756E-17 ) ) ;
#5896 = UNCERTAINTY_MEASURE_WITH_UNIT (LENGTH_MEASURE( 1.000000000000000082E-05 ), #4886, 'distance_accuracy_value', 'NONE');
#5897 = VERTEX_POINT ( 'NONE', #3357 ) ;
#5898 = EDGE_CURVE ( 'NONE', #8162, #1503, #5674, .T. ) ;
#5899 = LINE ( 'NONE', #130, #3730 ) ;
#5900 = FILL_AREA_STYLE_COLOUR ( '', #6854 ) ;
#5901 = DIRECTION ( 'NONE',  ( 1.000000000000000000, 0.0000000000000000000, 0.0000000000000000000 ) ) ;
#5902 = VECTOR ( 'NONE', #8256, 1000.000000000000000 ) ;
#5903 = VERTEX_POINT ( 'NONE', #4984 ) ;
#5904 = DIRECTION ( 'NONE',  ( -6.123031769111888756E-17, 1.836909530733564901E-16, -1.000000000000000000 ) ) ;
#5905 = VECTOR ( 'NONE', #7727, 1000.000000000000000 ) ;
#5906 = FACE_OUTER_BOUND ( 'NONE', #3945, .T. ) ;
#5907 = PLANE ( 'NONE',  #2133 ) ;
#5908 = EDGE_CURVE ( 'NONE', #2326, #5965, #1615, .T. ) ;
#5909 = CARTESIAN_POINT ( 'NONE',  ( -5.080000000000000071, -4.099999999999909939, 3.329999999997765414 ) ) ;
#5910 = PRESENTATION_LAYER_ASSIGNMENT (  '', '', ( #5342 ) ) ;
#5911 = ORIENTED_EDGE ( 'NONE', *, *, #8325, .F. ) ;
#5912 = FACE_OUTER_BOUND ( 'NONE', #1990, .T. ) ;
#5913 = DIRECTION ( 'NONE',  ( 0.0000000000000000000, 1.000000000000000000, 0.0000000000000000000 ) ) ;
#5914 = CARTESIAN_POINT ( 'NONE',  ( 1.885000000000000009, -0.5070092621839650260, 4.418222507946190092 ) ) ;
#5915 = CIRCLE ( 'NONE', #2564, 0.1000000000000804967 ) ;
#5916 = VERTEX_POINT ( 'NONE', #9068 ) ;
#5917 = CARTESIAN_POINT ( 'NONE',  ( 0.6550000000000000266, -0.6800000000000000488, -4.500000000000000000 ) ) ;
#5918 = EDGE_CURVE ( 'NONE', #8934, #8217, #7856, .T. ) ;
#5919 = LINE ( 'NONE', #8222, #9989 ) ;
#5920 = PLANE ( 'NONE',  #2212 ) ;
#5921 = SURFACE_STYLE_USAGE ( .BOTH. , #239 ) ;
#5922 = DIRECTION ( 'NONE',  ( 6.123031769111888756E-17, -1.196703554964752142E-12, 1.000000000000000000 ) ) ;
#5923 = ADVANCED_FACE ( 'NONE', ( #7599 ), #6658, .T. ) ;
#5924 = ORIENTED_EDGE ( 'NONE', *, *, #8790, .T. ) ;
#5925 = CARTESIAN_POINT ( 'NONE',  ( 3.194999999999999840, -2.180000000000000160, 3.334999999999999964 ) ) ;
#5926 = EDGE_CURVE ( 'NONE', #2817, #2995, #4639, .T. ) ;
#5927 = VECTOR ( 'NONE', #7300, 1000.000000000000000 ) ;
#5928 = ORIENTED_EDGE ( 'NONE', *, *, #7763, .T. ) ;
#5929 = COLOUR_RGB ( '',0.1411764705882352922, 0.1411764705882352922, 0.1411764705882352922 ) ;
#5930 = ORIENTED_EDGE ( 'NONE', *, *, #3929, .F. ) ;
#5931 = PRESENTATION_LAYER_ASSIGNMENT (  '', '', ( #4823 ) ) ;
#5932 = DIRECTION ( 'NONE',  ( 1.000000000000000000, -4.547473508868780324E-12, 8.017810433527169650E-13 ) ) ;
#5933 = VERTEX_POINT ( 'NONE', #2637 ) ;
#5934 = CARTESIAN_POINT ( 'NONE',  ( -0.6549999999999069900, -1.071254713756893961, 4.063030467039109972 ) ) ;
#5935 = LINE ( 'NONE', #63, #7324 ) ;
#5936 = ORIENTED_EDGE ( 'NONE', *, *, #7046, .F. ) ;
#5937 = DIRECTION ( 'NONE',  ( 0.0000000000000000000, 0.0000000000000000000, 1.000000000000000000 ) ) ;
#5938 = FILL_AREA_STYLE ('',( #4286 ) ) ;
#5939 = ORIENTED_EDGE ( 'NONE', *, *, #390, .T. ) ;
#5940 = VERTEX_POINT ( 'NONE', #5015 ) ;
#5941 = LINE ( 'NONE', #3714, #7854 ) ;
#5942 = SURFACE_STYLE_FILL_AREA ( #1824 ) ;
#5943 = AXIS2_PLACEMENT_3D ( 'NONE', #3517, #9192, #4322 ) ;
#5944 = CARTESIAN_POINT ( 'NONE',  ( -3.194999999999829754, -0.9719250235416100336, -4.186245315462254979 ) ) ;
#5945 = DIRECTION ( 'NONE',  ( -1.000000000000000000, 0.0000000000000000000, 6.123031769111888756E-17 ) ) ;
#5946 = ORIENTED_EDGE ( 'NONE', *, *, #6506, .F. ) ;
#5947 = AXIS2_PLACEMENT_3D ( 'NONE', #4171, #9866, #4981 ) ;
#5948 = CLOSED_SHELL ( 'NONE', ( #5162, #1864, #4841, #5871, #4452, #5594 ) ) ;
#5949 = VECTOR ( 'NONE', #9160, 1000.000000000000000 ) ;
#5950 = ORIENTED_EDGE ( 'NONE', *, *, #10458, .F. ) ;
#5951 = CARTESIAN_POINT ( 'NONE',  ( 3.674999999999999822, -3.750000000000144773, -3.884999999852265073 ) ) ;
#5952 = DIRECTION ( 'NONE',  ( -1.000000000000000000, 0.0000000000000000000, 0.0000000000000000000 ) ) ;
#5953 = EDGE_CURVE ( 'NONE', #3816, #9119, #6826, .T. ) ;
#5954 = LINE ( 'NONE', #2583, #1371 ) ;
#5955 = ORIENTED_EDGE ( 'NONE', *, *, #1595, .F. ) ;
#5956 = DIRECTION ( 'NONE',  ( -6.123031769111888756E-17, 0.0000000000000000000, -1.000000000000000000 ) ) ;
#5957 = LINE ( 'NONE', #8972, #10028 ) ;
#5958 =( NAMED_UNIT ( * ) SI_UNIT ( $, .STERADIAN. ) SOLID_ANGLE_UNIT ( ) );
#5959 = VERTEX_POINT ( 'NONE', #8332 ) ;
#5960 = CARTESIAN_POINT ( 'NONE',  ( 4.425000000000215650, -0.1618430139594435047, 2.597605896938239844 ) ) ;
#5961 = DIRECTION ( 'NONE',  ( 1.224606353648789895E-16, 2.601093943404129786E-13, -1.000000000000000000 ) ) ;
#5962 = AXIS2_PLACEMENT_3D ( 'NONE', #3057, #8768, #3895 ) ;
#5963 = VERTEX_POINT ( 'NONE', #9969 ) ;
#5964 = ORIENTED_EDGE ( 'NONE', *, *, #2284, .F. ) ;
#5965 = VERTEX_POINT ( 'NONE', #4266 ) ;
#5966 = DIRECTION ( 'NONE',  ( 0.0000000000000000000, 0.0000000000000000000, 1.000000000000000000 ) ) ;
#5967 = STYLED_ITEM ( 'NONE', ( #250 ), #4507 ) ;
#5968 = CARTESIAN_POINT ( 'NONE',  ( 3.713407417371035191, -7.176881904510159949, -10.25999999999999979 ) ) ;
#5969 = EDGE_CURVE ( 'NONE', #5825, #7997, #4389, .T. ) ;
#5970 = VECTOR ( 'NONE', #621, 1000.000000000000000 ) ;
#5971 = VERTEX_POINT ( 'NONE', #1816 ) ;
#5972 = ORIENTED_EDGE ( 'NONE', *, *, #2845, .F. ) ;
#5973 = CARTESIAN_POINT ( 'NONE',  ( 5.080000000000000071, 1.000000000000000000, -4.680000000000180904 ) ) ;
#5974 = DIRECTION ( 'NONE',  ( 0.0000000000000000000, 1.000000000000000000, 0.0000000000000000000 ) ) ;
#5975 = ORIENTED_EDGE ( 'NONE', *, *, #6291, .F. ) ;
#5976 = CARTESIAN_POINT ( 'NONE',  ( -2.810000000000000053, -0.9719250235416100336, -4.186245315462254979 ) ) ;
#5977 = EDGE_CURVE ( 'NONE', #4030, #8112, #2483, .T. ) ;
#5978 = ADVANCED_FACE ( 'NONE', ( #6308 ), #6743, .T. ) ;
#5979 = SURFACE_SIDE_STYLE ('',( #4541 ) ) ;
#5980 = ORIENTED_EDGE ( 'NONE', *, *, #9631, .F. ) ;
#5981 = FILL_AREA_STYLE ('',( #7573 ) ) ;
#5982 =( NAMED_UNIT ( * ) PLANE_ANGLE_UNIT ( ) SI_UNIT ( $, .RADIAN. ) );
#5983 = EDGE_CURVE ( 'NONE', #4872, #948, #85, .T. ) ;
#5984 =( LENGTH_UNIT ( ) NAMED_UNIT ( * ) SI_UNIT ( .MILLI., .METRE. ) );
#5985 = DIRECTION ( 'NONE',  ( -3.342835721018934545E-31, -1.000000000000000000, -5.459445332101871020E-15 ) ) ;
#5986 = VECTOR ( 'NONE', #535, 1000.000000000000000 ) ;
#5987 = CARTESIAN_POINT ( 'NONE',  ( 4.425000000000165024, -1.071254713756893961, -4.063030467039109972 ) ) ;
#5988 = CARTESIAN_POINT ( 'NONE',  ( 3.520000000001069829, -5.116929645232019652, -3.884999999852265073 ) ) ;
#5989 =( NAMED_UNIT ( * ) SI_UNIT ( $, .STERADIAN. ) SOLID_ANGLE_UNIT ( ) );
#5990 = ORIENTED_EDGE ( 'NONE', *, *, #7387, .T. ) ;
#5991 = VERTEX_POINT ( 'NONE', #6771 ) ;
#5992 = DIRECTION ( 'NONE',  ( -1.000000000000000000, 0.0000000000000000000, 6.123031769111888756E-17 ) ) ;
#5993 = CARTESIAN_POINT ( 'NONE',  ( -3.810000000000000053, -7.150999999999920753, 10.25999999999999979 ) ) ;
#5994 = EDGE_CURVE ( 'NONE', #724, #1687, #10380, .T. ) ;
#5995 = DIRECTION ( 'NONE',  ( 0.0000000000000000000, 0.0000000000000000000, 1.000000000000000000 ) ) ;
#5996 = DIRECTION ( 'NONE',  ( 2.650545609742005410E-29, -1.000000000000000000, 4.328812440779560399E-13 ) ) ;
#5997 = VECTOR ( 'NONE', #1764, 1000.000000000000000 ) ;
#5998 = CARTESIAN_POINT ( 'NONE',  ( -3.713407417371035191, -7.176881904510159949, 3.884999999852265073 ) ) ;
#5999 = VERTEX_POINT ( 'NONE', #1895 ) ;
#6000 = AXIS2_PLACEMENT_3D ( 'NONE', #8368, #9180, #4305 ) ;
#6001 = DIRECTION ( 'NONE',  ( 0.0000000000000000000, 0.0000000000000000000, 1.000000000000000000 ) ) ;
#6002 = PLANE ( 'NONE',  #7150 ) ;
#6003 = ORIENTED_EDGE ( 'NONE', *, *, #7825, .F. ) ;
#6004 =( NAMED_UNIT ( * ) SI_UNIT ( $, .STERADIAN. ) SOLID_ANGLE_UNIT ( ) );
#6005 = EDGE_CURVE ( 'NONE', #3791, #6056, #1977, .T. ) ;
#6006 = PLANE ( 'NONE',  #4402 ) ;
#6007 = ORIENTED_EDGE ( 'NONE', *, *, #8666, .F. ) ;
#6008 = EDGE_LOOP ( 'NONE', ( #1774, #1770, #7430, #8231 ) ) ;
#6009 = VERTEX_POINT ( 'NONE', #3542 ) ;
#6010 = VECTOR ( 'NONE', #10447, 1000.000000000000000 ) ;
#6011 = CARTESIAN_POINT ( 'NONE',  ( -0.6550000000000000266, -0.6800000000000000488, -3.334999999999999964 ) ) ;
#6012 = DIRECTION ( 'NONE',  ( 1.000000000000000000, 0.0000000000000000000, 1.224606353822375779E-16 ) ) ;
#6013 = AXIS2_PLACEMENT_3D ( 'NONE', #5438, #6263, #1406 ) ;
#6014 = CARTESIAN_POINT ( 'NONE',  ( -0.6550000000000000266, -2.180000000000000160, 3.334999999999999964 ) ) ;
#6015 = DIRECTION ( 'NONE',  ( -6.585863482570637934E-14, -0.9848077530122136825, 0.1736481776668984678 ) ) ;
#6016 = LINE ( 'NONE', #4521, #1693 ) ;
#6017 = CARTESIAN_POINT ( 'NONE',  ( 0.7549999999996720446, 0.6005582141877939817, -4.463516536985700611 ) ) ;
#6018 = EDGE_CURVE ( 'NONE', #5152, #7358, #4144, .T. ) ;
#6019 = DIRECTION ( 'NONE',  ( 0.0000000000000000000, 1.000000000000000000, 0.0000000000000000000 ) ) ;
#6020 = CARTESIAN_POINT ( 'NONE',  ( 5.080000000000000071, -4.099999999999679900, 2.330000000000040039 ) ) ;
#6021 = LINE ( 'NONE', #7657, #8182 ) ;
#6022 = ADVANCED_FACE ( 'NONE', ( #6059 ), #3637, .T. ) ;
#6023 = PLANE ( 'NONE',  #8744 ) ;
#6024 = EDGE_LOOP ( 'NONE', ( #2332, #999, #900, #6939 ) ) ;
#6025 = LINE ( 'NONE', #1449, #6272 ) ;
#6026 = PRESENTATION_LAYER_ASSIGNMENT (  '', '', ( #5468 ) ) ;
#6027 = UNCERTAINTY_MEASURE_WITH_UNIT (LENGTH_MEASURE( 1.000000000000000082E-05 ), #5543, 'distance_accuracy_value', 'NONE');
#6028 = ORIENTED_EDGE ( 'NONE', *, *, #321, .T. ) ;
#6029 = FACE_OUTER_BOUND ( 'NONE', #8539, .T. ) ;
#6030 = EDGE_CURVE ( 'NONE', #9607, #6852, #5803, .T. ) ;
#6031 = CARTESIAN_POINT ( 'NONE',  ( 5.080000000000000071, -4.099999999999909939, 3.329999999997765414 ) ) ;
#6032 = SURFACE_SIDE_STYLE ('',( #1815 ) ) ;
#6033 = FACE_OUTER_BOUND ( 'NONE', #941, .T. ) ;
#6034 = ORIENTED_EDGE ( 'NONE', *, *, #5230, .T. ) ;
#6035 = COLOUR_RGB ( '',0.1411764705882352922, 0.1411764705882352922, 0.1411764705882352922 ) ;
#6036 = CARTESIAN_POINT ( 'NONE',  ( 4.424999999999999822, -1.308111948986800055, 3.923659150360660153 ) ) ;
#6037 = EDGE_CURVE ( 'NONE', #8217, #9243, #1734, .T. ) ;
#6038 = ORIENTED_EDGE ( 'NONE', *, *, #3585, .T. ) ;
#6039 = LINE ( 'NONE', #7236, #10111 ) ;
#6040 = VECTOR ( 'NONE', #9288, 1000.000000000000000 ) ;
#6041 = ORIENTED_EDGE ( 'NONE', *, *, #606, .T. ) ;
#6042 = LINE ( 'NONE', #8012, #10367 ) ;
#6043 = EDGE_CURVE ( 'NONE', #5677, #9868, #7967, .T. ) ;
#6044 = CARTESIAN_POINT ( 'NONE',  ( 4.099999999999019984, -6.417755088248520146, 3.734999999852264718 ) ) ;
#6045 = AXIS2_PLACEMENT_3D ( 'NONE', #1153, #6846, #1956 ) ;
#6046 = CARTESIAN_POINT ( 'NONE',  ( -3.810000000000000053, -2.180000000000000160, 2.169999999999999929 ) ) ;
#6047 = DIRECTION ( 'NONE',  ( 3.240339941653820604E-20, 0.9999998599709450930, 0.0005292051493183439707 ) ) ;
#6048 = CARTESIAN_POINT ( 'NONE',  ( 1.785000000000324993, 0.3432682536600850098, 10.25999999999999979 ) ) ;
#6049 = DIRECTION ( 'NONE',  ( 3.342835721018934545E-31, 1.000000000000000000, 5.459445332101871020E-15 ) ) ;
#6050 = EDGE_LOOP ( 'NONE', ( #5457, #6420, #8778, #8689 ) ) ;
#6051 = VERTEX_POINT ( 'NONE', #331 ) ;
#6052 =( NAMED_UNIT ( * ) SI_UNIT ( $, .STERADIAN. ) SOLID_ANGLE_UNIT ( ) );
#6053 = EDGE_CURVE ( 'NONE', #3989, #7096, #1222, .T. ) ;
#6054 = ORIENTED_EDGE ( 'NONE', *, *, #9725, .F. ) ;
#6055 = DIRECTION ( 'NONE',  ( -4.547473508868780324E-12, 1.000000000000000000, -5.568864952799650000E-28 ) ) ;
#6056 = VERTEX_POINT ( 'NONE', #2772 ) ;
#6057 = DIRECTION ( 'NONE',  ( 1.000000000000000000, 0.0000000000000000000, 6.123031769111888756E-17 ) ) ;
#6058 = FILL_AREA_STYLE ('',( #9427 ) ) ;
#6059 = FACE_OUTER_BOUND ( 'NONE', #3828, .T. ) ;
#6060 = ORIENTED_EDGE ( 'NONE', *, *, #2410, .T. ) ;
#6061 = CIRCLE ( 'NONE', #7914, 0.1000000000000809269 ) ;
#6062 = ORIENTED_EDGE ( 'NONE', *, *, #3960, .F. ) ;
#6063 = ORIENTED_EDGE ( 'NONE', *, *, #9115, .F. ) ;
#6064 = FACE_OUTER_BOUND ( 'NONE', #1969, .T. ) ;
#6065 = ORIENTED_EDGE ( 'NONE', *, *, #2645, .F. ) ;
#6066 = ORIENTED_EDGE ( 'NONE', *, *, #7277, .F. ) ;
#6067 = LINE ( 'NONE', #5747, #7978 ) ;
#6068 = CARTESIAN_POINT ( 'NONE',  ( -4.100000000000000533, -6.417755088244880390, 10.25999999999999979 ) ) ;
#6069 =( NAMED_UNIT ( * ) SI_UNIT ( $, .STERADIAN. ) SOLID_ANGLE_UNIT ( ) );
#6070 = VECTOR ( 'NONE', #4753, 1000.000000000000000 ) ;
#6071 = CARTESIAN_POINT ( 'NONE',  ( 3.810000000000000053, -2.180000000000000160, -2.169999999999999929 ) ) ;
#6072 = SURFACE_STYLE_FILL_AREA ( #5938 ) ;
#6073 = VERTEX_POINT ( 'NONE', #8463 ) ;
#6074 = ORIENTED_EDGE ( 'NONE', *, *, #7891, .T. ) ;
#6075 = EDGE_LOOP ( 'NONE', ( #5773, #8720, #8786, #4890 ) ) ;
#6076 = LINE ( 'NONE', #4800, #5827 ) ;
#6077 = ADVANCED_FACE ( 'NONE', ( #7460 ), #7665, .T. ) ;
#6078 = ORIENTED_EDGE ( 'NONE', *, *, #1880, .T. ) ;
#6079 = AXIS2_PLACEMENT_3D ( 'NONE', #4046, #4851, #14 ) ;
#6080 = FACE_OUTER_BOUND ( 'NONE', #5367, .T. ) ;
#6081 = DIRECTION ( 'NONE',  ( 1.000000000000000000, 0.0000000000000000000, -6.123031769111888756E-17 ) ) ;
#6082 = CARTESIAN_POINT ( 'NONE',  ( 5.080000000000000071, -3.399999999999179678, 0.5399999999998489342 ) ) ;
#6083 = DIRECTION ( 'NONE',  ( -0.2468892371169171263, -0.9690437062361154652, -3.023421284637361303E-17 ) ) ;
#6084 = ORIENTED_EDGE ( 'NONE', *, *, #4602, .F. ) ;
#6085 = EDGE_CURVE ( 'NONE', #10027, #7296, #459, .T. ) ;
#6086 =( LENGTH_UNIT ( ) NAMED_UNIT ( * ) SI_UNIT ( .MILLI., .METRE. ) );
#6087 = EDGE_LOOP ( 'NONE', ( #1353, #10385, #8741, #4425, #6606, #10098, #344, #4713 ) ) ;
#6088 = DIRECTION ( 'NONE',  ( 0.0000000000000000000, 1.000000000000000000, 0.0000000000000000000 ) ) ;
#6089 = FILL_AREA_STYLE_COLOUR ( '', #2291 ) ;
#6090 = PRESENTATION_STYLE_ASSIGNMENT (( #9782 ) ) ;
#6091 = ORIENTED_EDGE ( 'NONE', *, *, #9780, .F. ) ;
#6092 = ORIENTED_EDGE ( 'NONE', *, *, #10519, .F. ) ;
#6093 = CARTESIAN_POINT ( 'NONE',  ( -3.194999999999999840, -1.699963492679900101, 10.25999999999999979 ) ) ;
#6094 =( NAMED_UNIT ( * ) PLANE_ANGLE_UNIT ( ) SI_UNIT ( $, .RADIAN. ) );
#6095 = VECTOR ( 'NONE', #5284, 1000.000000000000000 ) ;
#6096 = CARTESIAN_POINT ( 'NONE',  ( 2.540000000000000036, 2.220446049250315053E-16, -0.9200000000000000400 ) ) ;
#6097 =( GEOMETRIC_REPRESENTATION_CONTEXT ( 3 ) GLOBAL_UNCERTAINTY_ASSIGNED_CONTEXT ( ( #6496 ) ) GLOBAL_UNIT_ASSIGNED_CONTEXT ( ( #8576, #3717, #9410 ) ) REPRESENTATION_CONTEXT ( 'NONE', 'WORKASPACE' ) );
#6098 = ORIENTED_EDGE ( 'NONE', *, *, #5411, .F. ) ;
#6099 = FILL_AREA_STYLE_COLOUR ( '', #8330 ) ;
#6100 = CARTESIAN_POINT ( 'NONE',  ( -3.824106735979639904, -7.250000000000000000, -3.734999999852264718 ) ) ;
#6101 = VERTEX_POINT ( 'NONE', #4435 ) ;
#6102 = PLANE ( 'NONE',  #4767 ) ;
#6103 = ORIENTED_EDGE ( 'NONE', *, *, #10461, .T. ) ;
#6104 = CARTESIAN_POINT ( 'NONE',  ( 0.6550000000000000266, -2.180000000000000160, 4.500000000000000000 ) ) ;
#6105 = CARTESIAN_POINT ( 'NONE',  ( 1.270000000000000018, -2.180000000000000160, 3.334999999999999964 ) ) ;
#6106 = DIRECTION ( 'NONE',  ( 1.337492208489744030E-13, -1.000000000000000000, 0.0000000000000000000 ) ) ;
#6107 = EDGE_CURVE ( 'NONE', #8987, #22, #2341, .T. ) ;
#6108 =( GEOMETRIC_REPRESENTATION_CONTEXT ( 3 ) GLOBAL_UNCERTAINTY_ASSIGNED_CONTEXT ( ( #7131 ) ) GLOBAL_UNIT_ASSIGNED_CONTEXT ( ( #5984, #1110, #6793 ) ) REPRESENTATION_CONTEXT ( 'NONE', 'WORKASPACE' ) );
#6109 = ORIENTED_EDGE ( 'NONE', *, *, #4450, .T. ) ;
#6110 = ORIENTED_EDGE ( 'NONE', *, *, #1028, .T. ) ;
#6111 = EDGE_CURVE ( 'NONE', #2870, #5380, #8837, .T. ) ;
#6112 = CARTESIAN_POINT ( 'NONE',  ( 4.425000000000170353, -0.9719250235416100336, -4.186245315462254979 ) ) ;
#6113 = FILL_AREA_STYLE ('',( #425 ) ) ;
#6114 = DIRECTION ( 'NONE',  ( 6.123031769111888756E-17, -5.459445332101871020E-15, 1.000000000000000000 ) ) ;
#6115 = CARTESIAN_POINT ( 'NONE',  ( -0.6550000000000000266, 3.330669073875469621E-16, -1.667499999999999982 ) ) ;
#6116 = CARTESIAN_POINT ( 'NONE',  ( -1.284106735979690050, -7.250000000000000000, 3.809999999852264896 ) ) ;
#6117 = CARTESIAN_POINT ( 'NONE',  ( -0.6549999999997639932, -8.272839892444299875E-16, 4.503673019291570156 ) ) ;
#6118 = VECTOR ( 'NONE', #4055, 999.9999999999998863 ) ;
#6119 =( NAMED_UNIT ( * ) SI_UNIT ( $, .STERADIAN. ) SOLID_ANGLE_UNIT ( ) );
#6120 = ORIENTED_EDGE ( 'NONE', *, *, #8325, .T. ) ;
#6121 = EDGE_CURVE ( 'NONE', #1898, #376, #8585, .T. ) ;
#6122 = CARTESIAN_POINT ( 'NONE',  ( 2.540000000000000036, -2.220446049250315053E-16, 0.9200000000000000400 ) ) ;
#6123 = CARTESIAN_POINT ( 'NONE',  ( -1.885000000000234932, 3.650731991911014584E-05, 4.503679456517060586 ) ) ;
#6124 = FILL_AREA_STYLE ('',( #6983 ) ) ;
#6125 = AXIS2_PLACEMENT_3D ( 'NONE', #6676, #1876, #33 ) ;
#6126 = ADVANCED_FACE ( 'NONE', ( #10502 ), #2822, .T. ) ;
#6127 = ORIENTED_EDGE ( 'NONE', *, *, #1938, .T. ) ;
#6128 = ORIENTED_EDGE ( 'NONE', *, *, #3929, .T. ) ;
#6129 = ORIENTED_EDGE ( 'NONE', *, *, #2064, .F. ) ;
#6130 = CARTESIAN_POINT ( 'NONE',  ( -5.080000000000000071, -4.099999999999679900, -2.330000000000270077 ) ) ;
#6131 = PRESENTATION_LAYER_ASSIGNMENT (  '', '', ( #5037 ) ) ;
#6132 = DIRECTION ( 'NONE',  ( -1.000000000000000000, 0.0000000000000000000, 6.123031769111888756E-17 ) ) ;
#6133 = FILL_AREA_STYLE_COLOUR ( '', #850 ) ;
#6134 = ADVANCED_FACE ( 'NONE', ( #9736 ), #2863, .T. ) ;
#6135 = AXIS2_PLACEMENT_3D ( 'NONE', #3162, #8857, #3972 ) ;
#6136 = EDGE_CURVE ( 'NONE', #7871, #10349, #7584, .T. ) ;
#6137 = LINE ( 'NONE', #9604, #3963 ) ;
#6138 = VECTOR ( 'NONE', #1907, 1000.000000000000000 ) ;
#6139 = CARTESIAN_POINT ( 'NONE',  ( -1.885000000000234932, 3.650731991911014584E-05, -4.357628357563815058 ) ) ;
#6140 = CARTESIAN_POINT ( 'NONE',  ( 2.270000000000000018, -7.250000000000000000, -3.884999999852265073 ) ) ;
#6141 = DIRECTION ( 'NONE',  ( 1.000000000000000000, 0.0000000000000000000, 0.0000000000000000000 ) ) ;
#6142 = DIRECTION ( 'NONE',  ( 3.240339941653820604E-20, 0.9999998599709450930, 0.0005292051493183439707 ) ) ;
#6143 = AXIS2_PLACEMENT_3D ( 'NONE', #5315, #469, #6141 ) ;
#6144 = DIRECTION ( 'NONE',  ( 0.0000000000000000000, 1.000000000000000000, 0.0000000000000000000 ) ) ;
#6145 = VECTOR ( 'NONE', #1758, 1000.000000000000000 ) ;
#6146 = DIRECTION ( 'NONE',  ( -6.123031769111888756E-17, 0.0000000000000000000, -1.000000000000000000 ) ) ;
#6147 = PLANE ( 'NONE',  #9008 ) ;
#6148 = CIRCLE ( 'NONE', #6125, 0.1000000000000807049 ) ;
#6149 = ORIENTED_EDGE ( 'NONE', *, *, #3503, .T. ) ;
#6150 = CIRCLE ( 'NONE', #4259, 0.2749999999999206968 ) ;
#6151 = DIRECTION ( 'NONE',  ( -1.000000000000000000, 0.0000000000000000000, 6.123031769111888756E-17 ) ) ;
#6152 = EDGE_CURVE ( 'NONE', #10438, #1792, #1345, .T. ) ;
#6153 = DIRECTION ( 'NONE',  ( 6.587989989187647596E-14, -0.9848077530122136825, -0.1736481776668984678 ) ) ;
#6154 = SURFACE_STYLE_USAGE ( .BOTH. , #8509 ) ;
#6155 = VERTEX_POINT ( 'NONE', #2183 ) ;
#6156 = CARTESIAN_POINT ( 'NONE',  ( 1.885000000000000009, -2.180000000000000160, 4.500000000000000000 ) ) ;
#6157 = LINE ( 'NONE', #1295, #1830 ) ;
#6158 = CARTESIAN_POINT ( 'NONE',  ( 3.906592582628799715, -7.176881904510220345, -10.25999999999999979 ) ) ;
#6159 = FACE_OUTER_BOUND ( 'NONE', #7699, .T. ) ;
#6160 = ORIENTED_EDGE ( 'NONE', *, *, #886, .T. ) ;
#6161 = LINE ( 'NONE', #5762, #8333 ) ;
#6162 = DIRECTION ( 'NONE',  ( 1.316960045852438359E-13, 0.9848077530122221201, 0.1736481776668505062 ) ) ;
#6163 = EDGE_CURVE ( 'NONE', #3532, #7958, #5662, .T. ) ;
#6164 = EDGE_LOOP ( 'NONE', ( #10152, #4673, #5517, #4428 ) ) ;
#6165 = CARTESIAN_POINT ( 'NONE',  ( -4.325000000000329692, 0.1836702602581190280, -7.348433255235999439 ) ) ;
#6166 = CARTESIAN_POINT ( 'NONE',  ( -1.770000000000000018, -2.180000000000000160, 4.335605995874404428 ) ) ;
#6167 = FILL_AREA_STYLE ('',( #6133 ) ) ;
#6168 = EDGE_LOOP ( 'NONE', ( #4527, #3408, #965, #8247 ) ) ;
#6169 = SURFACE_STYLE_FILL_AREA ( #8211 ) ;
#6170 = ORIENTED_EDGE ( 'NONE', *, *, #8457, .T. ) ;
#6171 = EDGE_CURVE ( 'NONE', #9243, #5340, #1092, .T. ) ;
#6172 = VECTOR ( 'NONE', #3781, 1000.000000000000000 ) ;
#6173 = ADVANCED_FACE ( 'NONE', ( #835 ), #1425, .T. ) ;
#6174 = ORIENTED_EDGE ( 'NONE', *, *, #45, .F. ) ;
#6175 = LINE ( 'NONE', #7271, #1852 ) ;
#6176 = ORIENTED_EDGE ( 'NONE', *, *, #6612, .F. ) ;
#6177 = EDGE_CURVE ( 'NONE', #5959, #1756, #5145, .T. ) ;
#6178 = CARTESIAN_POINT ( 'NONE',  ( 5.080000000000000071, -3.750000000000000000, -3.329999999997769855 ) ) ;
#6179 = ORIENTED_EDGE ( 'NONE', *, *, #8140, .T. ) ;
#6180 = DIRECTION ( 'NONE',  ( 1.000000000000000000, -4.547473508868780324E-12, 8.017810433535239508E-13 ) ) ;
#6181 = DIRECTION ( 'NONE',  ( -1.000000000000000000, -1.337492208489744030E-13, 0.0000000000000000000 ) ) ;
#6182 = FACE_OUTER_BOUND ( 'NONE', #467, .T. ) ;
#6183 = DIRECTION ( 'NONE',  ( 0.0000000000000000000, 1.000000000000000000, 0.0000000000000000000 ) ) ;
#6184 = VECTOR ( 'NONE', #8279, 1000.000000000000000 ) ;
#6185 = PLANE ( 'NONE',  #8025 ) ;
#6186 = AXIS2_PLACEMENT_3D ( 'NONE', #3414, #5889, #304 ) ;
#6187 = DIRECTION ( 'NONE',  ( 0.0000000000000000000, 0.0000000000000000000, 1.000000000000000000 ) ) ;
#6188 = PRESENTATION_STYLE_ASSIGNMENT (( #7378 ) ) ;
#6189 = EDGE_CURVE ( 'NONE', #3605, #7270, #9230, .T. ) ;
#6190 = ADVANCED_FACE ( 'NONE', ( #578 ), #641, .T. ) ;
#6191 = PRESENTATION_STYLE_ASSIGNMENT (( #2781 ) ) ;
#6192 = ORIENTED_EDGE ( 'NONE', *, *, #1244, .F. ) ;
#6193 = DIRECTION ( 'NONE',  ( 1.316960045852438359E-13, 0.9848077530122221201, 0.1736481776668505062 ) ) ;
#6194 = CARTESIAN_POINT ( 'NONE',  ( -5.080000000000000071, 1.000000000000000000, 4.679999999999999716 ) ) ;
#6195 = VERTEX_POINT ( 'NONE', #9555 ) ;
#6196 = VECTOR ( 'NONE', #2650, 1000.000000000000000 ) ;
#6197 = ORIENTED_EDGE ( 'NONE', *, *, #3674, .T. ) ;
#6198 = ORIENTED_EDGE ( 'NONE', *, *, #8733, .T. ) ;
#6199 = CARTESIAN_POINT ( 'NONE',  ( 5.080000000000000071, -8.272839892444299875E-16, 4.503673019291570156 ) ) ;
#6200 = CARTESIAN_POINT ( 'NONE',  ( 3.810000000000000053, -7.150999999999920753, -3.884999999852265073 ) ) ;
#6201 = DIRECTION ( 'NONE',  ( 0.0000000000000000000, 0.0000000000000000000, 1.000000000000000000 ) ) ;
#6202 = MECHANICAL_DESIGN_GEOMETRIC_PRESENTATION_REPRESENTATION (  '', ( #4550 ), #6755 ) ;
#6203 = COLOUR_RGB ( '',0.1411764705882352922, 0.1411764705882352922, 0.1411764705882352922 ) ;
#6204 = DIRECTION ( 'NONE',  ( 6.123031769111888756E-17, 0.0000000000000000000, 1.000000000000000000 ) ) ;
#6205 = LINE ( 'NONE', #6579, #10285 ) ;
#6206 = VERTEX_POINT ( 'NONE', #7964 ) ;
#6207 = MECHANICAL_DESIGN_GEOMETRIC_PRESENTATION_REPRESENTATION (  '', ( #4554 ), #6761 ) ;
#6208 = CARTESIAN_POINT ( 'NONE',  ( -5.080000000000000071, 8.272839892444299875E-16, -4.503673019291570156 ) ) ;
#6209 = ORIENTED_EDGE ( 'NONE', *, *, #7268, .F. ) ;
#6210 = ORIENTED_EDGE ( 'NONE', *, *, #5627, .F. ) ;
#6211 = COLOUR_RGB ( '',0.1411764705882352922, 0.1411764705882352922, 0.1411764705882352922 ) ;
#6212 = VERTEX_POINT ( 'NONE', #8769 ) ;
#6213 = DIRECTION ( 'NONE',  ( 1.000000000000000000, 0.0000000000000000000, 1.224606353822377751E-16 ) ) ;
#6214 = CARTESIAN_POINT ( 'NONE',  ( -4.425000000000115286, -0.8897388526408829268, -4.186245315462254979 ) ) ;
#6215 = CIRCLE ( 'NONE', #4563, 0.2748194203352921083 ) ;
#6216 = EDGE_LOOP ( 'NONE', ( #6845, #1961, #6614, #7712, #6859, #1755, #3993, #5274, #226, #2579, #1290, #9471, #2407, #7616, #570, #3025, #8462, #3289, #356, #6941, #1747, #7219, #6034, #8290, #5928, #8146, #10528, #3505, #1619, #7071, #8132, #3270, #3755, #349, #3658, #6801 ) ) ;
#6217 = VECTOR ( 'NONE', #5462, 1000.000000000000114 ) ;
#6218 = ORIENTED_EDGE ( 'NONE', *, *, #9567, .F. ) ;
#6219 = VERTEX_POINT ( 'NONE', #3900 ) ;
#6220 = AXIS2_PLACEMENT_3D ( 'NONE', #6294, #4685, #10384 ) ;
#6221 = DIRECTION ( 'NONE',  ( 1.063253308502803550E-17, -0.9848077530122136825, 0.1736481776668984678 ) ) ;
#6222 = EDGE_CURVE ( 'NONE', #8347, #6970, #2723, .T. ) ;
#6223 = UNCERTAINTY_MEASURE_WITH_UNIT (LENGTH_MEASURE( 1.000000000000000082E-05 ), #5216, 'distance_accuracy_value', 'NONE');
#6224 = COLOUR_RGB ( '',0.1411764705882352922, 0.1411764705882352922, 0.1411764705882352922 ) ;
#6225 = CARTESIAN_POINT ( 'NONE',  ( -4.424999999999999822, -1.364496228814613854, 4.336037564729834592 ) ) ;
#6226 = DIRECTION ( 'NONE',  ( 6.123031769111888756E-17, -1.836909530733564901E-16, 1.000000000000000000 ) ) ;
#6227 = CARTESIAN_POINT ( 'NONE',  ( -2.270000000000000018, -0.1411671192955888110, 4.332730348417619837 ) ) ;
#6228 = ORIENTED_EDGE ( 'NONE', *, *, #3358, .T. ) ;
#6229 = AXIS2_PLACEMENT_3D ( 'NONE', #1628, #4870, #26 ) ;
#6230 = VECTOR ( 'NONE', #5350, 1000.000000000000000 ) ;
#6231 = DIRECTION ( 'NONE',  ( 1.000000000000000000, 0.0000000000000000000, -6.123031769111888756E-17 ) ) ;
#6232 = DIRECTION ( 'NONE',  ( 0.0000000000000000000, 1.000000000000000000, 0.0000000000000000000 ) ) ;
#6233 = FILL_AREA_STYLE_COLOUR ( '', #6211 ) ;
#6234 = ORIENTED_EDGE ( 'NONE', *, *, #3856, .T. ) ;
#6235 = EDGE_CURVE ( 'NONE', #5509, #104, #8964, .T. ) ;
#6236 = ORIENTED_EDGE ( 'NONE', *, *, #7136, .T. ) ;
#6237 = EDGE_LOOP ( 'NONE', ( #8685, #2989, #4215, #3514 ) ) ;
#6238 = CARTESIAN_POINT ( 'NONE',  ( 0.2700000000000000178, -0.9719250235416100336, 4.186245315462254979 ) ) ;
#6239 = CARTESIAN_POINT ( 'NONE',  ( 2.270000000000000018, -0.6165488638581649861, -3.330318181988674464 ) ) ;
#6240 = EDGE_CURVE ( 'NONE', #6051, #8337, #4623, .T. ) ;
#6241 = VECTOR ( 'NONE', #5769, 1000.000000000000000 ) ;
#6242 =( NAMED_UNIT ( * ) PLANE_ANGLE_UNIT ( ) SI_UNIT ( $, .RADIAN. ) );
#6243 = ORIENTED_EDGE ( 'NONE', *, *, #7678, .T. ) ;
#6244 = ADVANCED_FACE ( 'NONE', ( #7068 ), #8795, .F. ) ;
#6245 = DIRECTION ( 'NONE',  ( -6.123031769111888756E-17, 0.0000000000000000000, -1.000000000000000000 ) ) ;
#6246 = EDGE_CURVE ( 'NONE', #8504, #8997, #5789, .T. ) ;
#6247 = MECHANICAL_DESIGN_GEOMETRIC_PRESENTATION_REPRESENTATION (  '', ( #4589 ), #6795 ) ;
#6248 = EDGE_CURVE ( 'NONE', #2138, #1857, #7956, .T. ) ;
#6249 = ORIENTED_EDGE ( 'NONE', *, *, #8086, .F. ) ;
#6250 = CARTESIAN_POINT ( 'NONE',  ( -5.080000000000000071, -3.750000000000454747, -5.080000000000000071 ) ) ;
#6251 = SURFACE_STYLE_USAGE ( .BOTH. , #566 ) ;
#6252 = CARTESIAN_POINT ( 'NONE',  ( 3.294999999999674856, 3.650732037385749672E-05, 4.503679456517140522 ) ) ;
#6253 = CARTESIAN_POINT ( 'NONE',  ( -0.6550000000000000266, -2.180000000000000160, -4.500000000000000000 ) ) ;
#6254 = VECTOR ( 'NONE', #533, 1000.000000000000000 ) ;
#6255 = VERTEX_POINT ( 'NONE', #10479 ) ;
#6256 = EDGE_CURVE ( 'NONE', #4802, #4524, #9872, .T. ) ;
#6257 = ORIENTED_EDGE ( 'NONE', *, *, #270, .T. ) ;
#6258 = DIRECTION ( 'NONE',  ( -1.000000000000000000, 0.0000000000000000000, 6.123031769111888756E-17 ) ) ;
#6259 = ORIENTED_EDGE ( 'NONE', *, *, #9656, .F. ) ;
#6260 = LINE ( 'NONE', #6360, #4089 ) ;
#6261 = PRESENTATION_LAYER_ASSIGNMENT (  '', '', ( #5169 ) ) ;
#6262 = CARTESIAN_POINT ( 'NONE',  ( -3.194999999999999840, 4.440892098500625176E-16, -2.169999999999999929 ) ) ;
#6263 = DIRECTION ( 'NONE',  ( 6.030009158161467605E-17, 0.1736481776668984400, 0.9848077530122136825 ) ) ;
#6264 = CARTESIAN_POINT ( 'NONE',  ( -4.424999999999999822, -2.180000000000000160, 3.334999999999999964 ) ) ;
#6265 = VECTOR ( 'NONE', #3253, 1000.000000000000000 ) ;
#6266 = CARTESIAN_POINT ( 'NONE',  ( -5.080000000000000071, -3.399999999999410161, 3.110500138708840031E-16 ) ) ;
#6267 = MECHANICAL_DESIGN_GEOMETRIC_PRESENTATION_REPRESENTATION (  '', ( #5182 ), #6827 ) ;
#6268 = CARTESIAN_POINT ( 'NONE',  ( 0.7699999999999999067, 0.6865000000000239799, 4.496744093870610470 ) ) ;
#6269 = CARTESIAN_POINT ( 'NONE',  ( 3.519999999999539941, -5.116929645231019563, 3.884999999852265073 ) ) ;
#6270 = FACE_OUTER_BOUND ( 'NONE', #4017, .T. ) ;
#6271 = ORIENTED_EDGE ( 'NONE', *, *, #5208, .T. ) ;
#6272 = VECTOR ( 'NONE', #7142, 1000.000000000000000 ) ;
#6273 = COLOUR_RGB ( '',0.1411764705882352922, 0.1411764705882352922, 0.1411764705882352922 ) ;
#6274 = SURFACE_SIDE_STYLE ('',( #4138 ) ) ;
#6275 = ORIENTED_EDGE ( 'NONE', *, *, #9304, .F. ) ;
#6276 = EDGE_CURVE ( 'NONE', #1697, #1973, #1463, .T. ) ;
#6277 = VERTEX_POINT ( 'NONE', #8878 ) ;
#6278 = LINE ( 'NONE', #4798, #7936 ) ;
#6279 = LINE ( 'NONE', #7159, #65 ) ;
#6280 = ORIENTED_EDGE ( 'NONE', *, *, #5852, .F. ) ;
#6281 = LINE ( 'NONE', #8397, #8198 ) ;
#6282 = CARTESIAN_POINT ( 'NONE',  ( 3.519999999999464890, -4.908859290462300962, 10.25999999999999979 ) ) ;
#6283 = AXIS2_PLACEMENT_3D ( 'NONE', #5029, #8284, #5864 ) ;
#6284 = FILL_AREA_STYLE_COLOUR ( '', #4040 ) ;
#6285 = ORIENTED_EDGE ( 'NONE', *, *, #6517, .T. ) ;
#6286 = LINE ( 'NONE', #721, #3867 ) ;
#6287 = AXIS2_PLACEMENT_3D ( 'NONE', #6538, #1671, #7367 ) ;
#6288 = ADVANCED_FACE ( 'NONE', ( #3377 ), #4784, .T. ) ;
#6289 = LINE ( 'NONE', #4989, #8203 ) ;
#6290 = PRODUCT_CONTEXT ( 'NONE', #2189, 'mechanical' ) ;
#6291 = EDGE_CURVE ( 'NONE', #7069, #2234, #5297, .T. ) ;
#6292 = VECTOR ( 'NONE', #7048, 1000.000000000000000 ) ;
#6293 = ORIENTED_EDGE ( 'NONE', *, *, #7811, .F. ) ;
#6294 = CARTESIAN_POINT ( 'NONE',  ( -3.294999999999674856, 0.3432682536600850098, 10.25999999999999979 ) ) ;
#6295 = CARTESIAN_POINT ( 'NONE',  ( -1.284106735979690050, -7.250000000000000000, 3.884999999852265073 ) ) ;
#6296 = DIRECTION ( 'NONE',  ( 0.0000000000000000000, 0.0000000000000000000, 1.000000000000000000 ) ) ;
#6297 = CARTESIAN_POINT ( 'NONE',  ( 1.173407417371032047, -7.176881904510159949, -10.25999999999999979 ) ) ;
#6298 = ORIENTED_EDGE ( 'NONE', *, *, #1546, .T. ) ;
#6299 = ORIENTED_EDGE ( 'NONE', *, *, #2018, .F. ) ;
#6300 = DIRECTION ( 'NONE',  ( -6.030009158161699333E-17, -0.1736481776666925214, -0.9848077530122499867 ) ) ;
#6301 = PRESENTATION_STYLE_ASSIGNMENT (( #1417 ) ) ;
#6302 = ORIENTED_EDGE ( 'NONE', *, *, #1620, .F. ) ;
#6303 = VERTEX_POINT ( 'NONE', #4035 ) ;
#6304 = FACE_OUTER_BOUND ( 'NONE', #1617, .T. ) ;
#6305 = CARTESIAN_POINT ( 'NONE',  ( -3.244999999999719886, 3.650732014648385516E-05, -10.25999999999999979 ) ) ;
#6306 = VECTOR ( 'NONE', #1130, 1000.000000000000000 ) ;
#6307 = EDGE_CURVE ( 'NONE', #5856, #5150, #998, .T. ) ;
#6308 = FACE_OUTER_BOUND ( 'NONE', #7595, .T. ) ;
#6309 = PLANE ( 'NONE',  #5890 ) ;
#6310 = CARTESIAN_POINT ( 'NONE',  ( 4.162500000003340972, 3.650732431881299723E-05, 4.503679456517840407 ) ) ;
#6311 = ORIENTED_EDGE ( 'NONE', *, *, #8617, .T. ) ;
#6312 = CARTESIAN_POINT ( 'NONE',  ( 3.294999999999674856, 0.3432682536600850098, -10.25999999999999979 ) ) ;
#6313 = ORIENTED_EDGE ( 'NONE', *, *, #8861, .F. ) ;
#6314 = EDGE_CURVE ( 'NONE', #6465, #240, #7496, .T. ) ;
#6315 = ORIENTED_EDGE ( 'NONE', *, *, #7030, .F. ) ;
#6316 = VECTOR ( 'NONE', #1160, 1000.000000000000000 ) ;
#6317 = ORIENTED_EDGE ( 'NONE', *, *, #191, .F. ) ;
#6318 = FACE_OUTER_BOUND ( 'NONE', #2518, .T. ) ;
#6319 = ORIENTED_EDGE ( 'NONE', *, *, #4531, .T. ) ;
#6320 = PRESENTATION_STYLE_ASSIGNMENT (( #9716 ) ) ;
#6321 = LINE ( 'NONE', #8040, #7981 ) ;
#6322 = EDGE_CURVE ( 'NONE', #4496, #785, #7226, .T. ) ;
#6323 = SURFACE_STYLE_USAGE ( .BOTH. , #640 ) ;
#6324 = ORIENTED_EDGE ( 'NONE', *, *, #6248, .F. ) ;
#6325 = VERTEX_POINT ( 'NONE', #4885 ) ;
#6326 = CARTESIAN_POINT ( 'NONE',  ( -0.9800000000010820056, -4.908859290464120839, 10.25999999999999979 ) ) ;
#6327 = FACE_OUTER_BOUND ( 'NONE', #10536, .T. ) ;
#6328 = ORIENTED_EDGE ( 'NONE', *, *, #10001, .T. ) ;
#6329 = VERTEX_POINT ( 'NONE', #3255 ) ;
#6330 = CARTESIAN_POINT ( 'NONE',  ( 2.270000000000000018, -2.048462511770785088, -4.335675606200250165 ) ) ;
#6331 = DIRECTION ( 'NONE',  ( -1.224606352864879832E-16, -2.601093943404129786E-13, 1.000000000000000000 ) ) ;
#6332 = LINE ( 'NONE', #719, #109 ) ;
#6333 = ORIENTED_EDGE ( 'NONE', *, *, #7900, .T. ) ;
#6334 = VERTEX_POINT ( 'NONE', #9735 ) ;
#6335 = ORIENTED_EDGE ( 'NONE', *, *, #3222, .F. ) ;
#6336 = CARTESIAN_POINT ( 'NONE',  ( 0.2700000000000000178, -0.9719250235416100336, 4.336245315462229577 ) ) ;
#6337 = DIRECTION ( 'NONE',  ( 0.0000000000000000000, -1.000000000000000000, 0.0000000000000000000 ) ) ;
#6338 = LINE ( 'NONE', #5684, #10415 ) ;
#6339 = DIRECTION ( 'NONE',  ( 0.0000000000000000000, 0.0000000000000000000, -1.000000000000000000 ) ) ;
#6340 = PRESENTATION_LAYER_ASSIGNMENT (  '', '', ( #5226 ) ) ;
#6341 = EDGE_LOOP ( 'NONE', ( #7940, #728, #5817, #3387, #2245, #5193, #10370, #2775, #4613 ) ) ;
#6342 = ORIENTED_EDGE ( 'NONE', *, *, #6361, .T. ) ;
#6343 = DIRECTION ( 'NONE',  ( 6.123031769111888756E-17, -1.730217700714529757E-16, 1.000000000000000000 ) ) ;
#6344 = AXIS2_PLACEMENT_3D ( 'NONE', #9587, #615, #670 ) ;
#6345 = VECTOR ( 'NONE', #3635, 1000.000000000000114 ) ;
#6346 = FILL_AREA_STYLE_COLOUR ( '', #4142 ) ;
#6347 = EDGE_CURVE ( 'NONE', #4785, #10138, #1251, .T. ) ;
#6348 = UNCERTAINTY_MEASURE_WITH_UNIT (LENGTH_MEASURE( 1.000000000000000082E-05 ), #10322, 'distance_accuracy_value', 'NONE');
#6349 = ORIENTED_EDGE ( 'NONE', *, *, #3773, .T. ) ;
#6350 = DIRECTION ( 'NONE',  ( 1.000000000000000000, -1.337492208489744030E-13, 1.224606353822377751E-16 ) ) ;
#6351 = ADVANCED_FACE ( 'NONE', ( #5054 ), #1670, .T. ) ;
#6352 = VERTEX_POINT ( 'NONE', #855 ) ;
#6353 = CARTESIAN_POINT ( 'NONE',  ( -3.824106735979689642, -7.250000000000000000, 3.884999999852265073 ) ) ;
#6354 = UNCERTAINTY_MEASURE_WITH_UNIT (LENGTH_MEASURE( 1.000000000000000082E-05 ), #5112, 'distance_accuracy_value', 'NONE');
#6355 = VECTOR ( 'NONE', #9741, 1000.000000000000000 ) ;
#6356 = AXIS2_PLACEMENT_3D ( 'NONE', #4222, #9940, #5046 ) ;
#6357 = VERTEX_POINT ( 'NONE', #1700 ) ;
#6358 = PRESENTATION_LAYER_ASSIGNMENT (  '', '', ( #5240 ) ) ;
#6359 = DIRECTION ( 'NONE',  ( -6.123031769111888756E-17, 1.730217700714529757E-16, -1.000000000000000000 ) ) ;
#6360 = CARTESIAN_POINT ( 'NONE',  ( 3.657599999999999962, 0.0000000000000000000, 5.657681354659410288E-18 ) ) ;
#6361 = EDGE_CURVE ( 'NONE', #11, #5903, #6205, .T. ) ;
#6362 = CARTESIAN_POINT ( 'NONE',  ( 0.4875000000018949731, 3.650731915741389777E-05, 4.357628357563680055 ) ) ;
#6363 = DIRECTION ( 'NONE',  ( 0.2468892371171420297, 0.9690437062360580667, 1.525485509063630176E-16 ) ) ;
#6364 = FILL_AREA_STYLE_COLOUR ( '', #2163 ) ;
#6365 = ORIENTED_EDGE ( 'NONE', *, *, #1662, .F. ) ;
#6366 = ORIENTED_EDGE ( 'NONE', *, *, #5602, .F. ) ;
#6367 = AXIS2_PLACEMENT_3D ( 'NONE', #10325, #5437, #579 ) ;
#6368 = CARTESIAN_POINT ( 'NONE',  ( 3.294999999999674856, 3.650732014648385516E-05, -4.357628357563855026 ) ) ;
#6369 = DIRECTION ( 'NONE',  ( 0.0000000000000000000, 0.0000000000000000000, -1.000000000000000000 ) ) ;
#6370 = CARTESIAN_POINT ( 'NONE',  ( 4.424999999999999822, -2.180000000000000160, 4.500000000000000000 ) ) ;
#6371 = FACE_OUTER_BOUND ( 'NONE', #8718, .T. ) ;
#6372 = CARTESIAN_POINT ( 'NONE',  ( 0.6549999999997639932, -7.771561172376099727E-16, 4.357621920338319299 ) ) ;
#6373 = DIRECTION ( 'NONE',  ( 0.0000000000000000000, 0.9848077530121837064, -0.1736481776670679711 ) ) ;
#6374 = ADVANCED_FACE ( 'NONE', ( #8111 ), #9026, .T. ) ;
#6375 = DIRECTION ( 'NONE',  ( -1.224606352864879832E-16, -2.601093943404129786E-13, 1.000000000000000000 ) ) ;
#6376 = ORIENTED_EDGE ( 'NONE', *, *, #8754, .T. ) ;
#6377 = DIRECTION ( 'NONE',  ( -1.000000000000000000, 0.0000000000000000000, 6.123031769111888756E-17 ) ) ;
#6378 = EDGE_CURVE ( 'NONE', #3914, #9818, #1120, .T. ) ;
#6379 = ORIENTED_EDGE ( 'NONE', *, *, #5858, .T. ) ;
#6380 = CARTESIAN_POINT ( 'NONE',  ( -1.559999999998919806, -4.908859290464120839, -10.25999999999999979 ) ) ;
#6381 = FILL_AREA_STYLE_COLOUR ( '', #2335 ) ;
#6382 = CARTESIAN_POINT ( 'NONE',  ( 0.6549999999997629940, -8.272839892444299875E-16, 4.503673019291570156 ) ) ;
#6383 = ORIENTED_EDGE ( 'NONE', *, *, #8947, .F. ) ;
#6384 = EDGE_CURVE ( 'NONE', #4494, #5168, #3266, .T. ) ;
#6385 =( GEOMETRIC_REPRESENTATION_CONTEXT ( 3 ) GLOBAL_UNCERTAINTY_ASSIGNED_CONTEXT ( ( #5760 ) ) GLOBAL_UNIT_ASSIGNED_CONTEXT ( ( #8635, #10248, #5424 ) ) REPRESENTATION_CONTEXT ( 'NONE', 'WORKASPACE' ) );
#6386 =( NAMED_UNIT ( * ) PLANE_ANGLE_UNIT ( ) SI_UNIT ( $, .RADIAN. ) );
#6387 = EDGE_CURVE ( 'NONE', #9496, #3693, #7357, .T. ) ;
#6388 =( LENGTH_UNIT ( ) NAMED_UNIT ( * ) SI_UNIT ( .MILLI., .METRE. ) );
#6389 = CARTESIAN_POINT ( 'NONE',  ( 4.809999999999999609, -5.325000000000000178, -3.734999999852264718 ) ) ;
#6390 = ORIENTED_EDGE ( 'NONE', *, *, #1122, .T. ) ;
#6391 = DIRECTION ( 'NONE',  ( 1.224606353822375779E-16, 0.0000000000000000000, -1.000000000000000000 ) ) ;
#6392 = FACE_OUTER_BOUND ( 'NONE', #6678, .T. ) ;
#6393 = SURFACE_SIDE_STYLE ('',( #5878 ) ) ;
#6394 = LINE ( 'NONE', #7984, #170 ) ;
#6395 = PRESENTATION_LAYER_ASSIGNMENT (  '', '', ( #5862 ) ) ;
#6396 = ADVANCED_FACE ( 'NONE', ( #9509 ), #2574, .T. ) ;
#6397 = DIRECTION ( 'NONE',  ( -6.673570731747099829E-14, -1.000000000000000000, 0.0000000000000000000 ) ) ;
#6398 = DIRECTION ( 'NONE',  ( 0.2468892371169171263, -0.9690437062361154652, 0.0000000000000000000 ) ) ;
#6399 = STYLED_ITEM ( 'NONE', ( #1431 ), #2071 ) ;
#6400 = ORIENTED_EDGE ( 'NONE', *, *, #6568, .F. ) ;
#6401 = CARTESIAN_POINT ( 'NONE',  ( -2.270000000000000018, -1.099477705281763917, 4.186245315462254979 ) ) ;
#6402 = LINE ( 'NONE', #9862, #1820 ) ;
#6403 = DIRECTION ( 'NONE',  ( 1.224606353822375779E-16, 0.0000000000000000000, -1.000000000000000000 ) ) ;
#6404 = VECTOR ( 'NONE', #8193, 1000.000000000000000 ) ;
#6405 = ORIENTED_EDGE ( 'NONE', *, *, #6085, .T. ) ;
#6406 = DIRECTION ( 'NONE',  ( 1.000000000000000000, 0.0000000000000000000, -6.123031769111888756E-17 ) ) ;
#6407 = FILL_AREA_STYLE ('',( #3946 ) ) ;
#6408 = STYLED_ITEM ( 'NONE', ( #2333 ), #7201 ) ;
#6409 = VERTEX_POINT ( 'NONE', #9931 ) ;
#6410 = VECTOR ( 'NONE', #134, 1000.000000000000000 ) ;
#6411 = CARTESIAN_POINT ( 'NONE',  ( -1.885000000000230047, -0.08215671584680049599, 4.489186573641385181 ) ) ;
#6412 = ORIENTED_EDGE ( 'NONE', *, *, #4815, .T. ) ;
#6413 = LINE ( 'NONE', #2121, #4244 ) ;
#6414 = VERTEX_POINT ( 'NONE', #9085 ) ;
#6415 = LINE ( 'NONE', #1712, #3983 ) ;
#6416 = EDGE_CURVE ( 'NONE', #7348, #9784, #2999, .T. ) ;
#6417 = VERTEX_POINT ( 'NONE', #7469 ) ;
#6418 = COLOUR_RGB ( '',0.1411764705882352922, 0.1411764705882352922, 0.1411764705882352922 ) ;
#6419 = ADVANCED_FACE ( 'NONE', ( #7092 ), #172, .T. ) ;
#6420 = ORIENTED_EDGE ( 'NONE', *, *, #4392, .T. ) ;
#6421 = CARTESIAN_POINT ( 'NONE',  ( -1.885000000000169873, -0.9719250235416100336, 4.336245315462229577 ) ) ;
#6422 = DIRECTION ( 'NONE',  ( -1.000000000000000000, 2.273736754434390162E-12, 4.008599065175130241E-13 ) ) ;
#6423 = ORIENTED_EDGE ( 'NONE', *, *, #4624, .T. ) ;
#6424 = VECTOR ( 'NONE', #7843, 1000.000000000000000 ) ;
#6425 = PRESENTATION_LAYER_ASSIGNMENT (  '', '', ( #5327 ) ) ;
#6426 = DIRECTION ( 'NONE',  ( 9.893158939993060918E-30, 1.000000000000000000, 1.615728827326989927E-13 ) ) ;
#6427 =( NAMED_UNIT ( * ) SI_UNIT ( $, .STERADIAN. ) SOLID_ANGLE_UNIT ( ) );
#6428 = SURFACE_STYLE_FILL_AREA ( #9345 ) ;
#6429 = AXIS2_PLACEMENT_3D ( 'NONE', #9065, #4201, #9907 ) ;
#6430 = ORIENTED_EDGE ( 'NONE', *, *, #1525, .F. ) ;
#6431 = VECTOR ( 'NONE', #3169, 1000.000000000000000 ) ;
#6432 = VERTEX_POINT ( 'NONE', #1806 ) ;
#6433 = FILL_AREA_STYLE ('',( #3965 ) ) ;
#6434 = VECTOR ( 'NONE', #7025, 1000.000000000000000 ) ;
#6435 = ORIENTED_EDGE ( 'NONE', *, *, #5513, .F. ) ;
#6436 =( LENGTH_UNIT ( ) NAMED_UNIT ( * ) SI_UNIT ( .MILLI., .METRE. ) );
#6437 = FACE_OUTER_BOUND ( 'NONE', #3866, .T. ) ;
#6438 = EDGE_CURVE ( 'NONE', #842, #2892, #4160, .T. ) ;
#6439 = VERTEX_POINT ( 'NONE', #6720 ) ;
#6440 = PLANE ( 'NONE',  #2484 ) ;
#6441 = DIRECTION ( 'NONE',  ( -1.000000000000000000, -1.337492208489744030E-13, 0.0000000000000000000 ) ) ;
#6442 = PRESENTATION_STYLE_ASSIGNMENT (( #4956 ) ) ;
#6443 = COLOUR_RGB ( '',0.1411764705882352922, 0.1411764705882352922, 0.1411764705882352922 ) ;
#6444 = DIRECTION ( 'NONE',  ( 1.000000000000000000, -4.547473508868780324E-12, 8.017810433527169650E-13 ) ) ;
#6445 = CARTESIAN_POINT ( 'NONE',  ( -3.657599999999999962, -2.700000000000729816, 0.9199999999997310329 ) ) ;
#6446 = DIRECTION ( 'NONE',  ( -1.000000000000000000, 2.273736754434390162E-12, 4.009823671527819687E-13 ) ) ;
#6447 = VECTOR ( 'NONE', #4382, 1000.000000000000000 ) ;
#6448 = VERTEX_POINT ( 'NONE', #3482 ) ;
#6449 = PLANE ( 'NONE',  #5095 ) ;
#6450 = EDGE_CURVE ( 'NONE', #7358, #3589, #3896, .T. ) ;
#6451 = ORIENTED_EDGE ( 'NONE', *, *, #9708, .T. ) ;
#6452 = LINE ( 'NONE', #9051, #4015 ) ;
#6453 = EDGE_LOOP ( 'NONE', ( #7905, #9713, #8724, #2430 ) ) ;
#6454 = MECHANICAL_DESIGN_GEOMETRIC_PRESENTATION_REPRESENTATION (  '', ( #5342 ), #7000 ) ;
#6455 = ORIENTED_EDGE ( 'NONE', *, *, #8559, .T. ) ;
#6456 = DIRECTION ( 'NONE',  ( 6.123031769111888756E-17, 0.0000000000000000000, -1.000000000000000000 ) ) ;
#6457 = DIRECTION ( 'NONE',  ( 0.2468892371171420574, 0.9690437062360581777, 0.0000000000000000000 ) ) ;
#6458 = CARTESIAN_POINT ( 'NONE',  ( 3.194999999999794671, -0.4877706291219079948, 4.271614798027000504 ) ) ;
#6459 = ADVANCED_FACE ( 'NONE', ( #10148 ), #5100, .T. ) ;
#6460 = CARTESIAN_POINT ( 'NONE',  ( 4.424999999999999822, -0.6800000000000000488, -3.334999999999999964 ) ) ;
#6461 = LINE ( 'NONE', #3383, #8367 ) ;
#6462 = EDGE_CURVE ( 'NONE', #584, #7093, #987, .T. ) ;
#6463 = EDGE_LOOP ( 'NONE', ( #9433, #9332, #241, #9638 ) ) ;
#6464 = ORIENTED_EDGE ( 'NONE', *, *, #8184, .F. ) ;
#6465 = VERTEX_POINT ( 'NONE', #6783 ) ;
#6466 = VECTOR ( 'NONE', #6201, 1000.000000000000000 ) ;
#6467 = ORIENTED_EDGE ( 'NONE', *, *, #2028, .F. ) ;
#6468 = PRESENTATION_STYLE_ASSIGNMENT (( #8264 ) ) ;
#6469 = CARTESIAN_POINT ( 'NONE',  ( -0.2700000000000000178, -2.048462511770785088, -4.335675606200250165 ) ) ;
#6470 = EDGE_CURVE ( 'NONE', #884, #2682, #7213, .T. ) ;
#6471 = VECTOR ( 'NONE', #7148, 1000.000000000000000 ) ;
#6472 =( LENGTH_UNIT ( ) NAMED_UNIT ( * ) SI_UNIT ( .MILLI., .METRE. ) );
#6473 = DIRECTION ( 'NONE',  ( -6.123031769111888756E-17, 1.836909530733564901E-16, -1.000000000000000000 ) ) ;
#6474 = DIRECTION ( 'NONE',  ( 1.224606353822375779E-16, 0.0000000000000000000, -1.000000000000000000 ) ) ;
#6475 = MECHANICAL_DESIGN_GEOMETRIC_PRESENTATION_REPRESENTATION (  '', ( #4823 ), #7017 ) ;
#6476 = ORIENTED_EDGE ( 'NONE', *, *, #9512, .F. ) ;
#6477 = VECTOR ( 'NONE', #8694, 1000.000000000000114 ) ;
#6478 = DIRECTION ( 'NONE',  ( 1.000000000000000000, 0.0000000000000000000, -6.123031769111888756E-17 ) ) ;
#6479 = EDGE_LOOP ( 'NONE', ( #8234, #6599, #2260, #4420 ) ) ;
#6480 = VERTEX_POINT ( 'NONE', #10032 ) ;
#6481 = CARTESIAN_POINT ( 'NONE',  ( -3.310000000000000053, 0.6865000000000239799, -4.496744093870610470 ) ) ;
#6482 = DIRECTION ( 'NONE',  ( 6.123031769111888756E-17, 0.0000000000000000000, 1.000000000000000000 ) ) ;
#6483 = DIRECTION ( 'NONE',  ( 1.000000000000000000, 0.0000000000000000000, -6.123031769111888756E-17 ) ) ;
#6484 = FACE_OUTER_BOUND ( 'NONE', #9802, .T. ) ;
#6485 = ORIENTED_EDGE ( 'NONE', *, *, #7239, .T. ) ;
#6486 =( LENGTH_UNIT ( ) NAMED_UNIT ( * ) SI_UNIT ( .MILLI., .METRE. ) );
#6487 = CARTESIAN_POINT ( 'NONE',  ( 1.885000000000000009, -0.4000000000000569766, -2.460105896938209913 ) ) ;
#6488 = CARTESIAN_POINT ( 'NONE',  ( 3.194999999999999840, -2.180000000000000160, -3.334999999999999964 ) ) ;
#6489 = PRESENTATION_LAYER_ASSIGNMENT (  '', '', ( #5366 ) ) ;
#6490 = EDGE_LOOP ( 'NONE', ( #2273, #7715, #10075, #10242 ) ) ;
#6491 = CARTESIAN_POINT ( 'NONE',  ( 0.7549999999996720446, 3.650732037385749672E-05, 4.503679456517140522 ) ) ;
#6492 = ADVANCED_FACE ( 'NONE', ( #2865 ), #2710, .F. ) ;
#6493 = CARTESIAN_POINT ( 'NONE',  ( 0.6549999999998930011, -0.9719250235416100336, -4.336245315462229577 ) ) ;
#6494 = CARTESIAN_POINT ( 'NONE',  ( 5.080000000000000071, -3.750000000000225153, -4.204999999998904947 ) ) ;
#6495 = EDGE_CURVE ( 'NONE', #4785, #842, #2111, .T. ) ;
#6496 = UNCERTAINTY_MEASURE_WITH_UNIT (LENGTH_MEASURE( 1.000000000000000082E-05 ), #8576, 'distance_accuracy_value', 'NONE');
#6497 = VECTOR ( 'NONE', #6978, 1000.000000000000000 ) ;
#6498 = CARTESIAN_POINT ( 'NONE',  ( 5.080000000000000071, -2.700000000000729816, 0.9199999999997310329 ) ) ;
#6499 = ORIENTED_EDGE ( 'NONE', *, *, #567, .T. ) ;
#6500 = EDGE_LOOP ( 'NONE', ( #9551, #963, #6874, #9918 ) ) ;
#6501 = DIRECTION ( 'NONE',  ( 1.000000000000000000, 2.273736754434390162E-12, -4.009823671532990071E-13 ) ) ;
#6502 = CARTESIAN_POINT ( 'NONE',  ( -3.194999999999764917, -8.272839892444299875E-16, 4.503673019291570156 ) ) ;
#6503 = AXIS2_PLACEMENT_3D ( 'NONE', #2156, #3806, #9491 ) ;
#6504 = ORIENTED_EDGE ( 'NONE', *, *, #5926, .F. ) ;
#6505 = SURFACE_SIDE_STYLE ('',( #2246 ) ) ;
#6506 = EDGE_CURVE ( 'NONE', #9384, #10389, #8603, .T. ) ;
#6507 = CARTESIAN_POINT ( 'NONE',  ( -1.785000000000329878, 3.650732037385749672E-05, 10.25999999999999979 ) ) ;
#6508 = CARTESIAN_POINT ( 'NONE',  ( -4.809999999999999609, -5.325000000000000178, 3.734999999852264718 ) ) ;
#6509 = PLANE ( 'NONE',  #10359 ) ;
#6510 = LINE ( 'NONE', #6014, #4333 ) ;
#6511 = ADVANCED_FACE ( 'NONE', ( #10517 ), #8449, .T. ) ;
#6512 = DIRECTION ( 'NONE',  ( 6.123031769111888756E-17, -1.836909530733564901E-16, 1.000000000000000000 ) ) ;
#6513 = FILL_AREA_STYLE_COLOUR ( '', #6619 ) ;
#6514 = PLANE ( 'NONE',  #2179 ) ;
#6515 = ORIENTED_EDGE ( 'NONE', *, *, #5559, .T. ) ;
#6516 = DIRECTION ( 'NONE',  ( 4.171210369925904090E-29, -1.000000000000000000, 6.812328479116998918E-13 ) ) ;
#6517 = EDGE_CURVE ( 'NONE', #1665, #2870, #7603, .T. ) ;
#6518 = CARTESIAN_POINT ( 'NONE',  ( 1.785000000000324993, 0.6865000000000239799, -4.496744093870610470 ) ) ;
#6519 =( NAMED_UNIT ( * ) SI_UNIT ( $, .STERADIAN. ) SOLID_ANGLE_UNIT ( ) );
#6520 = DIRECTION ( 'NONE',  ( -6.123031769111888756E-17, 0.0000000000000000000, -1.000000000000000000 ) ) ;
#6521 = VECTOR ( 'NONE', #2225, 1000.000000000000000 ) ;
#6522 = FILL_AREA_STYLE ('',( #4862 ) ) ;
#6523 = FILL_AREA_STYLE ('',( #8921 ) ) ;
#6524 = EDGE_CURVE ( 'NONE', #3779, #3398, #5408, .T. ) ;
#6525 = EDGE_LOOP ( 'NONE', ( #6467, #10023, #4385, #10337 ) ) ;
#6526 = VECTOR ( 'NONE', #10374, 1000.000000000000114 ) ;
#6527 = DIRECTION ( 'NONE',  ( 1.000000000000000000, 0.0000000000000000000, 6.123031769111888756E-17 ) ) ;
#6528 = LINE ( 'NONE', #5070, #4346 ) ;
#6529 = CARTESIAN_POINT ( 'NONE',  ( 0.9799999999990369748, -3.750000000000144773, 3.884999999852260189 ) ) ;
#6530 = EDGE_CURVE ( 'NONE', #2892, #5564, #3251, .T. ) ;
#6531 = STYLED_ITEM ( 'NONE', ( #8206 ), #776 ) ;
#6532 = LINE ( 'NONE', #7263, #2185 ) ;
#6533 = ORIENTED_EDGE ( 'NONE', *, *, #2993, .F. ) ;
#6534 = ADVANCED_FACE ( 'NONE', ( #9753 ), #5256, .T. ) ;
#6535 = CYLINDRICAL_SURFACE ( 'NONE', #9718, 0.1000000000000807049 ) ;
#6536 = DIRECTION ( 'NONE',  ( 0.0000000000000000000, -1.000000000000000000, 0.0000000000000000000 ) ) ;
#6537 = DIRECTION ( 'NONE',  ( -1.000000000000000000, 0.0000000000000000000, 6.123031769111888756E-17 ) ) ;
#6538 = CARTESIAN_POINT ( 'NONE',  ( 5.080000000000000071, -3.750000000000114575, 1.625000000000114797 ) ) ;
#6539 =( NAMED_UNIT ( * ) PLANE_ANGLE_UNIT ( ) SI_UNIT ( $, .RADIAN. ) );
#6540 = ORIENTED_EDGE ( 'NONE', *, *, #4796, .F. ) ;
#6541 = LINE ( 'NONE', #8013, #8686 ) ;
#6542 = STYLED_ITEM ( 'NONE', ( #7718 ), #6077 ) ;
#6543 = PLANE ( 'NONE',  #5484 ) ;
#6544 = LINE ( 'NONE', #5161, #1446 ) ;
#6545 = CARTESIAN_POINT ( 'NONE',  ( 0.2700000000000000178, -1.227030387021919910, 4.186245315462254979 ) ) ;
#6546 = EDGE_LOOP ( 'NONE', ( #2477, #727, #5836, #6686 ) ) ;
#6547 = CARTESIAN_POINT ( 'NONE',  ( 0.9800000000011589441, -3.750000000000104805, -3.734999999852260277 ) ) ;
#6548 = LINE ( 'NONE', #968, #4367 ) ;
#6549 = FILL_AREA_STYLE ('',( #3268 ) ) ;
#6550 = STYLED_ITEM ( 'NONE', ( #7790 ), #2389 ) ;
#6551 = CARTESIAN_POINT ( 'NONE',  ( 1.785000000000324993, 0.6005582141877939817, 4.463516536985700611 ) ) ;
#6552 = EDGE_CURVE ( 'NONE', #659, #6206, #2988, .T. ) ;
#6553 = DIRECTION ( 'NONE',  ( 0.0000000000000000000, -1.000000000000000000, 0.0000000000000000000 ) ) ;
#6554 = ORIENTED_EDGE ( 'NONE', *, *, #3674, .F. ) ;
#6555 =( NAMED_UNIT ( * ) SI_UNIT ( $, .STERADIAN. ) SOLID_ANGLE_UNIT ( ) );
#6556 = DIRECTION ( 'NONE',  ( 3.681132786215100208E-13, -1.000000000000000000, 1.730217700714754829E-16 ) ) ;
#6557 = CARTESIAN_POINT ( 'NONE',  ( 0.6550000000000549827, -2.180000000000000160, -2.185105896938285053 ) ) ;
#6558 = ORIENTED_EDGE ( 'NONE', *, *, #5589, .T. ) ;
#6559 = ORIENTED_EDGE ( 'NONE', *, *, #3032, .F. ) ;
#6560 = PRESENTATION_STYLE_ASSIGNMENT (( #4741 ) ) ;
#6561 = DIRECTION ( 'NONE',  ( -6.123031769111888756E-17, 0.0000000000000000000, -1.000000000000000000 ) ) ;
#6562 = ADVANCED_FACE ( 'NONE', ( #9242 ), #353, .T. ) ;
#6563 = ORIENTED_EDGE ( 'NONE', *, *, #7030, .T. ) ;
#6564 = FACE_OUTER_BOUND ( 'NONE', #10207, .T. ) ;
#6565 = EDGE_LOOP ( 'NONE', ( #4763, #6888, #2709, #10153 ) ) ;
#6566 = AXIS2_PLACEMENT_3D ( 'NONE', #1751, #7437, #2548 ) ;
#6567 = VERTEX_POINT ( 'NONE', #2840 ) ;
#6568 = EDGE_CURVE ( 'NONE', #4176, #8582, #9495, .T. ) ;
#6569 = ORIENTED_EDGE ( 'NONE', *, *, #3048, .F. ) ;
#6570 = CIRCLE ( 'NONE', #3682, 0.2748194203352921083 ) ;
#6571 = FACE_OUTER_BOUND ( 'NONE', #6565, .T. ) ;
#6572 = VECTOR ( 'NONE', #2669, 1000.000000000000000 ) ;
#6573 = ORIENTED_EDGE ( 'NONE', *, *, #3984, .T. ) ;
#6574 = CARTESIAN_POINT ( 'NONE',  ( -1.560000000000459908, -5.116929645231019563, 3.884999999852265073 ) ) ;
#6575 = VERTEX_POINT ( 'NONE', #6957 ) ;
#6576 = DIRECTION ( 'NONE',  ( 0.0000000000000000000, -1.000000000000000000, 0.0000000000000000000 ) ) ;
#6577 = MECHANICAL_DESIGN_GEOMETRIC_PRESENTATION_REPRESENTATION (  '', ( #5468 ), #7122 ) ;
#6578 = ORIENTED_EDGE ( 'NONE', *, *, #9104, .F. ) ;
#6579 = CARTESIAN_POINT ( 'NONE',  ( -0.6549999999997899724, -0.3902521710449980419, -4.288809933303045163 ) ) ;
#6580 = FACE_OUTER_BOUND ( 'NONE', #5035, .T. ) ;
#6581 = EDGE_LOOP ( 'NONE', ( #6947, #644, #2442, #7726 ) ) ;
#6582 = CARTESIAN_POINT ( 'NONE',  ( -1.885000000000000009, 4.440892098500625176E-16, -2.169999999999999929 ) ) ;
#6583 = SURFACE_SIDE_STYLE ('',( #1302 ) ) ;
#6584 = LINE ( 'NONE', #6046, #7084 ) ;
#6585 = EDGE_LOOP ( 'NONE', ( #7255, #10134, #9695, #5631 ) ) ;
#6586 = VECTOR ( 'NONE', #1578, 1000.000000000000000 ) ;
#6587 = EDGE_CURVE ( 'NONE', #3915, #4176, #7080, .T. ) ;
#6588 = DIRECTION ( 'NONE',  ( -6.123031769111888756E-17, 0.0000000000000000000, -1.000000000000000000 ) ) ;
#6589 = DIRECTION ( 'NONE',  ( -1.000000000000000000, -6.687461042448720151E-14, -1.224606353822377751E-16 ) ) ;
#6590 = CARTESIAN_POINT ( 'NONE',  ( -5.080000000000000071, 1.000000000000000000, -5.080000000000000071 ) ) ;
#6591 = ORIENTED_EDGE ( 'NONE', *, *, #1334, .F. ) ;
#6592 = EDGE_CURVE ( 'NONE', #3709, #9409, #595, .T. ) ;
#6593 = VERTEX_POINT ( 'NONE', #4522 ) ;
#6594 = PRESENTATION_STYLE_ASSIGNMENT (( #1637 ) ) ;
#6595 = EDGE_LOOP ( 'NONE', ( #6298, #6234, #9668, #8974 ) ) ;
#6596 = CARTESIAN_POINT ( 'NONE',  ( -0.2700000000000000178, -0.6165488638581649861, -3.330318181988674464 ) ) ;
#6597 = FACE_OUTER_BOUND ( 'NONE', #3925, .T. ) ;
#6598 = CARTESIAN_POINT ( 'NONE',  ( -1.255893264020311983, -7.250000000000000000, -3.809999999852264896 ) ) ;
#6599 = ORIENTED_EDGE ( 'NONE', *, *, #4132, .F. ) ;
#6600 = FILL_AREA_STYLE ('',( #6364 ) ) ;
#6601 = PLANE ( 'NONE',  #2177 ) ;
#6602 = ADVANCED_FACE ( 'NONE', ( #6830 ), #10235, .T. ) ;
#6603 = FILL_AREA_STYLE ('',( #9830 ) ) ;
#6604 = EDGE_CURVE ( 'NONE', #5443, #7093, #3884, .T. ) ;
#6605 = STYLED_ITEM ( 'NONE', ( #3868 ), #10454 ) ;
#6606 = ORIENTED_EDGE ( 'NONE', *, *, #3597, .T. ) ;
#6607 = AXIS2_PLACEMENT_3D ( 'NONE', #8035, #4352, #1602 ) ;
#6608 = VECTOR ( 'NONE', #3213, 1000.000000000000000 ) ;
#6609 = DIRECTION ( 'NONE',  ( 1.000000000000000000, -2.273736754434390162E-12, 1.224606353822375779E-16 ) ) ;
#6610 = ORIENTED_EDGE ( 'NONE', *, *, #7606, .F. ) ;
#6611 = VERTEX_POINT ( 'NONE', #7027 ) ;
#6612 = EDGE_CURVE ( 'NONE', #2746, #8022, #6061, .T. ) ;
#6613 = LINE ( 'NONE', #382, #630 ) ;
#6614 = ORIENTED_EDGE ( 'NONE', *, *, #8507, .T. ) ;
#6615 = PRESENTATION_STYLE_ASSIGNMENT (( #3489 ) ) ;
#6616 = CARTESIAN_POINT ( 'NONE',  ( 3.810000000000000053, -2.180000000000000160, -3.334999999999999964 ) ) ;
#6617 =( NAMED_UNIT ( * ) SI_UNIT ( $, .STERADIAN. ) SOLID_ANGLE_UNIT ( ) );
#6618 = CARTESIAN_POINT ( 'NONE',  ( -3.027500000001894787, 3.650731915741389777E-05, -4.357628357563680055 ) ) ;
#6619 = COLOUR_RGB ( '',0.1411764705882352922, 0.1411764705882352922, 0.1411764705882352922 ) ;
#6620 = ADVANCED_FACE ( 'NONE', ( #1739 ), #526, .T. ) ;
#6621 = ORIENTED_EDGE ( 'NONE', *, *, #3848, .T. ) ;
#6622 = CARTESIAN_POINT ( 'NONE',  ( 0.8759941854732690159, -6.009530812630630159, 3.884999999852265073 ) ) ;
#6623 = CARTESIAN_POINT ( 'NONE',  ( -4.309999999999999609, 0.6865000000000239799, 4.478670392594660044 ) ) ;
#6624 = CARTESIAN_POINT ( 'NONE',  ( 4.425000000000184563, -0.4000000000000569766, 2.185105896938275283 ) ) ;
#6625 = SURFACE_STYLE_FILL_AREA ( #3496 ) ;
#6626 = SURFACE_STYLE_USAGE ( .BOTH. , #932 ) ;
#6627 = AXIS2_PLACEMENT_3D ( 'NONE', #3238, #4061, #9765 ) ;
#6628 = PLANE ( 'NONE',  #5101 ) ;
#6629 = CARTESIAN_POINT ( 'NONE',  ( -4.425000000000165024, -1.071254713756893961, 4.063030467039109972 ) ) ;
#6630 = EDGE_LOOP ( 'NONE', ( #2494, #8922, #574, #6451, #7234 ) ) ;
#6631 = PRESENTATION_LAYER_ASSIGNMENT (  '', '', ( #5510 ) ) ;
#6632 = DIRECTION ( 'NONE',  ( -1.000000000000000000, 0.0000000000000000000, 6.123031769111888756E-17 ) ) ;
#6633 = EDGE_CURVE ( 'NONE', #3954, #2602, #7970, .T. ) ;
#6634 = LINE ( 'NONE', #9686, #6885 ) ;
#6635 = CARTESIAN_POINT ( 'NONE',  ( -0.6550000000000000266, 3.330669073875469621E-16, -1.667499999999999982 ) ) ;
#6636 = PLANE ( 'NONE',  #577 ) ;
#6637 = EDGE_LOOP ( 'NONE', ( #5026, #5415, #4411, #2953 ) ) ;
#6638 = LINE ( 'NONE', #7798, #4453 ) ;
#6639 = AXIS2_PLACEMENT_3D ( 'NONE', #5394, #3017, #8703 ) ;
#6640 = EDGE_LOOP ( 'NONE', ( #3140, #3014, #8262, #3301 ) ) ;
#6641 = VECTOR ( 'NONE', #3005, 1000.000000000000000 ) ;
#6642 = ADVANCED_FACE ( 'NONE', ( #10382 ), #555, .T. ) ;
#6643 = FILL_AREA_STYLE ('',( #3296 ) ) ;
#6644 = ORIENTED_EDGE ( 'NONE', *, *, #5983, .F. ) ;
#6645 = CARTESIAN_POINT ( 'NONE',  ( -5.080000000000000071, -2.000000000000000000, 3.110500138708840031E-16 ) ) ;
#6646 = CARTESIAN_POINT ( 'NONE',  ( -0.6549999999998930011, -0.9719250235416100336, 4.336245315462229577 ) ) ;
#6647 = DIRECTION ( 'NONE',  ( -1.000000000000000000, 0.0000000000000000000, 6.123031769111888756E-17 ) ) ;
#6648 = VECTOR ( 'NONE', #6474, 1000.000000000000000 ) ;
#6649 = CARTESIAN_POINT ( 'NONE',  ( -1.835000000000285070, 3.650732014648385516E-05, 10.25999999999999979 ) ) ;
#6650 = DIRECTION ( 'NONE',  ( 1.316960045852438359E-13, 0.9848077530122221201, 0.1736481776668505062 ) ) ;
#6651 = ORIENTED_EDGE ( 'NONE', *, *, #4369, .T. ) ;
#6652 = EDGE_CURVE ( 'NONE', #10532, #2349, #5810, .T. ) ;
#6653 = PLANE ( 'NONE',  #2809 ) ;
#6654 = VECTOR ( 'NONE', #8634, 1000.000000000000000 ) ;
#6655 = DIRECTION ( 'NONE',  ( -1.000000000000000000, 0.0000000000000000000, 6.123031769111888756E-17 ) ) ;
#6656 = SURFACE_SIDE_STYLE ('',( #8655 ) ) ;
#6657 = CARTESIAN_POINT ( 'NONE',  ( 1.076703708685609939, -6.797318496377550368, 10.25999999999999979 ) ) ;
#6658 = PLANE ( 'NONE',  #4888 ) ;
#6659 = EDGE_CURVE ( 'NONE', #3605, #993, #3640, .T. ) ;
#6660 = PLANE ( 'NONE',  #10069 ) ;
#6661 = ORIENTED_EDGE ( 'NONE', *, *, #5627, .T. ) ;
#6662 = CIRCLE ( 'NONE', #3055, 0.1000000000000804967 ) ;
#6663 = DIRECTION ( 'NONE',  ( 0.0000000000000000000, 0.0000000000000000000, -1.000000000000000000 ) ) ;
#6664 = ADVANCED_FACE ( 'NONE', ( #1485 ), #2207, .T. ) ;
#6665 = CARTESIAN_POINT ( 'NONE',  ( 1.255893264020361944, -7.250000000000000000, -3.884999999852265073 ) ) ;
#6666 = LINE ( 'NONE', #4311, #4475 ) ;
#6667 = ORIENTED_EDGE ( 'NONE', *, *, #359, .T. ) ;
#6668 = EDGE_CURVE ( 'NONE', #9892, #4876, #3399, .T. ) ;
#6669 = VECTOR ( 'NONE', #9191, 1000.000000000000114 ) ;
#6670 = AXIS2_PLACEMENT_3D ( 'NONE', #3321, #5712, #6457 ) ;
#6671 = ORIENTED_EDGE ( 'NONE', *, *, #5751, .T. ) ;
#6672 = FACE_OUTER_BOUND ( 'NONE', #7322, .T. ) ;
#6673 = COLOUR_RGB ( '',0.1411764705882352922, 0.1411764705882352922, 0.1411764705882352922 ) ;
#6674 = DIRECTION ( 'NONE',  ( 6.123031769111888756E-17, -1.836909530733564901E-16, 1.000000000000000000 ) ) ;
#6675 = CARTESIAN_POINT ( 'NONE',  ( -4.809999999999999609, -0.9719250235416100336, 4.186245315462254979 ) ) ;
#6676 = CARTESIAN_POINT ( 'NONE',  ( 1.269999999999974039, -7.150999999999920753, 3.734999999852264718 ) ) ;
#6677 = LINE ( 'NONE', #397, #187 ) ;
#6678 = EDGE_LOOP ( 'NONE', ( #1753, #6110, #6311, #6243 ) ) ;
#6679 = LINE ( 'NONE', #869, #10488 ) ;
#6680 = UNCERTAINTY_MEASURE_WITH_UNIT (LENGTH_MEASURE( 1.000000000000000082E-05 ), #6436, 'distance_accuracy_value', 'NONE');
#6681 = CARTESIAN_POINT ( 'NONE',  ( -4.424999999999945643, -2.180000000000000160, -4.335605995874404428 ) ) ;
#6682 = MECHANICAL_DESIGN_GEOMETRIC_PRESENTATION_REPRESENTATION (  '', ( #5037 ), #7233 ) ;
#6683 = ORIENTED_EDGE ( 'NONE', *, *, #2146, .T. ) ;
#6684 =( NAMED_UNIT ( * ) PLANE_ANGLE_UNIT ( ) SI_UNIT ( $, .RADIAN. ) );
#6685 = SURFACE_STYLE_FILL_AREA ( #2144 ) ;
#6686 = ORIENTED_EDGE ( 'NONE', *, *, #4853, .F. ) ;
#6687 = PLANE ( 'NONE',  #377 ) ;
#6688 = FACE_OUTER_BOUND ( 'NONE', #4164, .T. ) ;
#6689 = ORIENTED_EDGE ( 'NONE', *, *, #7013, .T. ) ;
#6691 = ORIENTED_EDGE ( 'NONE', *, *, #6240, .T. ) ;
#6690 = CARTESIAN_POINT ( 'NONE',  ( 4.424999999999999822, -0.5070092621839650260, 4.418222507946190092 ) ) ;
#6692 = AXIS2_PLACEMENT_3D ( 'NONE', #2818, #2586, #1919 ) ;
#6693 = VECTOR ( 'NONE', #7778, 1000.000000000000000 ) ;
#6694 = CARTESIAN_POINT ( 'NONE',  ( 4.445000000000000284, -3.885780586188049864E-16, 2.169999999999999929 ) ) ;
#6695 = CARTESIAN_POINT ( 'NONE',  ( -4.425000000000229861, -0.04322605824516719680, -4.500000000000000000 ) ) ;
#6696 = PRESENTATION_STYLE_ASSIGNMENT (( #10188 ) ) ;
#6697 = EDGE_CURVE ( 'NONE', #9298, #7948, #9886, .T. ) ;
#6698 = DIRECTION ( 'NONE',  ( 1.000000000000000000, 0.0000000000000000000, 6.123031769111888756E-17 ) ) ;
#6699 = VERTEX_POINT ( 'NONE', #4668 ) ;
#6700 = LINE ( 'NONE', #3950, #8841 ) ;
#6701 = ORIENTED_EDGE ( 'NONE', *, *, #6633, .T. ) ;
#6702 = CARTESIAN_POINT ( 'NONE',  ( 4.944999999999999396, -3.750000000000144773, -3.884999999852265073 ) ) ;
#6703 = LINE ( 'NONE', #2107, #466 ) ;
#6704 = VERTEX_POINT ( 'NONE', #635 ) ;
#6705 = LINE ( 'NONE', #7828, #8352 ) ;
#6706 = AXIS2_PLACEMENT_3D ( 'NONE', #5268, #6114, #1250 ) ;
#6707 = ORIENTED_EDGE ( 'NONE', *, *, #6256, .F. ) ;
#6708 = LINE ( 'NONE', #1686, #216 ) ;
#6709 = LINE ( 'NONE', #896, #2089 ) ;
#6710 = DIRECTION ( 'NONE',  ( 6.123031769111888756E-17, 3.114707882784410092E-13, 1.000000000000000000 ) ) ;
#6711 = DIRECTION ( 'NONE',  ( 6.123031769111888756E-17, 0.0000000000000000000, 1.000000000000000000 ) ) ;
#6712 = ORIENTED_EDGE ( 'NONE', *, *, #8341, .F. ) ;
#6713 = EDGE_CURVE ( 'NONE', #240, #3374, #5264, .T. ) ;
#6714 = VERTEX_POINT ( 'NONE', #10334 ) ;
#6715 = VERTEX_POINT ( 'NONE', #2252 ) ;
#6716 = PRESENTATION_STYLE_ASSIGNMENT (( #6626 ) ) ;
#6717 = ORIENTED_EDGE ( 'NONE', *, *, #8520, .T. ) ;
#6718 = CARTESIAN_POINT ( 'NONE',  ( -3.520000000000980123, -6.417755088248520146, 3.734999999852264718 ) ) ;
#6719 = FACE_OUTER_BOUND ( 'NONE', #10047, .T. ) ;
#6720 = CARTESIAN_POINT ( 'NONE',  ( 1.173407417371032047, -7.176881904510159949, -3.734999999852264718 ) ) ;
#6721 = EDGE_LOOP ( 'NONE', ( #4363, #9635, #6319, #2604 ) ) ;
#6722 = EDGE_CURVE ( 'NONE', #306, #6277, #9358, .T. ) ;
#6723 = VERTEX_POINT ( 'NONE', #3880 ) ;
#6724 = VECTOR ( 'NONE', #4579, 1000.000000000000000 ) ;
#6725 = DIRECTION ( 'NONE',  ( -6.123031769111888756E-17, 1.730217700714529757E-16, -1.000000000000000000 ) ) ;
#6726 = ADVANCED_FACE ( 'NONE', ( #974 ), #9572, .T. ) ;
#6727 = CARTESIAN_POINT ( 'NONE',  ( 5.080000000000000071, 8.272839892444299875E-16, -4.503673019291570156 ) ) ;
#6728 = CLOSED_SHELL ( 'NONE', ( #2356, #9628, #10037, #2118, #9797, #219 ) ) ;
#6729 = LINE ( 'NONE', #163, #246 ) ;
#6730 = PLANE ( 'NONE',  #1448 ) ;
#6731 = DIRECTION ( 'NONE',  ( -1.000000000000000000, 0.0000000000000000000, 6.123031769111888756E-17 ) ) ;
#6732 = VECTOR ( 'NONE', #1365, 1000.000000000000000 ) ;
#6733 = EDGE_CURVE ( 'NONE', #2116, #6101, #2849, .T. ) ;
#6734 = DIRECTION ( 'NONE',  ( 0.0000000000000000000, -1.000000000000000000, 0.0000000000000000000 ) ) ;
#6735 = CARTESIAN_POINT ( 'NONE',  ( -4.688081641155130264, -3.750000000000000000, -0.9200000000001870015 ) ) ;
#6736 = CARTESIAN_POINT ( 'NONE',  ( -3.657599999999999962, -3.399999999999379519, -0.09499999999988718857 ) ) ;
#6737 = VERTEX_POINT ( 'NONE', #2280 ) ;
#6738 = PLANE ( 'NONE',  #4479 ) ;
#6739 = LINE ( 'NONE', #5427, #8882 ) ;
#6740 = DIRECTION ( 'NONE',  ( 6.123031769111888756E-17, -1.730217700714529757E-16, -1.000000000000000000 ) ) ;
#6741 = EDGE_LOOP ( 'NONE', ( #3719, #8618, #3150, #2098 ) ) ;
#6742 = ORIENTED_EDGE ( 'NONE', *, *, #3758, .F. ) ;
#6743 = PLANE ( 'NONE',  #6000 ) ;
#6744 = EDGE_CURVE ( 'NONE', #10025, #2782, #5030, .T. ) ;
#6745 = CARTESIAN_POINT ( 'NONE',  ( -1.270000000000025997, -7.150999999999920753, 3.734999999852264718 ) ) ;
#6746 =( NAMED_UNIT ( * ) PLANE_ANGLE_UNIT ( ) SI_UNIT ( $, .RADIAN. ) );
#6747 = CARTESIAN_POINT ( 'NONE',  ( 1.885000000000234932, 3.650731991911014584E-05, -4.357628357563815058 ) ) ;
#6748 = STYLED_ITEM ( 'NONE', ( #4275 ), #664 ) ;
#6749 = ORIENTED_EDGE ( 'NONE', *, *, #1788, .T. ) ;
#6750 = CARTESIAN_POINT ( 'NONE',  ( 4.425000000000235190, 3.650731991911014584E-05, -4.503679456517060586 ) ) ;
#6751 = EDGE_CURVE ( 'NONE', #10301, #8217, #708, .T. ) ;
#6752 = VECTOR ( 'NONE', #1259, 1000.000000000000000 ) ;
#6753 = FILL_AREA_STYLE ('',( #5765 ) ) ;
#6754 = ORIENTED_EDGE ( 'NONE', *, *, #1244, .T. ) ;
#6755 =( GEOMETRIC_REPRESENTATION_CONTEXT ( 3 ) GLOBAL_UNCERTAINTY_ASSIGNED_CONTEXT ( ( #3205 ) ) GLOBAL_UNIT_ASSIGNED_CONTEXT ( ( #2447, #8156, #3282 ) ) REPRESENTATION_CONTEXT ( 'NONE', 'WORKASPACE' ) );
#6756 = ORIENTED_EDGE ( 'NONE', *, *, #2010, .F. ) ;
#6757 = SURFACE_SIDE_STYLE ('',( #1367 ) ) ;
#6758 = CARTESIAN_POINT ( 'NONE',  ( -3.310000000000000053, -2.180000000000000160, -2.185105896938285053 ) ) ;
#6759 = CARTESIAN_POINT ( 'NONE',  ( 3.415994185473270051, -6.009530812630630159, 3.734999999852264718 ) ) ;
#6760 = SURFACE_STYLE_USAGE ( .BOTH. , #1063 ) ;
#6761 =( GEOMETRIC_REPRESENTATION_CONTEXT ( 3 ) GLOBAL_UNCERTAINTY_ASSIGNED_CONTEXT ( ( #5708 ) ) GLOBAL_UNIT_ASSIGNED_CONTEXT ( ( #4952, #9556, #3625 ) ) REPRESENTATION_CONTEXT ( 'NONE', 'WORKASPACE' ) );
#6762 =( NAMED_UNIT ( * ) PLANE_ANGLE_UNIT ( ) SI_UNIT ( $, .RADIAN. ) );
#6763 = DIRECTION ( 'NONE',  ( 1.000000000000000000, -4.547473508868780324E-12, 8.017810433527169650E-13 ) ) ;
#6764 = ORIENTED_EDGE ( 'NONE', *, *, #129, .T. ) ;
#6765 = CARTESIAN_POINT ( 'NONE',  ( -3.810000000000000053, 0.6865000000000239799, 10.25999999999999979 ) ) ;
#6766 = AXIS2_PLACEMENT_3D ( 'NONE', #1514, #3944, #9654 ) ;
#6767 = DIRECTION ( 'NONE',  ( 0.0000000000000000000, -1.000000000000000000, 0.0000000000000000000 ) ) ;
#6768 = VECTOR ( 'NONE', #5213, 1000.000000000000114 ) ;
#6769 = CARTESIAN_POINT ( 'NONE',  ( -3.810000000000000053, -2.180000000000000160, -3.334999999999999964 ) ) ;
#6770 = DIRECTION ( 'NONE',  ( 0.2468892371169170985, -0.9690437062361153542, -1.827827637527605244E-16 ) ) ;
#6771 = CARTESIAN_POINT ( 'NONE',  ( 3.194999999999999840, -4.440892098500625176E-16, 2.169999999999999929 ) ) ;
#6772 = EDGE_LOOP ( 'NONE', ( #989, #5141, #6038, #4734 ) ) ;
#6773 = EDGE_CURVE ( 'NONE', #3970, #8668, #9616, .T. ) ;
#6774 = DIRECTION ( 'NONE',  ( -0.2468892371169170985, 0.9690437062361153542, 1.827827637527605244E-16 ) ) ;
#6775 = ADVANCED_FACE ( 'NONE', ( #2611 ), #8021, .T. ) ;
#6776 =( LENGTH_UNIT ( ) NAMED_UNIT ( * ) SI_UNIT ( .MILLI., .METRE. ) );
#6777 = LINE ( 'NONE', #3437, #536 ) ;
#6778 = PRESENTATION_LAYER_ASSIGNMENT (  '', '', ( #5679 ) ) ;
#6779 = ORIENTED_EDGE ( 'NONE', *, *, #2962, .F. ) ;
#6780 = EDGE_CURVE ( 'NONE', #4552, #1351, #6700, .T. ) ;
#6781 = VECTOR ( 'NONE', #1549, 1000.000000000000114 ) ;
#6782 = DIRECTION ( 'NONE',  ( -2.126506617005608948E-17, 0.9848077530122136825, 0.1736481776668984678 ) ) ;
#6783 = CARTESIAN_POINT ( 'NONE',  ( -1.785000000000329878, 3.650732037385749672E-05, 4.503679456517140522 ) ) ;
#6784 = ORIENTED_EDGE ( 'NONE', *, *, #8494, .F. ) ;
#6785 = EDGE_CURVE ( 'NONE', #8510, #10206, #4770, .T. ) ;
#6786 = LINE ( 'NONE', #10044, #4596 ) ;
#6787 = CARTESIAN_POINT ( 'NONE',  ( -1.785000000000329878, 0.6005582141877939817, -4.463516536985700611 ) ) ;
#6788 = VECTOR ( 'NONE', #3333, 1000.000000000000000 ) ;
#6789 = VERTEX_POINT ( 'NONE', #10466 ) ;
#6790 = VECTOR ( 'NONE', #8633, 1000.000000000000000 ) ;
#6791 = FACE_OUTER_BOUND ( 'NONE', #1486, .T. ) ;
#6792 = EDGE_CURVE ( 'NONE', #6575, #622, #2345, .T. ) ;
#6793 =( NAMED_UNIT ( * ) SI_UNIT ( $, .STERADIAN. ) SOLID_ANGLE_UNIT ( ) );
#6794 = DIRECTION ( 'NONE',  ( -6.123031769111888756E-17, -2.596018638148705187E-13, -1.000000000000000000 ) ) ;
#6795 =( GEOMETRIC_REPRESENTATION_CONTEXT ( 3 ) GLOBAL_UNCERTAINTY_ASSIGNED_CONTEXT ( ( #1454 ) ) GLOBAL_UNIT_ASSIGNED_CONTEXT ( ( #6388, #1529, #7212 ) ) REPRESENTATION_CONTEXT ( 'NONE', 'WORKASPACE' ) );
#6796 = ORIENTED_EDGE ( 'NONE', *, *, #10275, .T. ) ;
#6797 = VECTOR ( 'NONE', #4688, 1000.000000000000000 ) ;
#6798 = DIRECTION ( 'NONE',  ( 1.000000000000000000, 0.0000000000000000000, -6.123031769111888756E-17 ) ) ;
#6799 = CARTESIAN_POINT ( 'NONE',  ( 0.6550000000000000266, -0.6800000000000000488, 3.334999999999999964 ) ) ;
#6800 = LINE ( 'NONE', #7805, #4607 ) ;
#6801 = ORIENTED_EDGE ( 'NONE', *, *, #1070, .T. ) ;
#6802 = SURFACE_SIDE_STYLE ('',( #2580 ) ) ;
#6803 = CARTESIAN_POINT ( 'NONE',  ( -4.425000000000240519, 3.650731991911014584E-05, -10.25999999999999979 ) ) ;
#6804 = EDGE_CURVE ( 'NONE', #598, #10266, #4511, .T. ) ;
#6805 = LINE ( 'NONE', #6694, #565 ) ;
#6806 = PLANE ( 'NONE',  #7138 ) ;
#6807 = CARTESIAN_POINT ( 'NONE',  ( 1.885000000000169873, -0.9719250235416100336, -4.186245315462254979 ) ) ;
#6808 = EDGE_LOOP ( 'NONE', ( #7743, #4400, #9473, #7359 ) ) ;
#6809 = CARTESIAN_POINT ( 'NONE',  ( -1.270000000000000018, -2.180000000000000160, -3.334999999999999964 ) ) ;
#6810 = VECTOR ( 'NONE', #294, 1000.000000000000000 ) ;
#6811 = EDGE_LOOP ( 'NONE', ( #6857, #1947, #596, #1050 ) ) ;
#6812 = EDGE_LOOP ( 'NONE', ( #7945, #2244, #1281, #4374 ) ) ;
#6813 = LINE ( 'NONE', #6336, #4622 ) ;
#6814 = VECTOR ( 'NONE', #5524, 1000.000000000000000 ) ;
#6815 = MECHANICAL_DESIGN_GEOMETRIC_PRESENTATION_REPRESENTATION (  '', ( #5169 ), #7369 ) ;
#6816 = UNCERTAINTY_MEASURE_WITH_UNIT (LENGTH_MEASURE( 1.000000000000000082E-05 ), #5698, 'distance_accuracy_value', 'NONE');
#6817 = ORIENTED_EDGE ( 'NONE', *, *, #8360, .T. ) ;
#6818 = DIRECTION ( 'NONE',  ( -6.123031769111888756E-17, 1.730217700714529757E-16, 1.000000000000000000 ) ) ;
#6819 = CIRCLE ( 'NONE', #10436, 0.2749999999999206968 ) ;
#6820 = EDGE_LOOP ( 'NONE', ( #2668, #830, #9423, #7170 ) ) ;
#6821 = CARTESIAN_POINT ( 'NONE',  ( 0.6550000000000000266, -0.6800000000000000488, -3.334999999999999964 ) ) ;
#6822 = VERTEX_POINT ( 'NONE', #3979 ) ;
#6823 = ORIENTED_EDGE ( 'NONE', *, *, #2947, .T. ) ;
#6824 = VECTOR ( 'NONE', #5447, 1000.000000000000000 ) ;
#6825 = LINE ( 'NONE', #1056, #337 ) ;
#6826 = LINE ( 'NONE', #1019, #8714 ) ;
#6827 =( GEOMETRIC_REPRESENTATION_CONTEXT ( 3 ) GLOBAL_UNCERTAINTY_ASSIGNED_CONTEXT ( ( #2881 ) ) GLOBAL_UNIT_ASSIGNED_CONTEXT ( ( #2110, #7817, #2917 ) ) REPRESENTATION_CONTEXT ( 'NONE', 'WORKASPACE' ) );
#6828 = ADVANCED_FACE ( 'NONE', ( #10508 ), #9692, .T. ) ;
#6829 = FACE_OUTER_BOUND ( 'NONE', #9261, .T. ) ;
#6830 = FACE_OUTER_BOUND ( 'NONE', #5033, .T. ) ;
#6831 = EDGE_LOOP ( 'NONE', ( #8442, #4909, #6379, #5395 ) ) ;
#6832 = AXIS2_PLACEMENT_3D ( 'NONE', #9309, #6900, #2024 ) ;
#6833 = ORIENTED_EDGE ( 'NONE', *, *, #5486, .T. ) ;
#6834 = LINE ( 'NONE', #5973, #2493 ) ;
#6835 = VERTEX_POINT ( 'NONE', #4811 ) ;
#6836 = CARTESIAN_POINT ( 'NONE',  ( 4.424999999999999822, 3.330669073875469621E-16, -1.667499999999999982 ) ) ;
#6837 = DIRECTION ( 'NONE',  ( 6.123031769111888756E-17, 0.0000000000000000000, 1.000000000000000000 ) ) ;
#6838 = EDGE_CURVE ( 'NONE', #8997, #7001, #2097, .T. ) ;
#6839 = LINE ( 'NONE', #5147, #5170 ) ;
#6840 = CARTESIAN_POINT ( 'NONE',  ( 3.657599999999999962, -2.500000000000000000, 0.9200000000000000400 ) ) ;
#6841 = ORIENTED_EDGE ( 'NONE', *, *, #10476, .F. ) ;
#6842 = VECTOR ( 'NONE', #2568, 999.9999999999998863 ) ;
#6843 = CARTESIAN_POINT ( 'NONE',  ( -4.425000000000224532, -0.1618430139594435047, 2.597605896938239844 ) ) ;
#6844 = FILL_AREA_STYLE_COLOUR ( '', #3393 ) ;
#6845 = ORIENTED_EDGE ( 'NONE', *, *, #10530, .T. ) ;
#6846 = DIRECTION ( 'NONE',  ( -6.123031769111888756E-17, 1.869849304631664997E-16, -1.000000000000000000 ) ) ;
#6847 = STYLED_ITEM ( 'NONE', ( #3533 ), #8640 ) ;
#6848 = ORIENTED_EDGE ( 'NONE', *, *, #2448, .F. ) ;
#6849 = ORIENTED_EDGE ( 'NONE', *, *, #9841, .T. ) ;
#6850 =( NAMED_UNIT ( * ) SI_UNIT ( $, .STERADIAN. ) SOLID_ANGLE_UNIT ( ) );
#6851 = VECTOR ( 'NONE', #3043, 999.9999999999998863 ) ;
#6852 = VERTEX_POINT ( 'NONE', #3202 ) ;
#6853 = SURFACE_SIDE_STYLE ('',( #4143 ) ) ;
#6854 = COLOUR_RGB ( '',0.1411764705882352922, 0.1411764705882352922, 0.1411764705882352922 ) ;
#6855 = AXIS2_PLACEMENT_3D ( 'NONE', #8210, #3335, #9027 ) ;
#6856 = EDGE_CURVE ( 'NONE', #4562, #3038, #8588, .T. ) ;
#6857 = ORIENTED_EDGE ( 'NONE', *, *, #10205, .F. ) ;
#6858 = LINE ( 'NONE', #5604, #2514 ) ;
#6859 = ORIENTED_EDGE ( 'NONE', *, *, #5852, .T. ) ;
#6860 = PLANE ( 'NONE',  #2263 ) ;
#6861 = ORIENTED_EDGE ( 'NONE', *, *, #8823, .T. ) ;
#6862 = DIRECTION ( 'NONE',  ( 0.0000000000000000000, 0.0000000000000000000, -1.000000000000000000 ) ) ;
#6863 = VECTOR ( 'NONE', #6019, 1000.000000000000000 ) ;
#6864 = EDGE_CURVE ( 'NONE', #4556, #9464, #6175, .T. ) ;
#6865 = ORIENTED_EDGE ( 'NONE', *, *, #4865, .T. ) ;
#6866 = LINE ( 'NONE', #3460, #4683 ) ;
#6867 = EDGE_CURVE ( 'NONE', #3897, #4496, #8088, .T. ) ;
#6868 = DIRECTION ( 'NONE',  ( 0.0000000000000000000, -1.000000000000000000, 0.0000000000000000000 ) ) ;
#6869 = DIRECTION ( 'NONE',  ( -1.063253308501543991E-17, 0.9848077530122499867, 0.1736481776666925214 ) ) ;
#6870 = VECTOR ( 'NONE', #1605, 1000.000000000000000 ) ;
#6871 = PLANE ( 'NONE',  #5689 ) ;
#6872 = CARTESIAN_POINT ( 'NONE',  ( -0.2700000000000000178, -0.9719250235416100336, -4.186245315462254979 ) ) ;
#6873 = CARTESIAN_POINT ( 'NONE',  ( 0.2700000000000000178, -1.099477705281763917, 4.186245315462254979 ) ) ;
#6874 = ORIENTED_EDGE ( 'NONE', *, *, #7836, .T. ) ;
#6875 = CARTESIAN_POINT ( 'NONE',  ( 1.270000000000000018, -2.180000000000000160, -3.334999999999999964 ) ) ;
#6876 = EDGE_CURVE ( 'NONE', #1219, #4608, #8346, .T. ) ;
#6877 = CARTESIAN_POINT ( 'NONE',  ( -3.194999999999999840, -0.6800000000000000488, 4.500000000000000000 ) ) ;
#6878 = UNCERTAINTY_MEASURE_WITH_UNIT (LENGTH_MEASURE( 1.000000000000000082E-05 ), #1661, 'distance_accuracy_value', 'NONE');
#6879 = PLANE ( 'NONE',  #10243 ) ;
#6880 = AXIS2_PLACEMENT_3D ( 'NONE', #6809, #3602, #3549 ) ;
#6881 = ADVANCED_FACE ( 'NONE', ( #5666 ), #8131, .T. ) ;
#6882 = DIRECTION ( 'NONE',  ( 1.224606353822375779E-16, 0.0000000000000000000, -1.000000000000000000 ) ) ;
#6883 = ORIENTED_EDGE ( 'NONE', *, *, #9239, .T. ) ;
#6884 = CARTESIAN_POINT ( 'NONE',  ( -1.835000000000279963, 3.650732003279700389E-05, -10.25999999999999979 ) ) ;
#6885 = VECTOR ( 'NONE', #2383, 1000.000000000000000 ) ;
#6886 = MECHANICAL_DESIGN_GEOMETRIC_PRESENTATION_REPRESENTATION (  '', ( #5226 ), #7432 ) ;
#6887 = CARTESIAN_POINT ( 'NONE',  ( 2.270000000000000018, -5.325000000000000178, -3.734999999852264718 ) ) ;
#6888 = ORIENTED_EDGE ( 'NONE', *, *, #2491, .T. ) ;
#6889 = EDGE_CURVE ( 'NONE', #10119, #8071, #1603, .T. ) ;
#6890 = VECTOR ( 'NONE', #2485, 1000.000000000000000 ) ;
#6891 = ORIENTED_EDGE ( 'NONE', *, *, #3478, .F. ) ;
#6892 = LINE ( 'NONE', #10214, #2292 ) ;
#6893 = ORIENTED_EDGE ( 'NONE', *, *, #9791, .T. ) ;
#6894 = DIRECTION ( 'NONE',  ( -5.202631688678575633E-17, -0.5272949808244126180, 0.8496822954477645240 ) ) ;
#6895 = DIRECTION ( 'NONE',  ( -3.240339941653820604E-20, 0.9999998599709450930, -0.0005292051493183439707 ) ) ;
#6896 =( NAMED_UNIT ( * ) SI_UNIT ( $, .STERADIAN. ) SOLID_ANGLE_UNIT ( ) );
#6897 = AXIS2_PLACEMENT_3D ( 'NONE', #8272, #5007, #154 ) ;
#6898 = CARTESIAN_POINT ( 'NONE',  ( 5.080000000000000071, -3.750000000000000000, -0.9200000000001870015 ) ) ;
#6899 = CARTESIAN_POINT ( 'NONE',  ( -4.809999999999999609, -0.4000000000000569766, 2.460105896938215242 ) ) ;
#6900 = DIRECTION ( 'NONE',  ( -0.9690437062361154652, -0.2468892371169171263, 0.0000000000000000000 ) ) ;
#6901 = VECTOR ( 'NONE', #7284, 1000.000000000000000 ) ;
#6902 = MECHANICAL_DESIGN_GEOMETRIC_PRESENTATION_REPRESENTATION (  '', ( #5240 ), #7453 ) ;
#6903 = EDGE_CURVE ( 'NONE', #5963, #5825, #3515, .T. ) ;
#6904 = CARTESIAN_POINT ( 'NONE',  ( -3.194999999999764917, 3.650731991911014584E-05, -4.503679456517060586 ) ) ;
#6905 = DIRECTION ( 'NONE',  ( 0.0000000000000000000, 0.0000000000000000000, 1.000000000000000000 ) ) ;
#6906 = VECTOR ( 'NONE', #6926, 999.9999999999998863 ) ;
#6907 = CARTESIAN_POINT ( 'NONE',  ( -3.194999999999999840, -1.364496228814613854, -4.336037564729834592 ) ) ;
#6908 = DIRECTION ( 'NONE',  ( 0.2468892371171420574, 0.9690437062360581777, 0.0000000000000000000 ) ) ;
#6909 = STYLED_ITEM ( 'NONE', ( #9229 ), #9628 ) ;
#6910 = CARTESIAN_POINT ( 'NONE',  ( -4.099999999998920508, -4.908859290464120839, -10.25999999999999979 ) ) ;
#6911 = ORIENTED_EDGE ( 'NONE', *, *, #5316, .T. ) ;
#6912 = ORIENTED_EDGE ( 'NONE', *, *, #2064, .T. ) ;
#6913 = DIRECTION ( 'NONE',  ( -1.000000000000000000, 0.0000000000000000000, 6.123031769111888756E-17 ) ) ;
#6914 = SURFACE_STYLE_USAGE ( .BOTH. , #6032 ) ;
#6915 = CIRCLE ( 'NONE', #3934, 0.1000000000000807049 ) ;
#6916 = ORIENTED_EDGE ( 'NONE', *, *, #5720, .T. ) ;
#6917 = EDGE_CURVE ( 'NONE', #707, #6051, #1347, .T. ) ;
#6918 = ADVANCED_FACE ( 'NONE', ( #1095 ), #3288, .T. ) ;
#6919 = ORIENTED_EDGE ( 'NONE', *, *, #2418, .F. ) ;
#6920 = LINE ( 'NONE', #8227, #5249 ) ;
#6921 = FACE_OUTER_BOUND ( 'NONE', #5254, .T. ) ;
#6922 = VECTOR ( 'NONE', #2784, 1000.000000000000000 ) ;
#6923 = VERTEX_POINT ( 'NONE', #8158 ) ;
#6924 = EDGE_CURVE ( 'NONE', #7997, #1170, #5935, .T. ) ;
#6925 = SURFACE_STYLE_USAGE ( .BOTH. , #1249 ) ;
#6926 = DIRECTION ( 'NONE',  ( -1.063253308502823887E-17, 0.9848077530122131273, -0.1736481776669020483 ) ) ;
#6927 = STYLED_ITEM ( 'NONE', ( #8946 ), #9327 ) ;
#6928 = CARTESIAN_POINT ( 'NONE',  ( 3.795893264020310021, -7.250000000000000000, 3.809999999852264896 ) ) ;
#6929 = DIRECTION ( 'NONE',  ( -6.123031769111888756E-17, 0.0000000000000000000, -1.000000000000000000 ) ) ;
#6930 = CARTESIAN_POINT ( 'NONE',  ( 1.559999999999020170, -6.417755088248520146, 10.25999999999999979 ) ) ;
#6931 = CARTESIAN_POINT ( 'NONE',  ( 0.9800000000009809753, -6.417755088248520146, -3.884999999852265073 ) ) ;
#6932 = ORIENTED_EDGE ( 'NONE', *, *, #4213, .F. ) ;
#6933 = VECTOR ( 'NONE', #8571, 1000.000000000000114 ) ;
#6934 = EDGE_LOOP ( 'NONE', ( #6817, #4561, #4818, #9484 ) ) ;
#6935 = CARTESIAN_POINT ( 'NONE',  ( -1.603051519122189905, -6.248777273997109916, -3.884999999852265073 ) ) ;
#6936 = CARTESIAN_POINT ( 'NONE',  ( 1.885000000000000009, -0.6800000000000000488, -3.334999999999999964 ) ) ;
#6937 = EDGE_CURVE ( 'NONE', #5167, #2138, #7590, .T. ) ;
#6938 = VECTOR ( 'NONE', #3926, 1000.000000000000000 ) ;
#6939 = ORIENTED_EDGE ( 'NONE', *, *, #4277, .F. ) ;
#6940 = DIRECTION ( 'NONE',  ( -1.000000000000000000, 0.0000000000000000000, 6.123031769111888756E-17 ) ) ;
#6941 = ORIENTED_EDGE ( 'NONE', *, *, #1064, .T. ) ;
#6942 = VECTOR ( 'NONE', #5330, 1000.000000000000000 ) ;
#6943 = PLANE ( 'NONE',  #1462 ) ;
#6944 = PLANE ( 'NONE',  #3283 ) ;
#6945 = DIRECTION ( 'NONE',  ( 0.2468892371171420574, 0.9690437062360581777, 0.0000000000000000000 ) ) ;
#6946 = MECHANICAL_DESIGN_GEOMETRIC_PRESENTATION_REPRESENTATION (  '', ( #5862 ), #7510 ) ;
#6947 = ORIENTED_EDGE ( 'NONE', *, *, #7185, .F. ) ;
#6948 = VECTOR ( 'NONE', #4728, 1000.000000000000114 ) ;
#6949 = ORIENTED_EDGE ( 'NONE', *, *, #10208, .T. ) ;
#6950 = VERTEX_POINT ( 'NONE', #1692 ) ;
#6951 = CYLINDRICAL_SURFACE ( 'NONE', #7320, 0.2749999999999206968 ) ;
#6952 = CARTESIAN_POINT ( 'NONE',  ( 0.2700000000000000178, -0.1539928746702824980, 4.480468821697074944 ) ) ;
#6953 = ORIENTED_EDGE ( 'NONE', *, *, #9871, .F. ) ;
#6954 = VECTOR ( 'NONE', #6763, 1000.000000000000000 ) ;
#6955 = CARTESIAN_POINT ( 'NONE',  ( -1.885000000000000009, -2.180000000000000160, 3.334999999999999964 ) ) ;
#6956 = FACE_OUTER_BOUND ( 'NONE', #99, .T. ) ;
#6957 = CARTESIAN_POINT ( 'NONE',  ( -4.424999999999999822, -4.440892098500625176E-16, 2.169999999999999929 ) ) ;
#6958 = ORIENTED_EDGE ( 'NONE', *, *, #5047, .F. ) ;
#6959 = ORIENTED_EDGE ( 'NONE', *, *, #8411, .T. ) ;
#6960 = EDGE_LOOP ( 'NONE', ( #5549, #2259, #9343, #10424 ) ) ;
#6961 = VECTOR ( 'NONE', #6655, 1000.000000000000000 ) ;
#6962 = AXIS2_PLACEMENT_3D ( 'NONE', #2099, #7809, #2912 ) ;
#6963 = ORIENTED_EDGE ( 'NONE', *, *, #9854, .T. ) ;
#6964 = FACE_OUTER_BOUND ( 'NONE', #2186, .T. ) ;
#6965 = AXIS2_PLACEMENT_3D ( 'NONE', #2671, #8373, #3504 ) ;
#6966 = CARTESIAN_POINT ( 'NONE',  ( -1.885000000000234932, -8.272839892444299875E-16, 4.503673019291570156 ) ) ;
#6967 = DIRECTION ( 'NONE',  ( -1.000000000000000000, 0.0000000000000000000, 6.123031769111888756E-17 ) ) ;
#6968 = DIRECTION ( 'NONE',  ( 0.0000000000000000000, 1.000000000000000000, 0.0000000000000000000 ) ) ;
#6969 = COLOUR_RGB ( '',0.1411764705882352922, 0.1411764705882352922, 0.1411764705882352922 ) ;
#6970 = VERTEX_POINT ( 'NONE', #881 ) ;
#6971 = EDGE_CURVE ( 'NONE', #5412, #1826, #841, .T. ) ;
#6972 = DIRECTION ( 'NONE',  ( 0.0000000000000000000, 0.0000000000000000000, 1.000000000000000000 ) ) ;
#6973 = CARTESIAN_POINT ( 'NONE',  ( 5.080000000000000071, -2.700000000000500222, 0.7299999999997899280 ) ) ;
#6974 = ORIENTED_EDGE ( 'NONE', *, *, #5188, .F. ) ;
#6975 = CARTESIAN_POINT ( 'NONE',  ( -1.885000000000234932, 3.650731991911014584E-05, 10.25999999999999979 ) ) ;
#6976 = CARTESIAN_POINT ( 'NONE',  ( 3.194999999999764917, 3.650731991911014584E-05, -4.503679456517060586 ) ) ;
#6977 = VECTOR ( 'NONE', #116, 1000.000000000000000 ) ;
#6978 = DIRECTION ( 'NONE',  ( 1.224606353822375779E-16, 0.0000000000000000000, -1.000000000000000000 ) ) ;
#6979 = EDGE_LOOP ( 'NONE', ( #1134, #4417, #6883, #7474 ) ) ;
#6980 = LINE ( 'NONE', #4194, #1635 ) ;
#6981 = CARTESIAN_POINT ( 'NONE',  ( -1.770000000000000018, 0.6865000000000239799, 4.478670392594660044 ) ) ;
#6982 = MECHANICAL_DESIGN_GEOMETRIC_PRESENTATION_REPRESENTATION (  '', ( #5327 ), #7533 ) ;
#6983 = FILL_AREA_STYLE_COLOUR ( '', #10365 ) ;
#6984 = ADVANCED_FACE ( 'NONE', ( #9480 ), #3322, .T. ) ;
#6985 = ORIENTED_EDGE ( 'NONE', *, *, #8220, .F. ) ;
#6986 = PLANE ( 'NONE',  #4915 ) ;
#6987 = LINE ( 'NONE', #7830, #2891 ) ;
#6988 = CARTESIAN_POINT ( 'NONE',  ( -3.194999999999924789, -1.227030387021919910, 4.186245315462254979 ) ) ;
#6989 = ORIENTED_EDGE ( 'NONE', *, *, #9965, .T. ) ;
#6990 = VERTEX_POINT ( 'NONE', #2536 ) ;
#6991 = CARTESIAN_POINT ( 'NONE',  ( -0.2700000000000000178, -0.9719250235416100336, -4.336245315462229577 ) ) ;
#6992 = EDGE_CURVE ( 'NONE', #2214, #7097, #7070, .T. ) ;
#6993 = ORIENTED_EDGE ( 'NONE', *, *, #4592, .T. ) ;
#6994 = CARTESIAN_POINT ( 'NONE',  ( 1.173407417371200134, -7.176881904510220345, 10.25999999999999979 ) ) ;
#6995 = CARTESIAN_POINT ( 'NONE',  ( 0.6549999999998240563, -0.8897388526408829268, 4.186245315462254979 ) ) ;
#6996 = SURFACE_STYLE_USAGE ( .BOTH. , #1305 ) ;
#6997 = ADVANCED_FACE ( 'NONE', ( #4892 ), #4179, .T. ) ;
#6998 = EDGE_CURVE ( 'NONE', #5903, #6329, #8970, .T. ) ;
#6999 = LINE ( 'NONE', #3670, #7254 ) ;
#7000 =( GEOMETRIC_REPRESENTATION_CONTEXT ( 3 ) GLOBAL_UNCERTAINTY_ASSIGNED_CONTEXT ( ( #3348 ) ) GLOBAL_UNIT_ASSIGNED_CONTEXT ( ( #2045, #7764, #2853 ) ) REPRESENTATION_CONTEXT ( 'NONE', 'WORKASPACE' ) );
#7001 = VERTEX_POINT ( 'NONE', #5819 ) ;
#7002 = ORIENTED_EDGE ( 'NONE', *, *, #2889, .T. ) ;
#7003 = EDGE_CURVE ( 'NONE', #7892, #1923, #2976, .T. ) ;
#7004 = DIRECTION ( 'NONE',  ( 0.0000000000000000000, 0.0000000000000000000, -1.000000000000000000 ) ) ;
#7005 = CARTESIAN_POINT ( 'NONE',  ( -3.194999999999794671, -0.4877706291219079948, -4.271614798027000504 ) ) ;
#7006 = UNCERTAINTY_MEASURE_WITH_UNIT (LENGTH_MEASURE( 1.000000000000000082E-05 ), #2338, 'distance_accuracy_value', 'NONE');
#7007 = DIRECTION ( 'NONE',  ( 3.342835721018934545E-31, 1.000000000000000000, -5.459445332101871020E-15 ) ) ;
#7008 = CARTESIAN_POINT ( 'NONE',  ( 1.885000000000124798, -1.699963492679900101, -10.25999999999999979 ) ) ;
#7009 = CARTESIAN_POINT ( 'NONE',  ( 4.100000000000960654, -3.750000000001014744, -7.232499999999600249 ) ) ;
#7010 = PRESENTATION_STYLE_ASSIGNMENT (( #7414 ) ) ;
#7011 = PLANE ( 'NONE',  #10092 ) ;
#7012 = ORIENTED_EDGE ( 'NONE', *, *, #4675, .F. ) ;
#7013 = EDGE_CURVE ( 'NONE', #7248, #5883, #6819, .T. ) ;
#7014 = DIRECTION ( 'NONE',  ( -1.000000000000000000, 4.547473508868780324E-12, 0.0000000000000000000 ) ) ;
#7015 = FILL_AREA_STYLE ('',( #10256 ) ) ;
#7016 = CARTESIAN_POINT ( 'NONE',  ( 3.795893264020310021, -7.250000000000000000, 3.734999999852264718 ) ) ;
#7017 =( GEOMETRIC_REPRESENTATION_CONTEXT ( 3 ) GLOBAL_UNCERTAINTY_ASSIGNED_CONTEXT ( ( #7925 ) ) GLOBAL_UNIT_ASSIGNED_CONTEXT ( ( #8825, #6386, #561 ) ) REPRESENTATION_CONTEXT ( 'NONE', 'WORKASPACE' ) );
#7018 = LINE ( 'NONE', #9028, #2679 ) ;
#7019 = CARTESIAN_POINT ( 'NONE',  ( -5.080000000000000071, 1.000000000000000000, -4.680000000000180904 ) ) ;
#7020 = DIRECTION ( 'NONE',  ( 1.000000000000000000, 0.0000000000000000000, 0.0000000000000000000 ) ) ;
#7021 = DIRECTION ( 'NONE',  ( 1.000000000000000000, 0.0000000000000000000, 6.123031769111888756E-17 ) ) ;
#7022 = ORIENTED_EDGE ( 'NONE', *, *, #6361, .F. ) ;
#7023 = CARTESIAN_POINT ( 'NONE',  ( 2.810000000000000053, -1.762499999999999956, 2.185105896938285053 ) ) ;
#7024 = MECHANICAL_DESIGN_GEOMETRIC_PRESENTATION_REPRESENTATION (  '', ( #5366 ), #7570 ) ;
#7025 = DIRECTION ( 'NONE',  ( -6.123031769111888756E-17, 1.836909530733564901E-16, -1.000000000000000000 ) ) ;
#7026 = CARTESIAN_POINT ( 'NONE',  ( 1.603051519122189905, -6.248777273997109916, 3.734999999852260277 ) ) ;
#7027 = CARTESIAN_POINT ( 'NONE',  ( 4.425000000000235190, 3.650731991911014584E-05, -4.357628357563815058 ) ) ;
#7028 = AXIS2_PLACEMENT_3D ( 'NONE', #6657, #7492, #2587 ) ;
#7029 = ORIENTED_EDGE ( 'NONE', *, *, #3077, .F. ) ;
#7030 = EDGE_CURVE ( 'NONE', #3381, #240, #4627, .T. ) ;
#7031 = LINE ( 'NONE', #4996, #4850 ) ;
#7032 = CARTESIAN_POINT ( 'NONE',  ( 3.294999999999674856, 0.1836702602581204991, 7.348433255235988781 ) ) ;
#7033 = PLANE ( 'NONE',  #263 ) ;
#7034 = DIRECTION ( 'NONE',  ( 1.000000000000000000, 0.0000000000000000000, 0.0000000000000000000 ) ) ;
#7035 = CARTESIAN_POINT ( 'NONE',  ( 5.080000000000000071, 1.000000000000000000, 5.079999999999810001 ) ) ;
#7036 = AXIS2_PLACEMENT_3D ( 'NONE', #6389, #2317, #8031 ) ;
#7037 = CARTESIAN_POINT ( 'NONE',  ( 3.294999999999674856, 0.6865000000000239799, 4.496744093870610470 ) ) ;
#7038 = VECTOR ( 'NONE', #5985, 1000.000000000000000 ) ;
#7039 = LINE ( 'NONE', #7399, #6788 ) ;
#7040 = EDGE_LOOP ( 'NONE', ( #10278, #2620, #4883, #1241, #8503, #2839, #6098, #3616, #6324, #5595 ) ) ;
#7041 = PRESENTATION_LAYER_ASSIGNMENT (  '', '', ( #5967 ) ) ;
#7042 = LINE ( 'NONE', #2080, #2702 ) ;
#7043 = ADVANCED_FACE ( 'NONE', ( #6564 ), #1798, .T. ) ;
#7044 = LINE ( 'NONE', #60, #303 ) ;
#7045 = DIRECTION ( 'NONE',  ( 1.000000000000000000, -6.687461042448720151E-14, 0.0000000000000000000 ) ) ;
#7046 = EDGE_CURVE ( 'NONE', #7535, #8621, #5793, .T. ) ;
#7047 = CARTESIAN_POINT ( 'NONE',  ( 1.785000000000324993, 0.1836702602581204991, -7.348433255235988781 ) ) ;
#7048 = DIRECTION ( 'NONE',  ( 6.123031769111888756E-17, -2.282618538634509901E-13, 1.000000000000000000 ) ) ;
#7049 = ORIENTED_EDGE ( 'NONE', *, *, #5201, .F. ) ;
#7050 = FILL_AREA_STYLE_COLOUR ( '', #4253 ) ;
#7051 = VECTOR ( 'NONE', #7937, 1000.000000000000000 ) ;
#7052 = FILL_AREA_STYLE ('',( #6233 ) ) ;
#7053 = VECTOR ( 'NONE', #2048, 1000.000000000000000 ) ;
#7054 = ORIENTED_EDGE ( 'NONE', *, *, #9304, .T. ) ;
#7055 = CARTESIAN_POINT ( 'NONE',  ( -1.885000000000184972, -0.3902521710451150594, -4.288809933303020294 ) ) ;
#7056 = DIRECTION ( 'NONE',  ( -3.228643919281117811E-17, 0.8496822954477646350, -0.5272949808244127290 ) ) ;
#7057 = EDGE_CURVE ( 'NONE', #6417, #35, #1729, .T. ) ;
#7058 = ORIENTED_EDGE ( 'NONE', *, *, #981, .F. ) ;
#7059 = FACE_OUTER_BOUND ( 'NONE', #6216, .T. ) ;
#7060 = SURFACE_STYLE_FILL_AREA ( #3574 ) ;
#7061 = CARTESIAN_POINT ( 'NONE',  ( -0.2700000000000000178, -5.325000000000000178, -3.734999999852264718 ) ) ;
#7062 = ORIENTED_EDGE ( 'NONE', *, *, #2153, .T. ) ;
#7063 = CARTESIAN_POINT ( 'NONE',  ( 1.135000000000000009, -3.750000000000144773, -3.884999999852265073 ) ) ;
#7064 = VECTOR ( 'NONE', #6905, 1000.000000000000000 ) ;
#7065 = ORIENTED_EDGE ( 'NONE', *, *, #1215, .F. ) ;
#7066 = EDGE_CURVE ( 'NONE', #3977, #5085, #3628, .T. ) ;
#7067 = FACE_OUTER_BOUND ( 'NONE', #4691, .T. ) ;
#7068 = FACE_OUTER_BOUND ( 'NONE', #2351, .T. ) ;
#7069 = VERTEX_POINT ( 'NONE', #9975 ) ;
#7070 = LINE ( 'NONE', #7418, #2728 ) ;
#7071 = ORIENTED_EDGE ( 'NONE', *, *, #6889, .T. ) ;
#7072 = EDGE_CURVE ( 'NONE', #3146, #1721, #9879, .T. ) ;
#7073 = ORIENTED_EDGE ( 'NONE', *, *, #4722, .F. ) ;
#7074 =( NAMED_UNIT ( * ) PLANE_ANGLE_UNIT ( ) SI_UNIT ( $, .RADIAN. ) );
#7075 = EDGE_LOOP ( 'NONE', ( #6912, #695, #1508, #2537 ) ) ;
#7076 = VECTOR ( 'NONE', #548, 1000.000000000000000 ) ;
#7077 = VECTOR ( 'NONE', #5966, 1000.000000000000000 ) ;
#7078 = DIRECTION ( 'NONE',  ( 6.123031769111888756E-17, 0.0000000000000000000, 1.000000000000000000 ) ) ;
#7079 = AXIS2_PLACEMENT_3D ( 'NONE', #9314, #1369, #539 ) ;
#7080 = CIRCLE ( 'NONE', #4082, 0.2748194203352921083 ) ;
#7081 = ORIENTED_EDGE ( 'NONE', *, *, #8028, .T. ) ;
#7082 = EDGE_LOOP ( 'NONE', ( #6485, #3751, #236, #5729 ) ) ;
#7083 = VERTEX_POINT ( 'NONE', #2803 ) ;
#7084 = VECTOR ( 'NONE', #4399, 1000.000000000000000 ) ;
#7085 = VERTEX_POINT ( 'NONE', #7704 ) ;
#7086 = DIRECTION ( 'NONE',  ( 1.063253308502823887E-17, -0.9848077530122131273, 0.1736481776669020483 ) ) ;
#7087 = CIRCLE ( 'NONE', #194, 0.1000000000000804967 ) ;
#7088 = CARTESIAN_POINT ( 'NONE',  ( 1.785000000000324993, 0.6865000000000239799, -4.478670392594660044 ) ) ;
#7089 = AXIS2_PLACEMENT_3D ( 'NONE', #5993, #5154, #1079 ) ;
#7090 = FACE_OUTER_BOUND ( 'NONE', #7876, .T. ) ;
#7091 = CARTESIAN_POINT ( 'NONE',  ( 3.294999999999674856, 0.6646145760520409951, 4.620862500821609764 ) ) ;
#7092 = FACE_OUTER_BOUND ( 'NONE', #6463, .T. ) ;
#7093 = VERTEX_POINT ( 'NONE', #8513 ) ;
#7094 = AXIS2_PLACEMENT_3D ( 'NONE', #5725, #6146, #5148 ) ;
#7095 = DIRECTION ( 'NONE',  ( 0.0000000000000000000, 3.113828639378368734E-13, 1.000000000000000000 ) ) ;
#7096 = VERTEX_POINT ( 'NONE', #1188 ) ;
#7097 = VERTEX_POINT ( 'NONE', #3642 ) ;
#7098 = EDGE_CURVE ( 'NONE', #6950, #8992, #9601, .T. ) ;
#7099 = LINE ( 'NONE', #4656, #4928 ) ;
#7100 = ORIENTED_EDGE ( 'NONE', *, *, #6524, .T. ) ;
#7101 = CARTESIAN_POINT ( 'NONE',  ( 3.194999999999999840, -2.180000000000000160, 4.500000000000000000 ) ) ;
#7102 = FACE_OUTER_BOUND ( 'NONE', #9950, .T. ) ;
#7103 = DIRECTION ( 'NONE',  ( 1.000000000000000000, 0.0000000000000000000, 6.123031769111888756E-17 ) ) ;
#7104 = ADVANCED_FACE ( 'NONE', ( #5253 ), #6102, .T. ) ;
#7105 =( LENGTH_UNIT ( ) NAMED_UNIT ( * ) SI_UNIT ( .MILLI., .METRE. ) );
#7106 = VECTOR ( 'NONE', #8844, 1000.000000000000114 ) ;
#7107 = PLANE ( 'NONE',  #10215 ) ;
#7108 = ORIENTED_EDGE ( 'NONE', *, *, #7900, .F. ) ;
#7109 = CYLINDRICAL_SURFACE ( 'NONE', #1928, 0.1000000000000804967 ) ;
#7110 = ORIENTED_EDGE ( 'NONE', *, *, #1768, .T. ) ;
#7111 = EDGE_LOOP ( 'NONE', ( #10233, #9246, #9188, #2465 ) ) ;
#7112 = STYLED_ITEM ( 'NONE', ( #4023 ), #3980 ) ;
#7113 = DIRECTION ( 'NONE',  ( -1.000000000000000000, -3.681132786215100208E-13, -1.224606353822377751E-16 ) ) ;
#7114 = EDGE_CURVE ( 'NONE', #3159, #7348, #7959, .T. ) ;
#7115 = LINE ( 'NONE', #4370, #6863 ) ;
#7116 = CARTESIAN_POINT ( 'NONE',  ( -4.809999999999999609, -0.6165488638581649861, 3.330318181988674464 ) ) ;
#7117 = FILL_AREA_STYLE ('',( #6284 ) ) ;
#7118 = VERTEX_POINT ( 'NONE', #2834 ) ;
#7119 = LINE ( 'NONE', #6690, #634 ) ;
#7120 = APPLICATION_PROTOCOL_DEFINITION ( 'draft international standard', 'automotive_design', 1998, #1428 ) ;
#7121 = CARTESIAN_POINT ( 'NONE',  ( -3.194999999999825313, -0.8897388526408829268, -4.186245315462254979 ) ) ;
#7122 =( GEOMETRIC_REPRESENTATION_CONTEXT ( 3 ) GLOBAL_UNCERTAINTY_ASSIGNED_CONTEXT ( ( #4439 ) ) GLOBAL_UNIT_ASSIGNED_CONTEXT ( ( #7671, #2776, #8474 ) ) REPRESENTATION_CONTEXT ( 'NONE', 'WORKASPACE' ) );
#7123 = CARTESIAN_POINT ( 'NONE',  ( -4.003296291314389244, -6.797318496377550368, 10.25999999999999979 ) ) ;
#7124 = CARTESIAN_POINT ( 'NONE',  ( 1.284106735979687830, -7.250000000000000000, -3.809999999852264896 ) ) ;
#7125 = CARTESIAN_POINT ( 'NONE',  ( -3.795893264020365088, -7.250000000000000000, 3.734999999852264718 ) ) ;
#7126 = EDGE_CURVE ( 'NONE', #753, #8867, #7451, .T. ) ;
#7127 = ORIENTED_EDGE ( 'NONE', *, *, #4117, .F. ) ;
#7128 = CARTESIAN_POINT ( 'NONE',  ( 1.135000000000000009, -3.750000000000104805, -3.734999999852264718 ) ) ;
#7129 = PLANE ( 'NONE',  #5294 ) ;
#7130 = EDGE_CURVE ( 'NONE', #6009, #5669, #3380, .T. ) ;
#7131 = UNCERTAINTY_MEASURE_WITH_UNIT (LENGTH_MEASURE( 1.000000000000000082E-05 ), #5984, 'distance_accuracy_value', 'NONE');
#7132 = SURFACE_SIDE_STYLE ('',( #9483 ) ) ;
#7133 = ORIENTED_EDGE ( 'NONE', *, *, #9064, .F. ) ;
#7134 = CARTESIAN_POINT ( 'NONE',  ( -2.052499999998104840, 3.650731915741389777E-05, 4.357628357563680055 ) ) ;
#7135 = CARTESIAN_POINT ( 'NONE',  ( 4.424999999999999822, -0.6800000000000000488, -2.169999999999999929 ) ) ;
#7136 = EDGE_CURVE ( 'NONE', #3146, #2639, #5021, .T. ) ;
#7137 = UNCERTAINTY_MEASURE_WITH_UNIT (LENGTH_MEASURE( 1.000000000000000082E-05 ), #4590, 'distance_accuracy_value', 'NONE');
#7138 = AXIS2_PLACEMENT_3D ( 'NONE', #10105, #6055, #1178 ) ;
#7139 = LINE ( 'NONE', #88, #7403 ) ;
#7140 = EDGE_CURVE ( 'NONE', #1643, #10301, #2838, .T. ) ;
#7141 = EDGE_LOOP ( 'NONE', ( #5644, #4077, #3631, #2025, #4174, #9600, #8036, #5031 ) ) ;
#7142 = DIRECTION ( 'NONE',  ( 1.000000000000000000, 2.273736754434390162E-12, -4.009823671532990071E-13 ) ) ;
#7143 =( NAMED_UNIT ( * ) PLANE_ANGLE_UNIT ( ) SI_UNIT ( $, .RADIAN. ) );
#7144 = DIRECTION ( 'NONE',  ( 1.000000000000000000, 6.673570731747099829E-14, 1.224606353822377751E-16 ) ) ;
#7145 = DIRECTION ( 'NONE',  ( -1.000000000000000000, 0.0000000000000000000, 6.123031769111888756E-17 ) ) ;
#7146 = FACE_OUTER_BOUND ( 'NONE', #2267, .T. ) ;
#7147 = ADVANCED_FACE ( 'NONE', ( #2599 ), #2878, .T. ) ;
#7148 = DIRECTION ( 'NONE',  ( -1.000000000000000000, 0.0000000000000000000, 6.123031769111888756E-17 ) ) ;
#7149 = ORIENTED_EDGE ( 'NONE', *, *, #5824, .F. ) ;
#7150 = AXIS2_PLACEMENT_3D ( 'NONE', #6105, #5974, #8168 ) ;
#7151 = DIRECTION ( 'NONE',  ( -3.342835721018934545E-31, -1.000000000000000000, -5.459445332101871020E-15 ) ) ;
#7152 = CARTESIAN_POINT ( 'NONE',  ( 3.194999999999815099, -0.3902521710451150594, -4.288809933303020294 ) ) ;
#7153 = CARTESIAN_POINT ( 'NONE',  ( -2.810000000000000053, -1.071254713756893961, -4.063030467039109972 ) ) ;
#7154 = LINE ( 'NONE', #2665, #6901 ) ;
#7155 = SURFACE_SIDE_STYLE ('',( #2960 ) ) ;
#7156 = DIRECTION ( 'NONE',  ( -6.030009158161699333E-17, -0.1736481776666925214, -0.9848077530122499867 ) ) ;
#7157 = DIRECTION ( 'NONE',  ( 1.000000000000000000, 0.0000000000000000000, -6.123031769111888756E-17 ) ) ;
#7158 = LINE ( 'NONE', #2081, #6906 ) ;
#7159 = CARTESIAN_POINT ( 'NONE',  ( 5.080000000000000071, -8.272839892444299875E-16, 4.503673019291570156 ) ) ;
#7160 = SURFACE_STYLE_FILL_AREA ( #9626 ) ;
#7161 = CARTESIAN_POINT ( 'NONE',  ( -4.325000000000329692, 0.9086536693868308978, -4.663893177324350603 ) ) ;
#7162 = FACE_OUTER_BOUND ( 'NONE', #1572, .T. ) ;
#7163 = CARTESIAN_POINT ( 'NONE',  ( 3.194999999999764917, -7.771561172376099727E-16, 4.357621920338319299 ) ) ;
#7164 = MECHANICAL_DESIGN_GEOMETRIC_PRESENTATION_REPRESENTATION (  '', ( #5510 ), #7723 ) ;
#7165 = EDGE_CURVE ( 'NONE', #50, #7882, #5516, .T. ) ;
#7166 = ORIENTED_EDGE ( 'NONE', *, *, #8683, .T. ) ;
#7167 = ORIENTED_EDGE ( 'NONE', *, *, #3890, .T. ) ;
#7168 = CARTESIAN_POINT ( 'NONE',  ( -4.424999999999999822, -0.6800000000000000488, -3.334999999999999964 ) ) ;
#7169 = VECTOR ( 'NONE', #2499, 1000.000000000000000 ) ;
#7170 = ORIENTED_EDGE ( 'NONE', *, *, #904, .T. ) ;
#7171 = ADVANCED_FACE ( 'NONE', ( #8827 ), #446, .T. ) ;
#7172 = LINE ( 'NONE', #6836, #1828 ) ;
#7173 = DIRECTION ( 'NONE',  ( 4.547473508868780324E-12, 1.000000000000000000, 0.0000000000000000000 ) ) ;
#7174 = DIRECTION ( 'NONE',  ( 6.123031769111888756E-17, -1.836909530733564901E-16, 1.000000000000000000 ) ) ;
#7175 = DIRECTION ( 'NONE',  ( -1.000000000000000000, -4.547473508868780324E-12, -8.019035039880990008E-13 ) ) ;
#7176 = CARTESIAN_POINT ( 'NONE',  ( 3.810000000000000053, -7.150999999999920753, 10.25999999999999979 ) ) ;
#7177 =( LENGTH_UNIT ( ) NAMED_UNIT ( * ) SI_UNIT ( .MILLI., .METRE. ) );
#7178 = ORIENTED_EDGE ( 'NONE', *, *, #4466, .F. ) ;
#7179 = LINE ( 'NONE', #51, #9079 ) ;
#7180 = AXIS2_PLACEMENT_3D ( 'NONE', #8748, #9566, #4689 ) ;
#7181 = LINE ( 'NONE', #3339, #7447 ) ;
#7182 = DIRECTION ( 'NONE',  ( 1.000000000000000000, 0.0000000000000000000, -6.123031769111888756E-17 ) ) ;
#7183 = ORIENTED_EDGE ( 'NONE', *, *, #5143, .F. ) ;
#7184 = CARTESIAN_POINT ( 'NONE',  ( -3.294999999999674856, 3.650732037385749672E-05, -10.25999999999999979 ) ) ;
#7185 = EDGE_CURVE ( 'NONE', #8604, #8298, #9087, .T. ) ;
#7186 = DIRECTION ( 'NONE',  ( -1.000000000000000000, 0.0000000000000000000, 6.123031769111888756E-17 ) ) ;
#7187 = CARTESIAN_POINT ( 'NONE',  ( -4.325000000000329692, 3.650732014648385516E-05, -10.25999999999999979 ) ) ;
#7188 = ORIENTED_EDGE ( 'NONE', *, *, #6998, .T. ) ;
#7189 = VECTOR ( 'NONE', #10198, 1000.000000000000000 ) ;
#7190 = VERTEX_POINT ( 'NONE', #4553 ) ;
#7191 = PLANE ( 'NONE',  #6766 ) ;
#7192 = CARTESIAN_POINT ( 'NONE',  ( 1.269999999999972040, -7.150999999999920753, 10.25999999999999979 ) ) ;
#7193 = LINE ( 'NONE', #10468, #2601 ) ;
#7194 = EDGE_LOOP ( 'NONE', ( #2360, #8066, #10543, #2392 ) ) ;
#7195 = ORIENTED_EDGE ( 'NONE', *, *, #5548, .F. ) ;
#7196 = DIRECTION ( 'NONE',  ( -2.126506617005608948E-17, 0.9848077530122136825, 0.1736481776668984678 ) ) ;
#7197 = LINE ( 'NONE', #6907, #3389 ) ;
#7198 = EDGE_CURVE ( 'NONE', #9693, #1005, #197, .T. ) ;
#7199 = ORIENTED_CLOSED_SHELL ( 'NONE', *, #5530, .F. );
#7200 = PLANE ( 'NONE',  #3418 ) ;
#7201 = ADVANCED_FACE ( 'NONE', ( #4495 ), #10265, .T. ) ;
#7202 = VERTEX_POINT ( 'NONE', #5363 ) ;
#7203 = VECTOR ( 'NONE', #4698, 1000.000000000000000 ) ;
#7204 = ORIENTED_EDGE ( 'NONE', *, *, #8415, .T. ) ;
#7205 = EDGE_CURVE ( 'NONE', #7917, #1121, #9994, .T. ) ;
#7206 = VERTEX_POINT ( 'NONE', #7890 ) ;
#7207 = VECTOR ( 'NONE', #8597, 1000.000000000000114 ) ;
#7208 = ORIENTED_EDGE ( 'NONE', *, *, #3715, .T. ) ;
#7209 = LINE ( 'NONE', #3564, #10392 ) ;
#7210 = LINE ( 'NONE', #10529, #720 ) ;
#7211 = EDGE_CURVE ( 'NONE', #232, #867, #1589, .T. ) ;
#7212 =( NAMED_UNIT ( * ) SI_UNIT ( $, .STERADIAN. ) SOLID_ANGLE_UNIT ( ) );
#7213 = LINE ( 'NONE', #280, #5041 ) ;
#7214 = ORIENTED_EDGE ( 'NONE', *, *, #9295, .F. ) ;
#7215 = ORIENTED_EDGE ( 'NONE', *, *, #4732, .F. ) ;
#7216 = DIRECTION ( 'NONE',  ( -1.000000000000000000, 0.0000000000000000000, 6.123031769111888756E-17 ) ) ;
#7217 = COLOUR_RGB ( '',0.1411764705882352922, 0.1411764705882352922, 0.1411764705882352922 ) ;
#7218 = ORIENTED_EDGE ( 'NONE', *, *, #1688, .T. ) ;
#7219 = ORIENTED_EDGE ( 'NONE', *, *, #2684, .T. ) ;
#7220 =( NAMED_UNIT ( * ) PLANE_ANGLE_UNIT ( ) SI_UNIT ( $, .RADIAN. ) );
#7221 = CIRCLE ( 'NONE', #2061, 0.2749999999999206968 ) ;
#7222 = ORIENTED_EDGE ( 'NONE', *, *, #2410, .F. ) ;
#7223 = VECTOR ( 'NONE', #2816, 1000.000000000000000 ) ;
#7224 = DIRECTION ( 'NONE',  ( 0.0000000000000000000, 0.0000000000000000000, 1.000000000000000000 ) ) ;
#7225 = DIRECTION ( 'NONE',  ( 6.123031769111888756E-17, 0.0000000000000000000, 1.000000000000000000 ) ) ;
#7226 = LINE ( 'NONE', #8940, #2879 ) ;
#7227 = ORIENTED_EDGE ( 'NONE', *, *, #7668, .T. ) ;
#7228 = ORIENTED_EDGE ( 'NONE', *, *, #9982, .T. ) ;
#7229 = DIRECTION ( 'NONE',  ( 6.123031769111888756E-17, 0.0000000000000000000, -1.000000000000000000 ) ) ;
#7230 = PLANE ( 'NONE',  #9835 ) ;
#7231 = LINE ( 'NONE', #7401, #5058 ) ;
#7232 = DIRECTION ( 'NONE',  ( -6.123030911709541608E-17, -0.0005292051493183440791, 0.9999998599709452041 ) ) ;
#7233 =( GEOMETRIC_REPRESENTATION_CONTEXT ( 3 ) GLOBAL_UNCERTAINTY_ASSIGNED_CONTEXT ( ( #7332 ) ) GLOBAL_UNIT_ASSIGNED_CONTEXT ( ( #5787, #921, #6617 ) ) REPRESENTATION_CONTEXT ( 'NONE', 'WORKASPACE' ) );
#7234 = ORIENTED_EDGE ( 'NONE', *, *, #4316, .T. ) ;
#7235 = ORIENTED_EDGE ( 'NONE', *, *, #4430, .T. ) ;
#7236 = CARTESIAN_POINT ( 'NONE',  ( 3.810000000000000053, -2.180000000000000160, -4.500000000000000000 ) ) ;
#7237 = ADVANCED_FACE ( 'NONE', ( #7574 ), #2978, .T. ) ;
#7238 = SURFACE_STYLE_USAGE ( .BOTH. , #1545 ) ;
#7239 = EDGE_CURVE ( 'NONE', #797, #783, #5382, .T. ) ;
#7240 = VERTEX_POINT ( 'NONE', #1409 ) ;
#7241 = CARTESIAN_POINT ( 'NONE',  ( 1.255893264020311983, -7.250000000000000000, 3.734999999852264718 ) ) ;
#7242 = CARTESIAN_POINT ( 'NONE',  ( 1.885000000000104814, -0.9719250235416100336, 4.186245315462254979 ) ) ;
#7243 = FACE_OUTER_BOUND ( 'NONE', #4045, .T. ) ;
#7244 = CARTESIAN_POINT ( 'NONE',  ( 1.885000000000000009, -3.330669073875469621E-16, 1.667499999999999982 ) ) ;
#7245 = ORIENTED_EDGE ( 'NONE', *, *, #2309, .F. ) ;
#7246 = VERTEX_POINT ( 'NONE', #7091 ) ;
#7247 = VECTOR ( 'NONE', #2520, 1000.000000000000000 ) ;
#7248 = VERTEX_POINT ( 'NONE', #8707 ) ;
#7249 = AXIS2_PLACEMENT_3D ( 'NONE', #44, #4975, #127 ) ;
#7250 = CARTESIAN_POINT ( 'NONE',  ( -4.424999999999999822, -0.6800000000000000488, -4.500000000000000000 ) ) ;
#7251 = DIRECTION ( 'NONE',  ( 1.000000000000000000, -4.547473508868780324E-12, 8.017810433535239508E-13 ) ) ;
#7252 = EDGE_CURVE ( 'NONE', #4176, #3038, #9465, .T. ) ;
#7253 = PLANE ( 'NONE',  #3009 ) ;
#7254 = VECTOR ( 'NONE', #9340, 1000.000000000000114 ) ;
#7255 = ORIENTED_EDGE ( 'NONE', *, *, #8893, .T. ) ;
#7256 = ADVANCED_FACE ( 'NONE', ( #1085 ), #4657, .T. ) ;
#7257 = ORIENTED_EDGE ( 'NONE', *, *, #8163, .F. ) ;
#7258 = SURFACE_STYLE_USAGE ( .BOTH. , #1566 ) ;
#7259 = DIRECTION ( 'NONE',  ( 0.0000000000000000000, 0.0000000000000000000, 1.000000000000000000 ) ) ;
#7260 =( NAMED_UNIT ( * ) SI_UNIT ( $, .STERADIAN. ) SOLID_ANGLE_UNIT ( ) );
#7261 = EDGE_CURVE ( 'NONE', #9724, #8410, #7835, .T. ) ;
#7262 = DIRECTION ( 'NONE',  ( -1.337492208489744030E-13, -1.000000000000000000, -1.637901456704465060E-29 ) ) ;
#7263 = CARTESIAN_POINT ( 'NONE',  ( -5.080000000000000071, -3.750000000000229594, 2.330000000000040039 ) ) ;
#7264 = CARTESIAN_POINT ( 'NONE',  ( 4.425000000000115286, -0.8897388526408829268, 4.186245315462254979 ) ) ;
#7265 = CARTESIAN_POINT ( 'NONE',  ( 4.325000000000325251, 3.650732037385749672E-05, -4.503679456517140522 ) ) ;
#7266 = ORIENTED_EDGE ( 'NONE', *, *, #10095, .F. ) ;
#7267 = CARTESIAN_POINT ( 'NONE',  ( 1.559999999999020170, -6.417755088248520146, 3.734999999852264718 ) ) ;
#7268 = EDGE_CURVE ( 'NONE', #4415, #3605, #3227, .T. ) ;
#7269 = UNCERTAINTY_MEASURE_WITH_UNIT (LENGTH_MEASURE( 1.000000000000000082E-05 ), #1395, 'distance_accuracy_value', 'NONE');
#7270 = VERTEX_POINT ( 'NONE', #7941 ) ;
#7271 = CARTESIAN_POINT ( 'NONE',  ( -4.425000000000235190, 3.650731991911014584E-05, 10.25999999999999979 ) ) ;
#7272 = DIRECTION ( 'NONE',  ( 6.123031769111888756E-17, 0.0000000000000000000, 1.000000000000000000 ) ) ;
#7273 = ORIENTED_EDGE ( 'NONE', *, *, #4369, .F. ) ;
#7274 = EDGE_CURVE ( 'NONE', #3073, #1261, #5654, .T. ) ;
#7275 = PRESENTATION_LAYER_ASSIGNMENT (  '', '', ( #6748 ) ) ;
#7276 = ADVANCED_FACE ( 'NONE', ( #7059 ), #10395, .T. ) ;
#7277 = EDGE_CURVE ( 'NONE', #2489, #5298, #4125, .T. ) ;
#7278 = CARTESIAN_POINT ( 'NONE',  ( -4.027500000000880043, 3.650732181199879656E-05, 4.357628357564144572 ) ) ;
#7279 = ORIENTED_EDGE ( 'NONE', *, *, #9567, .T. ) ;
#7280 = ORIENTED_EDGE ( 'NONE', *, *, #10340, .F. ) ;
#7281 =( NAMED_UNIT ( * ) SI_UNIT ( $, .STERADIAN. ) SOLID_ANGLE_UNIT ( ) );
#7282 = CARTESIAN_POINT ( 'NONE',  ( -1.366592582628967989, -7.176881904510159949, -3.734999999852264718 ) ) ;
#7283 = VECTOR ( 'NONE', #3033, 1000.000000000000114 ) ;
#7284 = DIRECTION ( 'NONE',  ( -6.123031769111888756E-17, 0.0000000000000000000, -1.000000000000000000 ) ) ;
#7285 = FACE_OUTER_BOUND ( 'NONE', #730, .T. ) ;
#7286 = VECTOR ( 'NONE', #1780, 1000.000000000000000 ) ;
#7287 = CARTESIAN_POINT ( 'NONE',  ( -1.885000000000000009, -1.364496228814613854, -4.336037564729834592 ) ) ;
#7288 = PLANE ( 'NONE',  #2316 ) ;
#7289 =( NAMED_UNIT ( * ) SI_UNIT ( $, .STERADIAN. ) SOLID_ANGLE_UNIT ( ) );
#7290 = CYLINDRICAL_SURFACE ( 'NONE', #9069, 0.2749999999999206968 ) ;
#7291 = DIRECTION ( 'NONE',  ( 0.0000000000000000000, 0.0000000000000000000, 1.000000000000000000 ) ) ;
#7292 = ORIENTED_EDGE ( 'NONE', *, *, #9696, .F. ) ;
#7293 = CARTESIAN_POINT ( 'NONE',  ( -4.100000000000965983, -3.750000000001014744, 7.232499999999490115 ) ) ;
#7294 = LINE ( 'NONE', #5314, #9198 ) ;
#7295 = DIRECTION ( 'NONE',  ( 6.123031769111888756E-17, 2.596018638148705187E-13, 1.000000000000000000 ) ) ;
#7296 = VERTEX_POINT ( 'NONE', #680 ) ;
#7297 = CIRCLE ( 'NONE', #5454, 0.2748194203352921083 ) ;
#7298 = DIRECTION ( 'NONE',  ( -1.063253308502823887E-17, -0.9848077530122131273, -0.1736481776669020483 ) ) ;
#7299 = ADVANCED_FACE ( 'NONE', ( #1963 ), #7191, .T. ) ;
#7300 = DIRECTION ( 'NONE',  ( 1.000000000000000000, 0.0000000000000000000, 6.123031769111888756E-17 ) ) ;
#7301 = VECTOR ( 'NONE', #1072, 1000.000000000000000 ) ;
#7302 = ORIENTED_EDGE ( 'NONE', *, *, #7540, .F. ) ;
#7303 = AXIS2_PLACEMENT_3D ( 'NONE', #3066, #3908, #9594 ) ;
#7304 = CARTESIAN_POINT ( 'NONE',  ( -3.194999999999845297, -1.227030387021919910, -4.186245315462254979 ) ) ;
#7305 = EDGE_CURVE ( 'NONE', #7296, #2577, #10362, .T. ) ;
#7306 = ORIENTED_EDGE ( 'NONE', *, *, #2539, .T. ) ;
#7307 = VECTOR ( 'NONE', #9541, 1000.000000000000000 ) ;
#7308 = VECTOR ( 'NONE', #1818, 1000.000000000000000 ) ;
#7309 = LINE ( 'NONE', #4095, #9470 ) ;
#7310 = ORIENTED_EDGE ( 'NONE', *, *, #259, .F. ) ;
#7311 =( LENGTH_UNIT ( ) NAMED_UNIT ( * ) SI_UNIT ( .MILLI., .METRE. ) );
#7312 = LINE ( 'NONE', #461, #2967 ) ;
#7313 = ORIENTED_EDGE ( 'NONE', *, *, #7495, .T. ) ;
#7314 = VECTOR ( 'NONE', #7086, 999.9999999999998863 ) ;
#7315 = MECHANICAL_DESIGN_GEOMETRIC_PRESENTATION_REPRESENTATION (  '', ( #5679 ), #7881 ) ;
#7316 = DIRECTION ( 'NONE',  ( 1.224606353822375779E-16, 0.0000000000000000000, -1.000000000000000000 ) ) ;
#7317 = FILL_AREA_STYLE_COLOUR ( '', #8263 ) ;
#7318 =( NAMED_UNIT ( * ) PLANE_ANGLE_UNIT ( ) SI_UNIT ( $, .RADIAN. ) );
#7319 = VECTOR ( 'NONE', #5461, 1000.000000000000114 ) ;
#7320 = AXIS2_PLACEMENT_3D ( 'NONE', #1287, #7766, #6972 ) ;
#7321 = EDGE_CURVE ( 'NONE', #7997, #1972, #6286, .T. ) ;
#7322 = EDGE_LOOP ( 'NONE', ( #4985, #3869, #345, #9516 ) ) ;
#7323 = CARTESIAN_POINT ( 'NONE',  ( 1.559999999998839870, -3.750000000000104805, 3.734999999852260277 ) ) ;
#7324 = VECTOR ( 'NONE', #4092, 1000.000000000000000 ) ;
#7325 = ORIENTED_EDGE ( 'NONE', *, *, #7554, .T. ) ;
#7326 = CARTESIAN_POINT ( 'NONE',  ( -0.7549999999996730438, 0.6865000000000239799, -4.496744093870610470 ) ) ;
#7327 = DIRECTION ( 'NONE',  ( 3.240339941653820604E-20, -0.9999998599709450930, 0.0005292051493183439707 ) ) ;
#7328 = VECTOR ( 'NONE', #2205, 1000.000000000000000 ) ;
#7329 = ORIENTED_EDGE ( 'NONE', *, *, #5548, .T. ) ;
#7331 = ORIENTED_EDGE ( 'NONE', *, *, #8382, .T. ) ;
#7330 = CARTESIAN_POINT ( 'NONE',  ( 4.424999999999999822, -1.364496228814613854, 4.336037564729834592 ) ) ;
#7332 = UNCERTAINTY_MEASURE_WITH_UNIT (LENGTH_MEASURE( 1.000000000000000082E-05 ), #5787, 'distance_accuracy_value', 'NONE');
#7333 = FACE_OUTER_BOUND ( 'NONE', #1703, .T. ) ;
#7334 = EDGE_CURVE ( 'NONE', #10197, #10313, #6039, .T. ) ;
#7335 = DIRECTION ( 'NONE',  ( 0.0000000000000000000, 0.0000000000000000000, -1.000000000000000000 ) ) ;
#7336 = CARTESIAN_POINT ( 'NONE',  ( 5.080000000000000071, -3.750000000000229594, 4.204999999998674021 ) ) ;
#7337 = CARTESIAN_POINT ( 'NONE',  ( 4.425000000000090417, -2.180000000000000160, -4.335605995874404428 ) ) ;
#7338 = DIRECTION ( 'NONE',  ( 1.000000000000000000, 0.0000000000000000000, 1.224606353822377751E-16 ) ) ;
#7339 = LINE ( 'NONE', #927, #2985 ) ;
#7340 = CARTESIAN_POINT ( 'NONE',  ( -5.080000000000000071, 1.000000000000000000, -5.080000000000000071 ) ) ;
#7341 = ADVANCED_FACE ( 'NONE', ( #5781 ), #3160, .T. ) ;
#7342 = SURFACE_STYLE_USAGE ( .BOTH. , #1650 ) ;
#7343 = VECTOR ( 'NONE', #4449, 1000.000000000000000 ) ;
#7344 = ORIENTED_EDGE ( 'NONE', *, *, #8163, .T. ) ;
#7345 = SURFACE_STYLE_USAGE ( .BOTH. , #1651 ) ;
#7346 = EDGE_CURVE ( 'NONE', #9119, #2343, #1716, .T. ) ;
#7347 = ORIENTED_EDGE ( 'NONE', *, *, #9807, .T. ) ;
#7348 = VERTEX_POINT ( 'NONE', #6445 ) ;
#7349 = VECTOR ( 'NONE', #5082, 1000.000000000000114 ) ;
#7350 = ORIENTED_EDGE ( 'NONE', *, *, #7729, .F. ) ;
#7351 = FILL_AREA_STYLE_COLOUR ( '', #6273 ) ;
#7352 = VECTOR ( 'NONE', #9806, 1000.000000000000000 ) ;
#7353 = CARTESIAN_POINT ( 'NONE',  ( 0.7549999999996720446, 0.6005582141878489377, 4.463516536985710381 ) ) ;
#7354 = DIRECTION ( 'NONE',  ( -6.585863482570437247E-14, -0.9848077530121837064, 0.1736481776670679711 ) ) ;
#7355 = VECTOR ( 'NONE', #5945, 1000.000000000000000 ) ;
#7356 = EDGE_CURVE ( 'NONE', #3970, #10509, #9865, .T. ) ;
#7357 = LINE ( 'NONE', #9890, #864 ) ;
#7358 = VERTEX_POINT ( 'NONE', #2382 ) ;
#7359 = ORIENTED_EDGE ( 'NONE', *, *, #4392, .F. ) ;
#7360 = ORIENTED_EDGE ( 'NONE', *, *, #3803, .F. ) ;
#7361 = LINE ( 'NONE', #6297, #1127 ) ;
#7362 = VERTEX_POINT ( 'NONE', #3193 ) ;
#7363 = LINE ( 'NONE', #6727, #9266 ) ;
#7364 = DIRECTION ( 'NONE',  ( -0.2468892371171420297, 0.9690437062360580667, -1.827827637527644934E-16 ) ) ;
#7365 = DIRECTION ( 'NONE',  ( 1.000000000000000000, 0.0000000000000000000, -6.123031769111888756E-17 ) ) ;
#7366 = LINE ( 'NONE', #2327, #876 ) ;
#7367 = DIRECTION ( 'NONE',  ( 6.123031769111888756E-17, -1.615728827326989927E-13, 1.000000000000000000 ) ) ;
#7368 = PLANE ( 'NONE',  #5587 ) ;
#7369 =( GEOMETRIC_REPRESENTATION_CONTEXT ( 3 ) GLOBAL_UNCERTAINTY_ASSIGNED_CONTEXT ( ( #4133 ) ) GLOBAL_UNIT_ASSIGNED_CONTEXT ( ( #9344, #4801, #7552 ) ) REPRESENTATION_CONTEXT ( 'NONE', 'WORKASPACE' ) );
#7370 = ORIENTED_EDGE ( 'NONE', *, *, #589, .T. ) ;
#7371 = VECTOR ( 'NONE', #6363, 1000.000000000000114 ) ;
#7372 = ADVANCED_FACE ( 'NONE', ( #3617 ), #9714, .T. ) ;
#7373 = CARTESIAN_POINT ( 'NONE',  ( 3.194999999999764917, 3.650731991911014584E-05, -4.357628357563815058 ) ) ;
#7374 = EDGE_LOOP ( 'NONE', ( #3054, #8207, #2743, #3550 ) ) ;
#7375 = VERTEX_POINT ( 'NONE', #4009 ) ;
#7376 = DIRECTION ( 'NONE',  ( -1.000000000000000000, 0.0000000000000000000, 6.123031769111888756E-17 ) ) ;
#7377 = CARTESIAN_POINT ( 'NONE',  ( 1.885000000000154996, -1.227030387021919910, -4.186245315462254979 ) ) ;
#7378 = SURFACE_STYLE_USAGE ( .BOTH. , #1677 ) ;
#7379 = CYLINDRICAL_SURFACE ( 'NONE', #8057, 0.2748194203352921083 ) ;
#7380 = DIRECTION ( 'NONE',  ( 1.224606353822375779E-16, 0.0000000000000000000, -1.000000000000000000 ) ) ;
#7381 = CARTESIAN_POINT ( 'NONE',  ( 3.810000000000000053, -7.150999999999920753, 3.734999999852264718 ) ) ;
#7382 = ORIENTED_EDGE ( 'NONE', *, *, #8287, .T. ) ;
#7383 = SURFACE_SIDE_STYLE ('',( #29 ) ) ;
#7384 = DIRECTION ( 'NONE',  ( -1.224606353822375779E-16, 0.0000000000000000000, 1.000000000000000000 ) ) ;
#7385 = CARTESIAN_POINT ( 'NONE',  ( 0.2700000000000000178, -7.250000000000000000, 3.884999999852265073 ) ) ;
#7386 = CARTESIAN_POINT ( 'NONE',  ( 3.194999999999895035, -0.9719250235416100336, -4.186245315462254979 ) ) ;
#7387 = EDGE_CURVE ( 'NONE', #6950, #1973, #5506, .T. ) ;
#7388 = CARTESIAN_POINT ( 'NONE',  ( -5.080000000000000071, -2.000000000000000000, 1.000000000000000000 ) ) ;
#7389 = ORIENTED_EDGE ( 'NONE', *, *, #9025, .T. ) ;
#7390 = SURFACE_SIDE_STYLE ('',( #5386 ) ) ;
#7391 = CARTESIAN_POINT ( 'NONE',  ( -3.810000000000000053, -2.180000000000000160, -4.500000000000000000 ) ) ;
#7392 = DIRECTION ( 'NONE',  ( -1.000000000000000000, 0.0000000000000000000, 6.123031769111888756E-17 ) ) ;
#7393 = PRESENTATION_LAYER_ASSIGNMENT (  '', '', ( #6847 ) ) ;
#7394 = VECTOR ( 'NONE', #2666, 999.9999999999998863 ) ;
#7395 = AXIS2_PLACEMENT_3D ( 'NONE', #6508, #75, #5754 ) ;
#7396 = ADVANCED_FACE ( 'NONE', ( #1456 ), #8121, .T. ) ;
#7397 = ORIENTED_EDGE ( 'NONE', *, *, #7356, .F. ) ;
#7398 = EDGE_CURVE ( 'NONE', #7001, #1881, #8201, .T. ) ;
#7399 = CARTESIAN_POINT ( 'NONE',  ( 2.270000000000000018, -1.227030387021919910, -4.186245315462254979 ) ) ;
#7400 = DIRECTION ( 'NONE',  ( 0.0000000000000000000, -1.000000000000000000, 0.0000000000000000000 ) ) ;
#7401 = CARTESIAN_POINT ( 'NONE',  ( -1.785000000000329878, 0.9086536693863019876, 4.663893177324050399 ) ) ;
#7402 = FILL_AREA_STYLE ('',( #3395 ) ) ;
#7403 = VECTOR ( 'NONE', #372, 1000.000000000000000 ) ;
#7404 = DIRECTION ( 'NONE',  ( -1.000000000000000000, 0.0000000000000000000, 6.123031769111888756E-17 ) ) ;
#7405 = VERTEX_POINT ( 'NONE', #6491 ) ;
#7406 = CARTESIAN_POINT ( 'NONE',  ( 1.885000000000000009, -0.4000000000000569766, 2.460105896938209913 ) ) ;
#7407 = EDGE_CURVE ( 'NONE', #9293, #6611, #7445, .T. ) ;
#7408 = DIRECTION ( 'NONE',  ( 0.0000000000000000000, 0.0000000000000000000, 1.000000000000000000 ) ) ;
#7409 = AXIS2_PLACEMENT_3D ( 'NONE', #3272, #9748, #7335 ) ;
#7410 = CARTESIAN_POINT ( 'NONE',  ( 0.9800000000009798651, -6.417755088248520146, -10.25999999999999979 ) ) ;
#7411 = VECTOR ( 'NONE', #10071, 1000.000000000000000 ) ;
#7412 = ORIENTED_EDGE ( 'NONE', *, *, #3302, .T. ) ;
#7413 = DIRECTION ( 'NONE',  ( -1.063253308501543991E-17, 0.9848077530122499867, 0.1736481776666925214 ) ) ;
#7414 = SURFACE_STYLE_USAGE ( .BOTH. , #1719 ) ;
#7415 = CARTESIAN_POINT ( 'NONE',  ( 1.885000000000000009, -0.6800000000000000488, 3.334999999999999964 ) ) ;
#7416 = EDGE_CURVE ( 'NONE', #10138, #3937, #3369, .T. ) ;
#7417 = EDGE_LOOP ( 'NONE', ( #456, #1999, #7110, #10122 ) ) ;
#7418 = CARTESIAN_POINT ( 'NONE',  ( 5.080000000000000071, -8.272839892444299875E-16, 4.503673019291570156 ) ) ;
#7419 = ADVANCED_FACE ( 'NONE', ( #5011 ), #8153, .T. ) ;
#7420 = DIRECTION ( 'NONE',  ( 0.0000000000000000000, 0.0000000000000000000, 1.000000000000000000 ) ) ;
#7421 = EDGE_CURVE ( 'NONE', #839, #1513, #2830, .T. ) ;
#7422 = VECTOR ( 'NONE', #6895, 1000.000000000000114 ) ;
#7423 = AXIS2_PLACEMENT_3D ( 'NONE', #4576, #3780, #6369 ) ;
#7424 = LINE ( 'NONE', #4701, #934 ) ;
#7425 = FACE_OUTER_BOUND ( 'NONE', #5334, .T. ) ;
#7426 = DIRECTION ( 'NONE',  ( -1.000000000000000000, 0.0000000000000000000, 6.123031769111888756E-17 ) ) ;
#7427 = CARTESIAN_POINT ( 'NONE',  ( -1.770000000000000018, 0.6865000000000239799, 4.496744093870610470 ) ) ;
#7428 = DIRECTION ( 'NONE',  ( -0.2468892371169171263, -0.9690437062361154652, -3.023421284637361303E-17 ) ) ;
#7429 = CARTESIAN_POINT ( 'NONE',  ( 3.810000000000000053, -0.6800000000000000488, 2.169999999999999929 ) ) ;
#7430 = ORIENTED_EDGE ( 'NONE', *, *, #9010, .T. ) ;
#7431 = FACE_OUTER_BOUND ( 'NONE', #7417, .T. ) ;
#7432 =( GEOMETRIC_REPRESENTATION_CONTEXT ( 3 ) GLOBAL_UNCERTAINTY_ASSIGNED_CONTEXT ( ( #2426 ) ) GLOBAL_UNIT_ASSIGNED_CONTEXT ( ( #10449, #5570, #705 ) ) REPRESENTATION_CONTEXT ( 'NONE', 'WORKASPACE' ) );
#7433 = SURFACE_STYLE_USAGE ( .BOTH. , #4891 ) ;
#7434 = LINE ( 'NONE', #9217, #4737 ) ;
#7435 = FILL_AREA_STYLE_COLOUR ( '', #5317 ) ;
#7436 = ORIENTED_EDGE ( 'NONE', *, *, #1334, .T. ) ;
#7437 = DIRECTION ( 'NONE',  ( 6.123031769111888756E-17, 0.0000000000000000000, 1.000000000000000000 ) ) ;
#7438 = LINE ( 'NONE', #2688, #9326 ) ;
#7439 = AXIS2_PLACEMENT_3D ( 'NONE', #4106, #4126, #3807 ) ;
#7440 = CARTESIAN_POINT ( 'NONE',  ( -3.194999999999764917, 3.650731991911014584E-05, -10.25999999999999979 ) ) ;
#7441 = CARTESIAN_POINT ( 'NONE',  ( -3.194999999999764917, 8.272839892444299875E-16, -4.503673019291570156 ) ) ;
#7442 = EDGE_CURVE ( 'NONE', #2760, #4604, #7179, .T. ) ;
#7443 =( NAMED_UNIT ( * ) PLANE_ANGLE_UNIT ( ) SI_UNIT ( $, .RADIAN. ) );
#7444 = VERTEX_POINT ( 'NONE', #1682 ) ;
#7445 = LINE ( 'NONE', #5703, #949 ) ;
#7446 = ADVANCED_FACE ( 'NONE', ( #686 ), #440, .T. ) ;
#7447 = VECTOR ( 'NONE', #7569, 1000.000000000000000 ) ;
#7448 = ORIENTED_EDGE ( 'NONE', *, *, #2182, .T. ) ;
#7449 = ORIENTED_EDGE ( 'NONE', *, *, #9881, .F. ) ;
#7450 = DIRECTION ( 'NONE',  ( 6.123031769111888756E-17, -5.459445332101871020E-15, 1.000000000000000000 ) ) ;
#7451 = LINE ( 'NONE', #3684, #7189 ) ;
#7452 = VERTEX_POINT ( 'NONE', #4954 ) ;
#7453 =( GEOMETRIC_REPRESENTATION_CONTEXT ( 3 ) GLOBAL_UNCERTAINTY_ASSIGNED_CONTEXT ( ( #6680 ) ) GLOBAL_UNIT_ASSIGNED_CONTEXT ( ( #6436, #1567, #7260 ) ) REPRESENTATION_CONTEXT ( 'NONE', 'WORKASPACE' ) );
#7454 = LINE ( 'NONE', #7135, #9605 ) ;
#7455 = ORIENTED_EDGE ( 'NONE', *, *, #7321, .F. ) ;
#7456 = EDGE_CURVE ( 'NONE', #7898, #7511, #4745, .T. ) ;
#7457 = VERTEX_POINT ( 'NONE', #3314 ) ;
#7458 = VECTOR ( 'NONE', #631, 1000.000000000000114 ) ;
#7459 = LINE ( 'NONE', #1183, #1221 ) ;
#7460 = FACE_OUTER_BOUND ( 'NONE', #9503, .T. ) ;
#7461 = UNCERTAINTY_MEASURE_WITH_UNIT (LENGTH_MEASURE( 1.000000000000000082E-05 ), #3839, 'distance_accuracy_value', 'NONE');
#7462 = ORIENTED_EDGE ( 'NONE', *, *, #8091, .F. ) ;
#7463 = PLANE ( 'NONE',  #5198 ) ;
#7464 = VECTOR ( 'NONE', #10363, 999.9999999999998863 ) ;
#7465 = EDGE_LOOP ( 'NONE', ( #6209, #503, #5936, #9118, #195, #6841, #9734, #9772 ) ) ;
#7466 = DIRECTION ( 'NONE',  ( 1.000000000000000000, -3.681132786215100208E-13, 0.0000000000000000000 ) ) ;
#7467 = AXIS2_PLACEMENT_3D ( 'NONE', #7123, #4687, #10390 ) ;
#7468 = ORIENTED_EDGE ( 'NONE', *, *, #3222, .T. ) ;
#7469 = CARTESIAN_POINT ( 'NONE',  ( -4.100000000000000533, -6.417755088244880390, 3.884999999852265073 ) ) ;
#7470 = PRESENTATION_STYLE_ASSIGNMENT (( #2886 ) ) ;
#7471 = ORIENTED_EDGE ( 'NONE', *, *, #589, .F. ) ;
#7472 = UNCERTAINTY_MEASURE_WITH_UNIT (LENGTH_MEASURE( 1.000000000000000082E-05 ), #1053, 'distance_accuracy_value', 'NONE');
#7473 = LINE ( 'NONE', #6928, #982 ) ;
#7474 = ORIENTED_EDGE ( 'NONE', *, *, #8829, .F. ) ;
#7475 = PRESENTATION_STYLE_ASSIGNMENT (( #7345 ) ) ;
#7476 = CYLINDRICAL_SURFACE ( 'NONE', #6186, 0.1000000000000804967 ) ;
#7477 = ADVANCED_FACE ( 'NONE', ( #6672 ), #6601, .T. ) ;
#7478 = DIRECTION ( 'NONE',  ( 1.000000000000000000, 4.547473508868780324E-12, 1.224606353822375779E-16 ) ) ;
#7479 = COLOUR_RGB ( '',0.1411764705882352922, 0.1411764705882352922, 0.1411764705882352922 ) ;
#7480 = ORIENTED_EDGE ( 'NONE', *, *, #10190, .F. ) ;
#7481 = CARTESIAN_POINT ( 'NONE',  ( -0.6549999999999099876, -2.180000000000000160, -4.335605995874404428 ) ) ;
#7482 = EDGE_CURVE ( 'NONE', #1101, #10206, #6920, .T. ) ;
#7483 = ORIENTED_EDGE ( 'NONE', *, *, #3243, .T. ) ;
#7484 = VECTOR ( 'NONE', #9810, 1000.000000000000000 ) ;
#7485 = ORIENTED_EDGE ( 'NONE', *, *, #9425, .T. ) ;
#7486 = DIRECTION ( 'NONE',  ( 1.000000000000000000, 0.0000000000000000000, -6.123031769111888756E-17 ) ) ;
#7487 = LINE ( 'NONE', #822, #3419 ) ;
#7488 = CARTESIAN_POINT ( 'NONE',  ( 3.824106735979689642, -7.250000000000000000, -3.884999999852265073 ) ) ;
#7489 = EDGE_LOOP ( 'NONE', ( #3560, #1390, #7049, #3529 ) ) ;
#7490 = DIRECTION ( 'NONE',  ( 6.123031769111888756E-17, 0.0000000000000000000, 1.000000000000000000 ) ) ;
#7491 = COLOUR_RGB ( '',0.1411764705882352922, 0.1411764705882352922, 0.1411764705882352922 ) ;
#7492 = DIRECTION ( 'NONE',  ( -0.9690437062360581777, -0.2468892371171420574, -1.186697079788262602E-16 ) ) ;
#7493 = SURFACE_STYLE_FILL_AREA ( #4159 ) ;
#7494 = SURFACE_SIDE_STYLE ('',( #1359 ) ) ;
#7495 = EDGE_CURVE ( 'NONE', #5965, #6325, #2585, .T. ) ;
#7496 = LINE ( 'NONE', #6507, #3134 ) ;
#7497 = ORIENTED_EDGE ( 'NONE', *, *, #8212, .F. ) ;
#7498 = DIRECTION ( 'NONE',  ( -1.000000000000000000, 0.0000000000000000000, 6.123031769111888756E-17 ) ) ;
#7499 = PRESENTATION_LAYER_ASSIGNMENT (  '', '', ( #6927 ) ) ;
#7500 = ORIENTED_EDGE ( 'NONE', *, *, #2750, .F. ) ;
#7501 = CIRCLE ( 'NONE', #6855, 0.2748194203352921083 ) ;
#7502 = FILL_AREA_STYLE_COLOUR ( '', #8705 ) ;
#7503 = ORIENTED_EDGE ( 'NONE', *, *, #904, .F. ) ;
#7504 = CARTESIAN_POINT ( 'NONE',  ( -5.080000000000000071, -3.750000000000000000, -2.330000000000270077 ) ) ;
#7505 = ORIENTED_EDGE ( 'NONE', *, *, #9717, .T. ) ;
#7506 = EDGE_CURVE ( 'NONE', #2627, #1239, #2322, .T. ) ;
#7507 = FACE_OUTER_BOUND ( 'NONE', #4927, .T. ) ;
#7508 = ORIENTED_EDGE ( 'NONE', *, *, #6450, .F. ) ;
#7509 = LINE ( 'NONE', #8551, #1521 ) ;
#7510 =( GEOMETRIC_REPRESENTATION_CONTEXT ( 3 ) GLOBAL_UNCERTAINTY_ASSIGNED_CONTEXT ( ( #8887 ) ) GLOBAL_UNIT_ASSIGNED_CONTEXT ( ( #3918, #9610, #4721 ) ) REPRESENTATION_CONTEXT ( 'NONE', 'WORKASPACE' ) );
#7511 = VERTEX_POINT ( 'NONE', #5291 ) ;
#7512 = CARTESIAN_POINT ( 'NONE',  ( 5.080000000000000071, -3.750000000000000000, 0.9200000000001850031 ) ) ;
#7513 = ORIENTED_EDGE ( 'NONE', *, *, #2146, .F. ) ;
#7514 = SURFACE_SIDE_STYLE ('',( #9257 ) ) ;
#7515 = AXIS2_PLACEMENT_3D ( 'NONE', #1438, #524, #10405 ) ;
#7516 = CIRCLE ( 'NONE', #9914, 0.1000000000000807049 ) ;
#7517 = PLANE ( 'NONE',  #6607 ) ;
#7518 = VERTEX_POINT ( 'NONE', #441 ) ;
#7519 = SURFACE_STYLE_USAGE ( .BOTH. , #1808 ) ;
#7520 = DIRECTION ( 'NONE',  ( -3.240339941653820604E-20, 0.9999998599709450930, -0.0005292051493183439707 ) ) ;
#7521 = CARTESIAN_POINT ( 'NONE',  ( 0.6550000000000000266, -2.180000000000000160, -4.500000000000000000 ) ) ;
#7522 = LINE ( 'NONE', #1177, #5329 ) ;
#7523 = DIRECTION ( 'NONE',  ( 1.000000000000000000, 0.0000000000000000000, -6.123031769111888756E-17 ) ) ;
#7524 = PRESENTATION_LAYER_ASSIGNMENT (  '', '', ( #6408 ) ) ;
#7525 = CARTESIAN_POINT ( 'NONE',  ( 3.795893264020310021, -7.250000000000000000, 3.884999999852265073 ) ) ;
#7526 = ORIENTED_EDGE ( 'NONE', *, *, #7872, .F. ) ;
#7527 = ORIENTED_EDGE ( 'NONE', *, *, #7261, .T. ) ;
#7528 = EDGE_CURVE ( 'NONE', #8238, #797, #4482, .T. ) ;
#7529 = CARTESIAN_POINT ( 'NONE',  ( -4.100000000000459721, -5.116929645231019563, 3.884999999852265073 ) ) ;
#7530 = ADVANCED_FACE ( 'NONE', ( #8328 ), #6944, .T. ) ;
#7531 = SURFACE_SIDE_STYLE ('',( #5942 ) ) ;
#7532 = VERTEX_POINT ( 'NONE', #5807 ) ;
#7533 =( GEOMETRIC_REPRESENTATION_CONTEXT ( 3 ) GLOBAL_UNCERTAINTY_ASSIGNED_CONTEXT ( ( #9155 ) ) GLOBAL_UNIT_ASSIGNED_CONTEXT ( ( #7105, #2209, #7919 ) ) REPRESENTATION_CONTEXT ( 'NONE', 'WORKASPACE' ) );
#7534 = LINE ( 'NONE', #3570, #5343 ) ;
#7535 = VERTEX_POINT ( 'NONE', #4508 ) ;
#7536 = CARTESIAN_POINT ( 'NONE',  ( 1.052499999999122027, 3.650732181199879656E-05, 4.357628357564144572 ) ) ;
#7537 = CARTESIAN_POINT ( 'NONE',  ( -3.824106735979639904, -7.250000000000000000, -3.884999999852265073 ) ) ;
#7538 = VERTEX_POINT ( 'NONE', #10223 ) ;
#7539 = DIRECTION ( 'NONE',  ( 1.316960045852425737E-13, 0.9848077530122136825, 0.1736481776668984678 ) ) ;
#7540 = EDGE_CURVE ( 'NONE', #3709, #5546, #4239, .T. ) ;
#7541 = COLOUR_RGB ( '',0.1411764705882352922, 0.1411764705882352922, 0.1411764705882352922 ) ;
#7542 = DIRECTION ( 'NONE',  ( -1.000000000000000000, -2.094200203256434818E-17, 5.753767770272800151E-17 ) ) ;
#7543 = DIRECTION ( 'NONE',  ( 1.224606353822375779E-16, 0.0000000000000000000, -1.000000000000000000 ) ) ;
#7544 = FILL_AREA_STYLE_COLOUR ( '', #2529 ) ;
#7545 = EDGE_CURVE ( 'NONE', #6155, #2017, #6157, .T. ) ;
#7546 = CARTESIAN_POINT ( 'NONE',  ( 1.885000000000075060, -1.227030387021919910, 4.186245315462254979 ) ) ;
#7547 = LINE ( 'NONE', #10341, #3197 ) ;
#7548 = CARTESIAN_POINT ( 'NONE',  ( 3.824106735979689642, -7.250000000000000000, -3.734999999852264718 ) ) ;
#7549 = CARTESIAN_POINT ( 'NONE',  ( -5.080000000000000071, -4.099999999999679900, -2.330000000000270077 ) ) ;
#7550 = CARTESIAN_POINT ( 'NONE',  ( 0.6549999999998449285, -1.227030387021919910, 4.186245315462254979 ) ) ;
#7551 = COLOUR_RGB ( '',0.1411764705882352922, 0.1411764705882352922, 0.1411764705882352922 ) ;
#7552 =( NAMED_UNIT ( * ) SI_UNIT ( $, .STERADIAN. ) SOLID_ANGLE_UNIT ( ) );
#7553 = CARTESIAN_POINT ( 'NONE',  ( 4.325000000000325251, 0.6005582141878489377, -4.463516536985710381 ) ) ;
#7554 = EDGE_CURVE ( 'NONE', #4581, #6352, #8067, .T. ) ;
#7555 = DIRECTION ( 'NONE',  ( -1.000000000000000000, 0.0000000000000000000, 0.0000000000000000000 ) ) ;
#7556 = LINE ( 'NONE', #5876, #5365 ) ;
#7557 = CARTESIAN_POINT ( 'NONE',  ( 5.080000000000000071, -3.750000000000000000, -0.9200000000001870015 ) ) ;
#7558 = VERTEX_POINT ( 'NONE', #5331 ) ;
#7559 = EDGE_CURVE ( 'NONE', #10381, #3679, #3745, .T. ) ;
#7560 = VERTEX_POINT ( 'NONE', #9430 ) ;
#7561 = VECTOR ( 'NONE', #6232, 1000.000000000000000 ) ;
#7562 = FACE_OUTER_BOUND ( 'NONE', #3899, .T. ) ;
#7563 =( LENGTH_UNIT ( ) NAMED_UNIT ( * ) SI_UNIT ( .MILLI., .METRE. ) );
#7564 = DIRECTION ( 'NONE',  ( 6.030009158161467605E-17, 0.1736481776668984400, 0.9848077530122136825 ) ) ;
#7565 = LINE ( 'NONE', #2797, #1328 ) ;
#7566 = ORIENTED_EDGE ( 'NONE', *, *, #6307, .F. ) ;
#7567 = COLOUR_RGB ( '',0.1411764705882352922, 0.1411764705882352922, 0.1411764705882352922 ) ;
#7568 =( NAMED_UNIT ( * ) PLANE_ANGLE_UNIT ( ) SI_UNIT ( $, .RADIAN. ) );
#7569 = DIRECTION ( 'NONE',  ( 1.000000000000000000, 0.0000000000000000000, -6.123031769111888756E-17 ) ) ;
#7570 =( GEOMETRIC_REPRESENTATION_CONTEXT ( 3 ) GLOBAL_UNCERTAINTY_ASSIGNED_CONTEXT ( ( #1663 ) ) GLOBAL_UNIT_ASSIGNED_CONTEXT ( ( #5176, #313, #6004 ) ) REPRESENTATION_CONTEXT ( 'NONE', 'WORKASPACE' ) );
#7571 = ADVANCED_FACE ( 'NONE', ( #5912 ), #6986, .T. ) ;
#7572 = ORIENTED_EDGE ( 'NONE', *, *, #5164, .F. ) ;
#7573 = FILL_AREA_STYLE_COLOUR ( '', #6443 ) ;
#7574 = FACE_OUTER_BOUND ( 'NONE', #4535, .T. ) ;
#7575 = CARTESIAN_POINT ( 'NONE',  ( 5.080000000000000071, -3.750000000000229594, 2.330000000000040039 ) ) ;
#7576 = VECTOR ( 'NONE', #1021, 1000.000000000000114 ) ;
#7577 = VECTOR ( 'NONE', #6501, 1000.000000000000000 ) ;
#7578 = VERTEX_POINT ( 'NONE', #10260 ) ;
#7579 = ORIENTED_EDGE ( 'NONE', *, *, #9042, .T. ) ;
#7580 = AXIS2_PLACEMENT_3D ( 'NONE', #1049, #6740, #1850 ) ;
#7581 = LINE ( 'NONE', #3015, #7314 ) ;
#7582 = DIRECTION ( 'NONE',  ( 1.224606353822375779E-16, 0.0000000000000000000, -1.000000000000000000 ) ) ;
#7583 = CARTESIAN_POINT ( 'NONE',  ( -0.7549999999996730438, 0.1836702602581204991, -7.348433255235988781 ) ) ;
#7584 = LINE ( 'NONE', #7901, #3511 ) ;
#7585 = EDGE_CURVE ( 'NONE', #2767, #4135, #8565, .T. ) ;
#7586 = CARTESIAN_POINT ( 'NONE',  ( 1.270000000000025997, -7.150999999999920753, -3.734999999852264718 ) ) ;
#7587 = DIRECTION ( 'NONE',  ( -6.673570731747099829E-14, -1.000000000000000000, -1.730217700714489821E-16 ) ) ;
#7588 = DIRECTION ( 'NONE',  ( -1.000000000000000000, 0.0000000000000000000, 6.123031769111888756E-17 ) ) ;
#7589 = ORIENTED_EDGE ( 'NONE', *, *, #4299, .T. ) ;
#7590 = LINE ( 'NONE', #7388, #3241 ) ;
#7591 = VERTEX_POINT ( 'NONE', #4547 ) ;
#7592 = DIRECTION ( 'NONE',  ( 0.0000000000000000000, -0.9848077530122136825, 0.1736481776668984678 ) ) ;
#7593 = LINE ( 'NONE', #4614, #1350 ) ;
#7594 = ORIENTED_EDGE ( 'NONE', *, *, #6652, .T. ) ;
#7595 = EDGE_LOOP ( 'NONE', ( #3051, #3997, #10196, #6366 ) ) ;
#7596 = VECTOR ( 'NONE', #6162, 1000.000000000000114 ) ;
#7597 = CARTESIAN_POINT ( 'NONE',  ( -0.7549999999996730438, 3.650732037385749672E-05, -4.357628357563889665 ) ) ;
#7598 = STYLED_ITEM ( 'NONE', ( #6594 ), #8473 ) ;
#7599 = FACE_OUTER_BOUND ( 'NONE', #9144, .T. ) ;
#7600 = SURFACE_STYLE_USAGE ( .BOTH. , #9185 ) ;
#7601 = PLANE ( 'NONE',  #4935 ) ;
#7602 = MECHANICAL_DESIGN_GEOMETRIC_PRESENTATION_REPRESENTATION (  '', ( #5967 ), #8137 ) ;
#7603 = LINE ( 'NONE', #6071, #1362 ) ;
#7604 = ORIENTED_EDGE ( 'NONE', *, *, #5341, .T. ) ;
#7605 = DIRECTION ( 'NONE',  ( -1.000000000000000000, 0.0000000000000000000, -1.224606353822377751E-16 ) ) ;
#7606 = EDGE_CURVE ( 'NONE', #8677, #4360, #1581, .T. ) ;
#7607 = ORIENTED_EDGE ( 'NONE', *, *, #6171, .T. ) ;
#7608 = FACE_OUTER_BOUND ( 'NONE', #5252, .T. ) ;
#7609 = ORIENTED_EDGE ( 'NONE', *, *, #7305, .T. ) ;
#7610 = UNCERTAINTY_MEASURE_WITH_UNIT (LENGTH_MEASURE( 1.000000000000000082E-05 ), #2184, 'distance_accuracy_value', 'NONE');
#7611 = LINE ( 'NONE', #9138, #9761 ) ;
#7612 = ORIENTED_EDGE ( 'NONE', *, *, #3736, .T. ) ;
#7613 = LINE ( 'NONE', #7921, #1115 ) ;
#7614 = LINE ( 'NONE', #4293, #7355 ) ;
#7615 = DIRECTION ( 'NONE',  ( 1.000000000000000000, 0.0000000000000000000, -6.123031769111888756E-17 ) ) ;
#7616 = ORIENTED_EDGE ( 'NONE', *, *, #3164, .T. ) ;
#7617 = EDGE_CURVE ( 'NONE', #3331, #4552, #5638, .T. ) ;
#7618 = ORIENTED_EDGE ( 'NONE', *, *, #3171, .F. ) ;
#7619 = ORIENTED_EDGE ( 'NONE', *, *, #4732, .T. ) ;
#7620 = LINE ( 'NONE', #6264, #9515 ) ;
#7621 = ORIENTED_EDGE ( 'NONE', *, *, #3927, .T. ) ;
#7622 = DIRECTION ( 'NONE',  ( -1.000000000000000000, 0.0000000000000000000, 6.123031769111888756E-17 ) ) ;
#7623 = VECTOR ( 'NONE', #958, 1000.000000000000000 ) ;
#7624 = DIRECTION ( 'NONE',  ( -1.000000000000000000, 0.0000000000000000000, 6.123031769111888756E-17 ) ) ;
#7625 = LINE ( 'NONE', #673, #9521 ) ;
#7626 = EDGE_CURVE ( 'NONE', #4249, #5861, #3494, .T. ) ;
#7627 = CARTESIAN_POINT ( 'NONE',  ( -1.270000000000000018, -2.180000000000000160, 3.334999999999999964 ) ) ;
#7628 = FILL_AREA_STYLE_COLOUR ( '', #2437 ) ;
#7629 = DIRECTION ( 'NONE',  ( -0.0000000000000000000, 1.000000000000000000, 0.0000000000000000000 ) ) ;
#7630 = EDGE_LOOP ( 'NONE', ( #9632, #3877, #6707, #5950 ) ) ;
#7631 = CARTESIAN_POINT ( 'NONE',  ( -4.424999999999999822, -0.6800000000000000488, -3.334999999999999964 ) ) ;
#7632 = LINE ( 'NONE', #5525, #3556 ) ;
#7633 = DIRECTION ( 'NONE',  ( 6.123031769111888756E-17, 0.0000000000000000000, 1.000000000000000000 ) ) ;
#7634 = ORIENTED_EDGE ( 'NONE', *, *, #2287, .T. ) ;
#7635 = ORIENTED_EDGE ( 'NONE', *, *, #9800, .F. ) ;
#7636 = CARTESIAN_POINT ( 'NONE',  ( 4.425000000000229861, -0.08215671584589201437, -4.489186573641529954 ) ) ;
#7637 = DIRECTION ( 'NONE',  ( 3.681132786215100208E-13, -1.000000000000000000, 1.730217700714754829E-16 ) ) ;
#7638 = EDGE_CURVE ( 'NONE', #2760, #1743, #9720, .T. ) ;
#7639 = CARTESIAN_POINT ( 'NONE',  ( 3.810000000000000053, -7.150999999999920753, 3.734999999852264718 ) ) ;
#7640 = LINE ( 'NONE', #9970, #1396 ) ;
#7641 = CARTESIAN_POINT ( 'NONE',  ( -1.560000000000964837, -3.750000000000144773, 3.884999999852260189 ) ) ;
#7642 = PRESENTATION_LAYER_ASSIGNMENT (  '', '', ( #6531 ) ) ;
#7643 = ADVANCED_FACE ( 'NONE', ( #9455 ), #10326, .T. ) ;
#7644 = ORIENTED_EDGE ( 'NONE', *, *, #6785, .F. ) ;
#7645 = FILL_AREA_STYLE_COLOUR ( '', #8221 ) ;
#7646 = SURFACE_STYLE_FILL_AREA ( #6433 ) ;
#7647 = ORIENTED_EDGE ( 'NONE', *, *, #5337, .T. ) ;
#7648 = MECHANICAL_DESIGN_GEOMETRIC_PRESENTATION_REPRESENTATION (  '', ( #6542 ), #8175 ) ;
#7649 = VERTEX_POINT ( 'NONE', #7910 ) ;
#7650 = DIRECTION ( 'NONE',  ( -0.2468892371171420297, -0.9690437062360580667, -1.525485509063630176E-16 ) ) ;
#7651 = DIRECTION ( 'NONE',  ( 6.123031769111888756E-17, 0.0000000000000000000, 1.000000000000000000 ) ) ;
#7652 = PRESENTATION_LAYER_ASSIGNMENT (  '', '', ( #6550 ) ) ;
#7653 = EDGE_CURVE ( 'NONE', #9501, #5637, #1074, .T. ) ;
#7654 = VECTOR ( 'NONE', #6698, 1000.000000000000000 ) ;
#7655 = CLOSED_SHELL ( 'NONE', ( #6288, #6244, #1636, #8640, #4791, #4819 ) ) ;
#7656 = CARTESIAN_POINT ( 'NONE',  ( -0.2700000000000000178, -0.4000000000000569766, -2.460105896938209913 ) ) ;
#7657 = CARTESIAN_POINT ( 'NONE',  ( -4.424999999999999822, 3.330669073875469621E-16, -1.667499999999999982 ) ) ;
#7658 = CARTESIAN_POINT ( 'NONE',  ( -0.6550000000000000266, -2.180000000000000160, 4.500000000000000000 ) ) ;
#7659 = AXIS2_PLACEMENT_3D ( 'NONE', #3041, #3873, #9565 ) ;
#7660 = CARTESIAN_POINT ( 'NONE',  ( -3.592499999999124505, 3.650732181199879656E-05, -4.357628357564144572 ) ) ;
#7661 = LINE ( 'NONE', #3099, #3320 ) ;
#7662 = CARTESIAN_POINT ( 'NONE',  ( 4.809999999999999609, -1.762499999999999956, -2.185105896938285053 ) ) ;
#7663 = AXIS2_PLACEMENT_3D ( 'NONE', #6649, #1784, #7478 ) ;
#7664 = CARTESIAN_POINT ( 'NONE',  ( 3.520000000001069829, -5.116929645232019652, -3.734999999852264718 ) ) ;
#7665 = PLANE ( 'NONE',  #9815 ) ;
#7666 = ORIENTED_EDGE ( 'NONE', *, *, #6924, .T. ) ;
#7667 = DIRECTION ( 'NONE',  ( 0.0000000000000000000, -1.000000000000000000, 0.0000000000000000000 ) ) ;
#7668 = EDGE_CURVE ( 'NONE', #7948, #1826, #7297, .T. ) ;
#7669 = UNCERTAINTY_MEASURE_WITH_UNIT (LENGTH_MEASURE( 1.000000000000000082E-05 ), #3304, 'distance_accuracy_value', 'NONE');
#7670 = LINE ( 'NONE', #8400, #9301 ) ;
#7671 =( LENGTH_UNIT ( ) NAMED_UNIT ( * ) SI_UNIT ( .MILLI., .METRE. ) );
#7672 = ORIENTED_EDGE ( 'NONE', *, *, #2941, .F. ) ;
#7673 = ORIENTED_EDGE ( 'NONE', *, *, #7932, .T. ) ;
#7674 = VECTOR ( 'NONE', #7251, 1000.000000000000000 ) ;
#7675 = EDGE_CURVE ( 'NONE', #1052, #3459, #5371, .T. ) ;
#7676 = CARTESIAN_POINT ( 'NONE',  ( -4.425000000000074429, -1.221249999999999947, -2.185105896938279724 ) ) ;
#7677 = SURFACE_SIDE_STYLE ('',( #4278 ) ) ;
#7678 = EDGE_CURVE ( 'NONE', #7578, #10051, #2950, .T. ) ;
#7679 = LINE ( 'NONE', #2019, #7422 ) ;
#7680 = ADVANCED_FACE ( 'NONE', ( #2705 ), #2240, .T. ) ;
#7681 = SURFACE_STYLE_FILL_AREA ( #9629 ) ;
#7682 = LINE ( 'NONE', #6411, #937 ) ;
#7683 = EDGE_CURVE ( 'NONE', #3431, #3915, #560, .T. ) ;
#7684 = CARTESIAN_POINT ( 'NONE',  ( 0.2700000000000000178, -0.6165488638581649861, 3.330318181988674464 ) ) ;
#7685 = DIRECTION ( 'NONE',  ( -6.123031769111888756E-17, 1.730217700714529757E-16, -1.000000000000000000 ) ) ;
#7686 = PRESENTATION_LAYER_ASSIGNMENT (  '', '', ( #6605 ) ) ;
#7687 = DIRECTION ( 'NONE',  ( -1.000000000000000000, 0.0000000000000000000, 6.123031769111888756E-17 ) ) ;
#7688 = ORIENTED_EDGE ( 'NONE', *, *, #7442, .F. ) ;
#7689 = VECTOR ( 'NONE', #792, 1000.000000000000000 ) ;
#7690 = CARTESIAN_POINT ( 'NONE',  ( 0.9799999999990358646, -3.750000000001014744, 7.232499999999490115 ) ) ;
#7691 = AXIS2_PLACEMENT_3D ( 'NONE', #4826, #2623, #784 ) ;
#7692 = DIRECTION ( 'NONE',  ( 1.000000000000000000, 0.0000000000000000000, 6.123031769111888756E-17 ) ) ;
#7693 = LINE ( 'NONE', #5591, #5499 ) ;
#7694 = ORIENTED_EDGE ( 'NONE', *, *, #4925, .F. ) ;
#7695 = DIRECTION ( 'NONE',  ( -1.000000000000000000, 0.0000000000000000000, 6.123031769111888756E-17 ) ) ;
#7696 = EDGE_CURVE ( 'NONE', #7405, #7988, #4867, .T. ) ;
#7697 = FILL_AREA_STYLE_COLOUR ( '', #6673 ) ;
#7698 = CARTESIAN_POINT ( 'NONE',  ( 0.9799999999994630784, -4.908859290462300962, 10.25999999999999979 ) ) ;
#7699 = EDGE_LOOP ( 'NONE', ( #7448, #5534, #9909, #10169 ) ) ;
#7700 = DIRECTION ( 'NONE',  ( 6.123031769111888756E-17, 6.812328479116998918E-13, 1.000000000000000000 ) ) ;
#7701 = VECTOR ( 'NONE', #8080, 999.9999999999998863 ) ;
#7702 = COLOUR_RGB ( '',0.1411764705882352922, 0.1411764705882352922, 0.1411764705882352922 ) ;
#7703 = ORIENTED_EDGE ( 'NONE', *, *, #8059, .F. ) ;
#7704 = CARTESIAN_POINT ( 'NONE',  ( -4.425000000000090417, -2.180000000000000160, 4.335605995874404428 ) ) ;
#7705 = PRESENTATION_STYLE_ASSIGNMENT (( #791 ) ) ;
#7706 = VECTOR ( 'NONE', #2362, 1000.000000000000000 ) ;
#7707 = AXIS2_PLACEMENT_3D ( 'NONE', #2752, #7858, #9779 ) ;
#7708 = PLANE ( 'NONE',  #8253 ) ;
#7709 = ORIENTED_EDGE ( 'NONE', *, *, #9300, .F. ) ;
#7710 = DIRECTION ( 'NONE',  ( 1.224606353822375779E-16, 0.0000000000000000000, -1.000000000000000000 ) ) ;
#7711 = VECTOR ( 'NONE', #9151, 1000.000000000000000 ) ;
#7712 = ORIENTED_EDGE ( 'NONE', *, *, #3552, .T. ) ;
#7713 =( NAMED_UNIT ( * ) PLANE_ANGLE_UNIT ( ) SI_UNIT ( $, .RADIAN. ) );
#7714 = CARTESIAN_POINT ( 'NONE',  ( -0.7549999999996730438, 3.650732037385749672E-05, -10.25999999999999979 ) ) ;
#7715 = ORIENTED_EDGE ( 'NONE', *, *, #3890, .F. ) ;
#7716 = VERTEX_POINT ( 'NONE', #5498 ) ;
#7717 = LINE ( 'NONE', #1516, #7458 ) ;
#7718 = PRESENTATION_STYLE_ASSIGNMENT (( #10104 ) ) ;
#7719 = AXIS2_PLACEMENT_3D ( 'NONE', #8967, #9803, #4920 ) ;
#7720 = ORIENTED_EDGE ( 'NONE', *, *, #1349, .F. ) ;
#7721 = VECTOR ( 'NONE', #1416, 1000.000000000000000 ) ;
#7722 = ORIENTED_EDGE ( 'NONE', *, *, #10063, .F. ) ;
#7723 =( GEOMETRIC_REPRESENTATION_CONTEXT ( 3 ) GLOBAL_UNCERTAINTY_ASSIGNED_CONTEXT ( ( #674 ) ) GLOBAL_UNIT_ASSIGNED_CONTEXT ( ( #4894, #42, #5730 ) ) REPRESENTATION_CONTEXT ( 'NONE', 'WORKASPACE' ) );
#7724 = ORIENTED_EDGE ( 'NONE', *, *, #8184, .T. ) ;
#7725 = LINE ( 'NONE', #5305, #1230 ) ;
#7726 = ORIENTED_EDGE ( 'NONE', *, *, #9171, .F. ) ;
#7727 = DIRECTION ( 'NONE',  ( -1.000000000000000000, 0.0000000000000000000, 6.123031769111888756E-17 ) ) ;
#7728 = CARTESIAN_POINT ( 'NONE',  ( 4.809999999999999609, -0.4000000000000569766, -2.185105896938279724 ) ) ;
#7729 = EDGE_CURVE ( 'NONE', #3816, #96, #8944, .T. ) ;
#7730 = CARTESIAN_POINT ( 'NONE',  ( -3.194999999999999840, -0.6800000000000000488, -3.334999999999999964 ) ) ;
#7731 = DIRECTION ( 'NONE',  ( -7.327453885258310389E-29, -1.000000000000000000, -1.196703554964752142E-12 ) ) ;
#7732 = ORIENTED_EDGE ( 'NONE', *, *, #581, .T. ) ;
#7733 = CARTESIAN_POINT ( 'NONE',  ( -0.6549999999997639932, 3.650731991911014584E-05, 4.357628357563815058 ) ) ;
#7734 = LINE ( 'NONE', #2417, #1493 ) ;
#7735 = CIRCLE ( 'NONE', #4538, 0.2749999999999206968 ) ;
#7736 = DIRECTION ( 'NONE',  ( 0.2468892371171420297, -0.9690437062360580667, 1.827827637527644934E-16 ) ) ;
#7737 = ORIENTED_EDGE ( 'NONE', *, *, #928, .T. ) ;
#7738 = DIRECTION ( 'NONE',  ( -6.123031769111888756E-17, 0.0000000000000000000, -1.000000000000000000 ) ) ;
#7739 = CARTESIAN_POINT ( 'NONE',  ( -5.080000000000000071, -4.099999999999909939, 3.329999999997765414 ) ) ;
#7740 = AXIS2_PLACEMENT_3D ( 'NONE', #10231, #5338, #495 ) ;
#7741 = ORIENTED_EDGE ( 'NONE', *, *, #4041, .T. ) ;
#7742 = SURFACE_STYLE_FILL_AREA ( #9023 ) ;
#7743 = ORIENTED_EDGE ( 'NONE', *, *, #10147, .F. ) ;
#7744 = VECTOR ( 'NONE', #4052, 1000.000000000000000 ) ;
#7745 = ADVANCED_FACE ( 'NONE', ( #307 ), #8774, .T. ) ;
#7746 = VERTEX_POINT ( 'NONE', #7977 ) ;
#7747 = VECTOR ( 'NONE', #2083, 1000.000000000000000 ) ;
#7748 = LINE ( 'NONE', #9817, #5295 ) ;
#7749 = CARTESIAN_POINT ( 'NONE',  ( -3.657599999999999962, -2.700000000000065015, 0.3649999999997755040 ) ) ;
#7750 = ORIENTED_EDGE ( 'NONE', *, *, #4707, .F. ) ;
#7751 = EDGE_CURVE ( 'NONE', #4697, #8134, #4605, .T. ) ;
#7752 = VERTEX_POINT ( 'NONE', #6370 ) ;
#7753 = ORIENTED_EDGE ( 'NONE', *, *, #3412, .F. ) ;
#7754 = ORIENTED_EDGE ( 'NONE', *, *, #2993, .T. ) ;
#7755 = DIRECTION ( 'NONE',  ( 5.202631688678576249E-17, 0.5272949808244127290, 0.8496822954477646350 ) ) ;
#7756 = VECTOR ( 'NONE', #6153, 1000.000000000000114 ) ;
#7757 = EDGE_CURVE ( 'NONE', #7649, #6417, #6541, .T. ) ;
#7758 = AXIS2_PLACEMENT_3D ( 'NONE', #7627, #2721, #8424 ) ;
#7759 = ORIENTED_EDGE ( 'NONE', *, *, #8276, .F. ) ;
#7760 = CIRCLE ( 'NONE', #2676, 0.2748194203352921083 ) ;
#7761 = ORIENTED_EDGE ( 'NONE', *, *, #6971, .T. ) ;
#7762 = ORIENTED_EDGE ( 'NONE', *, *, #3503, .F. ) ;
#7763 = EDGE_CURVE ( 'NONE', #6101, #7405, #2195, .T. ) ;
#7764 =( NAMED_UNIT ( * ) PLANE_ANGLE_UNIT ( ) SI_UNIT ( $, .RADIAN. ) );
#7765 = VECTOR ( 'NONE', #3306, 1000.000000000000000 ) ;
#7766 = DIRECTION ( 'NONE',  ( 1.000000000000000000, 0.0000000000000000000, -6.123031769111888756E-17 ) ) ;
#7767 = CARTESIAN_POINT ( 'NONE',  ( -4.425000000000109956, -0.9719250235416100336, -4.336245315462229577 ) ) ;
#7768 = DIRECTION ( 'NONE',  ( 1.224606353822375779E-16, 0.0000000000000000000, -1.000000000000000000 ) ) ;
#7769 = FILL_AREA_STYLE_COLOUR ( '', #4083 ) ;
#7770 = PLANE ( 'NONE',  #7920 ) ;
#7771 = ORIENTED_EDGE ( 'NONE', *, *, #393, .F. ) ;
#7772 = DIRECTION ( 'NONE',  ( 6.123031769111888756E-17, 0.0000000000000000000, 1.000000000000000000 ) ) ;
#7773 = EDGE_CURVE ( 'NONE', #3989, #3619, #59, .T. ) ;
#7774 = PLANE ( 'NONE',  #3085 ) ;
#7775 = DIRECTION ( 'NONE',  ( 0.0000000000000000000, 1.000000000000000000, 0.0000000000000000000 ) ) ;
#7776 = STYLED_ITEM ( 'NONE', ( #5630 ), #1401 ) ;
#7777 = VECTOR ( 'NONE', #327, 1000.000000000000000 ) ;
#7778 = DIRECTION ( 'NONE',  ( 0.0000000000000000000, 1.000000000000000000, 0.0000000000000000000 ) ) ;
#7779 = CARTESIAN_POINT ( 'NONE',  ( -2.810000000000000053, -7.250000000000000000, -3.809999999852264896 ) ) ;
#7780 = ORIENTED_EDGE ( 'NONE', *, *, #4430, .F. ) ;
#7781 = ORIENTED_EDGE ( 'NONE', *, *, #5230, .F. ) ;
#7782 = CARTESIAN_POINT ( 'NONE',  ( -1.885000000000000009, -1.364496228814613854, 4.336037564729834592 ) ) ;
#7783 = DIRECTION ( 'NONE',  ( -6.030009158161467605E-17, -0.1736481776669020483, 0.9848077530122131273 ) ) ;
#7784 = SURFACE_SIDE_STYLE ('',( #5535 ) ) ;
#7785 = DIRECTION ( 'NONE',  ( 1.000000000000000000, 0.0000000000000000000, 6.123031769111888756E-17 ) ) ;
#7786 = ORIENTED_EDGE ( 'NONE', *, *, #314, .F. ) ;
#7787 = AXIS2_PLACEMENT_3D ( 'NONE', #2634, #117, #1014 ) ;
#7788 = EDGE_CURVE ( 'NONE', #473, #3252, #9984, .T. ) ;
#7789 = ADVANCED_FACE ( 'NONE', ( #6029 ), #7230, .T. ) ;
#7790 = PRESENTATION_STYLE_ASSIGNMENT (( #8226 ) ) ;
#7791 = PRESENTATION_STYLE_ASSIGNMENT (( #5237 ) ) ;
#7792 = EDGE_LOOP ( 'NONE', ( #7306, #1630, #2152, #1342 ) ) ;
#7793 = CARTESIAN_POINT ( 'NONE',  ( -3.520000000001065388, -5.116929645232019652, 3.884999999852265073 ) ) ;
#7794 = UNCERTAINTY_MEASURE_WITH_UNIT (LENGTH_MEASURE( 1.000000000000000082E-05 ), #3035, 'distance_accuracy_value', 'NONE');
#7795 = CARTESIAN_POINT ( 'NONE',  ( 4.425000000000210321, -0.3902521710449980419, -4.288809933303045163 ) ) ;
#7796 = CARTESIAN_POINT ( 'NONE',  ( -1.885000000000000009, -3.330669073875469621E-16, 1.667499999999999982 ) ) ;
#7797 = DIRECTION ( 'NONE',  ( 1.000000000000000000, -6.945087750622360396E-16, -6.123031769111888756E-17 ) ) ;
#7798 = CARTESIAN_POINT ( 'NONE',  ( -3.194999999999999840, -1.364496228814613854, 4.336037564729834592 ) ) ;
#7799 = CARTESIAN_POINT ( 'NONE',  ( 4.809999999999999609, -2.048462511770785088, -4.335675606200250165 ) ) ;
#7800 = LINE ( 'NONE', #1717, #9697 ) ;
#7801 = ADVANCED_FACE ( 'NONE', ( #8191 ), #1541, .T. ) ;
#7802 = PLANE ( 'NONE',  #4733 ) ;
#7803 = EDGE_CURVE ( 'NONE', #10389, #7240, #1704, .T. ) ;
#7804 = DIRECTION ( 'NONE',  ( 3.342835721018934545E-31, 1.000000000000000000, 5.459445332101871020E-15 ) ) ;
#7805 = CARTESIAN_POINT ( 'NONE',  ( 0.6550000000000000266, -1.364496228814613854, 4.336037564729834592 ) ) ;
#7806 = DIRECTION ( 'NONE',  ( 1.000000000000000000, -6.945087750622360396E-16, -6.123031769111888756E-17 ) ) ;
#7807 = PRESENTATION_STYLE_ASSIGNMENT (( #5652 ) ) ;
#7808 = DIRECTION ( 'NONE',  ( 6.123031769111888756E-17, 0.0000000000000000000, 1.000000000000000000 ) ) ;
#7809 = DIRECTION ( 'NONE',  ( 1.000000000000000000, -1.337492208489744030E-13, 1.224606353822377751E-16 ) ) ;
#7810 = DIRECTION ( 'NONE',  ( -0.2468892371171420574, 0.9690437062360581777, -3.023421284640120468E-17 ) ) ;
#7811 = EDGE_CURVE ( 'NONE', #6835, #9576, #6278, .T. ) ;
#7812 = VECTOR ( 'NONE', #4255, 1000.000000000000000 ) ;
#7813 = DIRECTION ( 'NONE',  ( 0.2468892371169170985, -0.9690437062361153542, -1.827827637527605244E-16 ) ) ;
#7814 = DIRECTION ( 'NONE',  ( 6.587989989187700607E-14, -0.9848077530122221201, -0.1736481776668505062 ) ) ;
#7815 = VECTOR ( 'NONE', #893, 1000.000000000000114 ) ;
#7816 = ORIENTED_EDGE ( 'NONE', *, *, #4028, .T. ) ;
#7817 =( NAMED_UNIT ( * ) PLANE_ANGLE_UNIT ( ) SI_UNIT ( $, .RADIAN. ) );
#7818 = SURFACE_STYLE_FILL_AREA ( #3455 ) ;
#7819 = EDGE_CURVE ( 'NONE', #7578, #3584, #3859, .T. ) ;
#7820 = ORIENTED_EDGE ( 'NONE', *, *, #6751, .T. ) ;
#7821 = VECTOR ( 'NONE', #10299, 1000.000000000000000 ) ;
#7822 = LINE ( 'NONE', #7840, #3497 ) ;
#7823 = VERTEX_POINT ( 'NONE', #10534 ) ;
#7824 = VECTOR ( 'NONE', #4199, 1000.000000000000000 ) ;
#7825 = EDGE_CURVE ( 'NONE', #5099, #8629, #9853, .T. ) ;
#7826 = CARTESIAN_POINT ( 'NONE',  ( 5.080000000000000071, -4.099999999999679900, 2.330000000000040039 ) ) ;
#7827 = CARTESIAN_POINT ( 'NONE',  ( -1.885000000000234932, -0.04322605824517084666, 4.500000000000000000 ) ) ;
#7828 = CARTESIAN_POINT ( 'NONE',  ( -1.487500000000876232, 3.650732181199879656E-05, 4.357628357564144572 ) ) ;
#7829 = CARTESIAN_POINT ( 'NONE',  ( -4.424999999999999822, -1.308111948986800055, -3.923659150360660153 ) ) ;
#7830 = CARTESIAN_POINT ( 'NONE',  ( 4.424999999999999822, -3.330669073875469621E-16, 1.667499999999999982 ) ) ;
#7831 = FILL_AREA_STYLE ('',( #10183 ) ) ;
#7832 = AXIS2_PLACEMENT_3D ( 'NONE', #4965, #9993, #5901 ) ;
#7833 = DIRECTION ( 'NONE',  ( -5.202631688678575633E-17, -0.5272949808244126180, -0.8496822954477645240 ) ) ;
#7834 = VERTEX_POINT ( 'NONE', #5650 ) ;
#7835 = LINE ( 'NONE', #1432, #5135 ) ;
#7836 = EDGE_CURVE ( 'NONE', #91, #4060, #10099, .T. ) ;
#7837 = CIRCLE ( 'NONE', #7897, 0.2749999999999206968 ) ;
#7838 = LINE ( 'NONE', #803, #5927 ) ;
#7839 = EDGE_LOOP ( 'NONE', ( #1269, #2346, #9071, #2836 ) ) ;
#7840 = CARTESIAN_POINT ( 'NONE',  ( -1.785000000000329878, 0.6865000000000239799, 10.25999999999999979 ) ) ;
#7841 = ORIENTED_EDGE ( 'NONE', *, *, #2595, .F. ) ;
#7842 = SURFACE_STYLE_USAGE ( .BOTH. , #2137 ) ;
#7843 = DIRECTION ( 'NONE',  ( -6.123031769111888756E-17, 1.836909530733564901E-16, -1.000000000000000000 ) ) ;
#7844 = DIRECTION ( 'NONE',  ( -4.547473508868780324E-12, 1.000000000000000000, -5.568864952799650000E-28 ) ) ;
#7845 = DIRECTION ( 'NONE',  ( 1.063253308502823887E-17, -0.9848077530122131273, -0.1736481776669020483 ) ) ;
#7846 = STYLED_ITEM ( 'NONE', ( #6442 ), #5871 ) ;
#7847 = VERTEX_POINT ( 'NONE', #3224 ) ;
#7848 = VECTOR ( 'NONE', #4869, 1000.000000000000000 ) ;
#7849 = ORIENTED_EDGE ( 'NONE', *, *, #10360, .F. ) ;
#7850 = SURFACE_SIDE_STYLE ('',( #6685 ) ) ;
#7851 = ORIENTED_EDGE ( 'NONE', *, *, #6291, .T. ) ;
#7852 = VERTEX_POINT ( 'NONE', #1614 ) ;
#7853 = STYLED_ITEM ( 'NONE', ( #4341 ), #2228 ) ;
#7854 = VECTOR ( 'NONE', #8574, 999.9999999999998863 ) ;
#7855 = VECTOR ( 'NONE', #9113, 1000.000000000000000 ) ;
#7856 = LINE ( 'NONE', #9917, #5405 ) ;
#7857 = VECTOR ( 'NONE', #3996, 1000.000000000000114 ) ;
#7858 = DIRECTION ( 'NONE',  ( 6.123031769111888756E-17, -1.730217700714529757E-16, 1.000000000000000000 ) ) ;
#7859 = ADVANCED_FACE ( 'NONE', ( #1445, #5774, #5497, #9577, #7431 ), #8118, .T. ) ;
#7860 = ORIENTED_EDGE ( 'NONE', *, *, #2287, .F. ) ;
#7861 = ORIENTED_EDGE ( 'NONE', *, *, #10173, .F. ) ;
#7862 = LINE ( 'NONE', #4241, #5682 ) ;
#7863 = ORIENTED_EDGE ( 'NONE', *, *, #1880, .F. ) ;
#7864 = CIRCLE ( 'NONE', #5892, 0.2748194203352921083 ) ;
#7865 = AXIS2_PLACEMENT_3D ( 'NONE', #8856, #9684, #4804 ) ;
#7866 = ORIENTED_EDGE ( 'NONE', *, *, #8028, .F. ) ;
#7867 = LINE ( 'NONE', #4731, #4919 ) ;
#7868 = STYLED_ITEM ( 'NONE', ( #9009 ), #3837 ) ;
#7869 = CARTESIAN_POINT ( 'NONE',  ( -3.810000000000000053, -7.150999999999920753, 3.884999999852265073 ) ) ;
#7870 = CARTESIAN_POINT ( 'NONE',  ( -3.195000000000054907, -2.180000000000000160, 2.185105896938285053 ) ) ;
#7871 = VERTEX_POINT ( 'NONE', #3273 ) ;
#7872 = EDGE_CURVE ( 'NONE', #5380, #8465, #8806, .T. ) ;
#7873 = CARTESIAN_POINT ( 'NONE',  ( -0.7549999999996730438, 0.9086536693862470315, 4.663893177324039740 ) ) ;
#7874 = ORIENTED_EDGE ( 'NONE', *, *, #6085, .F. ) ;
#7875 = ORIENTED_EDGE ( 'NONE', *, *, #9487, .T. ) ;
#7876 = EDGE_LOOP ( 'NONE', ( #2890, #2584, #7480, #6007, #7720, #9809, #9452, #6317, #2175, #8699, #8100, #8871, #504, #2387, #8327, #4782, #1167, #2848, #4966, #553, #1490, #5752 ) ) ;
#7877 = SURFACE_SIDE_STYLE ('',( #476 ) ) ;
#7878 = LINE ( 'NONE', #220, #5431 ) ;
#7879 = LINE ( 'NONE', #647, #3553 ) ;
#7880 = DIRECTION ( 'NONE',  ( 1.063253308502512041E-17, 0.9848077530122221201, 0.1736481776668505062 ) ) ;
#7881 =( GEOMETRIC_REPRESENTATION_CONTEXT ( 3 ) GLOBAL_UNCERTAINTY_ASSIGNED_CONTEXT ( ( #8049 ) ) GLOBAL_UNIT_ASSIGNED_CONTEXT ( ( #8194, #3323, #9016 ) ) REPRESENTATION_CONTEXT ( 'NONE', 'WORKASPACE' ) );
#7882 = VERTEX_POINT ( 'NONE', #5732 ) ;
#7883 = SURFACE_SIDE_STYLE ('',( #8343 ) ) ;
#7884 = CARTESIAN_POINT ( 'NONE',  ( 3.194999999999879936, -0.8897388526408829268, -4.186245315462254979 ) ) ;
#7885 = AXIS2_PLACEMENT_3D ( 'NONE', #2123, #3767, #9446 ) ;
#7886 = SURFACE_STYLE_USAGE ( .BOTH. , #2164 ) ;
#7887 = EDGE_CURVE ( 'NONE', #8867, #1261, #6662, .T. ) ;
#7888 = EDGE_LOOP ( 'NONE', ( #10329, #9988, #868, #8106 ) ) ;
#7889 = EDGE_LOOP ( 'NONE', ( #8079, #4533, #1408, #2087 ) ) ;
#7890 = CARTESIAN_POINT ( 'NONE',  ( 5.080000000000000071, 1.000000000000000000, 4.679999999999999716 ) ) ;
#7891 = EDGE_CURVE ( 'NONE', #1756, #4249, #4472, .T. ) ;
#7892 = VERTEX_POINT ( 'NONE', #8956 ) ;
#7893 = DIRECTION ( 'NONE',  ( -1.000000000000000000, 0.0000000000000000000, 6.123031769111888756E-17 ) ) ;
#7894 = DIRECTION ( 'NONE',  ( -6.123031769111888756E-17, 1.730217700714529757E-16, 1.000000000000000000 ) ) ;
#7895 = EDGE_CURVE ( 'NONE', #279, #5267, #4231, .T. ) ;
#7896 = VECTOR ( 'NONE', #7182, 1000.000000000000000 ) ;
#7897 = AXIS2_PLACEMENT_3D ( 'NONE', #1794, #7498, #2594 ) ;
#7898 = VERTEX_POINT ( 'NONE', #84 ) ;
#7899 = ORIENTED_EDGE ( 'NONE', *, *, #2787, .T. ) ;
#7900 = EDGE_CURVE ( 'NONE', #7202, #11, #8552, .T. ) ;
#7901 = CARTESIAN_POINT ( 'NONE',  ( -0.7549999999996740430, 0.1836702602581190280, 7.348433255235999439 ) ) ;
#7902 = CARTESIAN_POINT ( 'NONE',  ( -0.6549999999998299405, -0.4877706291219079948, 4.271614798027000504 ) ) ;
#7903 = CARTESIAN_POINT ( 'NONE',  ( 5.080000000000000071, -3.750000000000000000, -2.330000000000270077 ) ) ;
#7904 = LINE ( 'NONE', #8329, #8151 ) ;
#7905 = ORIENTED_EDGE ( 'NONE', *, *, #2894, .T. ) ;
#7906 = ADVANCED_FACE ( 'NONE', ( #10470 ), #8223, .T. ) ;
#7907 = FILL_AREA_STYLE ('',( #2966 ) ) ;
#7908 = CARTESIAN_POINT ( 'NONE',  ( 3.795893264020365088, -7.250000000000000000, -3.884999999852265073 ) ) ;
#7909 = DIRECTION ( 'NONE',  ( -1.317172696514087449E-13, 0.9848077530121837064, -0.1736481776670679711 ) ) ;
#7910 = CARTESIAN_POINT ( 'NONE',  ( -3.906592582628799715, -7.176881904510220345, 3.884999999852265073 ) ) ;
#7911 = LINE ( 'NONE', #4822, #1159 ) ;
#7912 = DIRECTION ( 'NONE',  ( 1.000000000000000000, 0.0000000000000000000, -6.123031769111888756E-17 ) ) ;
#7913 = ORIENTED_EDGE ( 'NONE', *, *, #7757, .F. ) ;
#7914 = AXIS2_PLACEMENT_3D ( 'NONE', #8652, #3794, #9469 ) ;
#7915 = CARTESIAN_POINT ( 'NONE',  ( -3.519999999999464890, -4.908859290462300962, -10.25999999999999979 ) ) ;
#7916 = DIRECTION ( 'NONE',  ( 1.000000000000000000, 0.0000000000000000000, -6.123031769111888756E-17 ) ) ;
#7917 = VERTEX_POINT ( 'NONE', #1713 ) ;
#7918 = DIRECTION ( 'NONE',  ( 1.000000000000000000, 0.0000000000000000000, 0.0000000000000000000 ) ) ;
#7919 =( NAMED_UNIT ( * ) SI_UNIT ( $, .STERADIAN. ) SOLID_ANGLE_UNIT ( ) );
#7920 = AXIS2_PLACEMENT_3D ( 'NONE', #2859, #3701, #9391 ) ;
#7921 = CARTESIAN_POINT ( 'NONE',  ( -4.325000000000329692, 0.6005582141878489377, 4.463516536985710381 ) ) ;
#7922 = ORIENTED_EDGE ( 'NONE', *, *, #6856, .F. ) ;
#7923 = LINE ( 'NONE', #747, #7674 ) ;
#7924 = EDGE_CURVE ( 'NONE', #376, #1270, #6402, .T. ) ;
#7925 = UNCERTAINTY_MEASURE_WITH_UNIT (LENGTH_MEASURE( 1.000000000000000082E-05 ), #8825, 'distance_accuracy_value', 'NONE');
#7926 = FACE_OUTER_BOUND ( 'NONE', #201, .T. ) ;
#7927 = MECHANICAL_DESIGN_GEOMETRIC_PRESENTATION_REPRESENTATION (  '', ( #6847 ), #8471 ) ;
#7928 = DIRECTION ( 'NONE',  ( -3.228643919281117811E-17, 0.8496822954477646350, 0.5272949808244127290 ) ) ;
#7929 = SURFACE_STYLE_USAGE ( .BOTH. , #2224 ) ;
#7930 = VECTOR ( 'NONE', #6794, 1000.000000000000000 ) ;
#7931 = FACE_OUTER_BOUND ( 'NONE', #5301, .T. ) ;
#7932 = EDGE_CURVE ( 'NONE', #3459, #9576, #2313, .T. ) ;
#7933 = DIRECTION ( 'NONE',  ( -1.000000000000000000, 0.0000000000000000000, 6.123031769111888756E-17 ) ) ;
#7934 = VERTEX_POINT ( 'NONE', #6624 ) ;
#7935 = PLANE ( 'NONE',  #7467 ) ;
#7936 = VECTOR ( 'NONE', #3190, 1000.000000000000000 ) ;
#7937 = DIRECTION ( 'NONE',  ( 0.0000000000000000000, 0.0000000000000000000, -1.000000000000000000 ) ) ;
#7938 = DIRECTION ( 'NONE',  ( -6.123031769111888756E-17, 1.836909530733564901E-16, -1.000000000000000000 ) ) ;
#7939 = FACE_OUTER_BOUND ( 'NONE', #9744, .T. ) ;
#7940 = ORIENTED_EDGE ( 'NONE', *, *, #4501, .T. ) ;
#7941 = CARTESIAN_POINT ( 'NONE',  ( -3.520000000000000018, -6.417755088244880390, -3.734999999852264718 ) ) ;
#7942 = DIRECTION ( 'NONE',  ( 4.547473508868780324E-12, 1.000000000000000000, 0.0000000000000000000 ) ) ;
#7943 = EDGE_CURVE ( 'NONE', #1881, #10389, #5899, .T. ) ;
#7944 = AXIS2_PLACEMENT_3D ( 'NONE', #8181, #4119, #9821 ) ;
#7945 = ORIENTED_EDGE ( 'NONE', *, *, #7545, .F. ) ;
#7946 =( LENGTH_UNIT ( ) NAMED_UNIT ( * ) SI_UNIT ( .MILLI., .METRE. ) );
#7947 = VECTOR ( 'NONE', #3971, 1000.000000000000114 ) ;
#7948 = VERTEX_POINT ( 'NONE', #4200 ) ;
#7949 = VECTOR ( 'NONE', #8466, 999.9999999999998863 ) ;
#7950 = DIRECTION ( 'NONE',  ( -1.000000000000000000, -4.547473508868780324E-12, -8.019035039880990008E-13 ) ) ;
#7951 = ADVANCED_FACE ( 'NONE', ( #1569 ), #9063, .T. ) ;
#7952 = DIRECTION ( 'NONE',  ( 0.0000000000000000000, -1.000000000000000000, 0.0000000000000000000 ) ) ;
#7953 = ORIENTED_EDGE ( 'NONE', *, *, #7482, .T. ) ;
#7954 = EDGE_CURVE ( 'NONE', #9074, #1644, #3967, .T. ) ;
#7955 = VECTOR ( 'NONE', #716, 1000.000000000000114 ) ;
#7956 = CIRCLE ( 'NONE', #8516, 1.000000000000000000 ) ;
#7957 = DIRECTION ( 'NONE',  ( 0.0000000000000000000, 1.000000000000000000, 0.0000000000000000000 ) ) ;
#7958 = VERTEX_POINT ( 'NONE', #7441 ) ;
#7959 = LINE ( 'NONE', #7749, #959 ) ;
#7960 = ORIENTED_EDGE ( 'NONE', *, *, #3309, .T. ) ;
#7961 = EDGE_CURVE ( 'NONE', #8020, #7558, #9974, .T. ) ;
#7962 = ORIENTED_EDGE ( 'NONE', *, *, #5772, .T. ) ;
#7963 = ORIENTED_EDGE ( 'NONE', *, *, #6722, .F. ) ;
#7964 = CARTESIAN_POINT ( 'NONE',  ( 1.885000000000215170, -0.1618430139594435047, 2.597605896938239844 ) ) ;
#7965 = DIRECTION ( 'NONE',  ( 3.240339941653821206E-20, -0.9999998599709452041, 0.0005292051493183440791 ) ) ;
#7966 =( LENGTH_UNIT ( ) NAMED_UNIT ( * ) SI_UNIT ( .MILLI., .METRE. ) );
#7967 = LINE ( 'NONE', #8431, #5527 ) ;
#7968 = AXIS2_PLACEMENT_3D ( 'NONE', #4258, #9824, #9137 ) ;
#7969 = ORIENTED_EDGE ( 'NONE', *, *, #7003, .T. ) ;
#7970 = CIRCLE ( 'NONE', #9544, 0.1000000000000807049 ) ;
#7971 = ORIENTED_EDGE ( 'NONE', *, *, #1678, .T. ) ;
#7972 = PLANE ( 'NONE',  #7303 ) ;
#7973 = ORIENTED_EDGE ( 'NONE', *, *, #5203, .T. ) ;
#7974 = VECTOR ( 'NONE', #7710, 1000.000000000000000 ) ;
#7975 = EDGE_LOOP ( 'NONE', ( #7302, #358, #1372, #5930 ) ) ;
#7976 = EDGE_LOOP ( 'NONE', ( #2712, #5430, #2506, #9546 ) ) ;
#7977 = CARTESIAN_POINT ( 'NONE',  ( -0.6549999999997749844, -0.1618430139594435047, -2.597605896938239844 ) ) ;
#7978 = VECTOR ( 'NONE', #4816, 1000.000000000000000 ) ;
#7979 = DIRECTION ( 'NONE',  ( 1.000000000000000000, 0.0000000000000000000, 0.0000000000000000000 ) ) ;
#7980 = DIRECTION ( 'NONE',  ( 0.0000000000000000000, 0.9848077530122136825, -0.1736481776668984678 ) ) ;
#7981 = VECTOR ( 'NONE', #3940, 1000.000000000000000 ) ;
#7982 =( LENGTH_UNIT ( ) NAMED_UNIT ( * ) SI_UNIT ( .MILLI., .METRE. ) );
#7983 = ADVANCED_FACE ( 'NONE', ( #10230 ), #9710, .T. ) ;
#7984 = CARTESIAN_POINT ( 'NONE',  ( 3.194999999999804885, -0.6264186456785509893, 3.346222332753779671 ) ) ;
#7985 = ORIENTED_EDGE ( 'NONE', *, *, #28, .T. ) ;
#7986 = AXIS2_PLACEMENT_3D ( 'NONE', #10290, #1453, #2366 ) ;
#7987 = FILL_AREA_STYLE ('',( #6346 ) ) ;
#7988 = VERTEX_POINT ( 'NONE', #1010 ) ;
#7989 = VERTEX_POINT ( 'NONE', #6695 ) ;
#7990 = EDGE_CURVE ( 'NONE', #8337, #4951, #7556, .T. ) ;
#7991 = LINE ( 'NONE', #3191, #1502 ) ;
#7992 = EDGE_LOOP ( 'NONE', ( #1890, #7820, #10518, #412 ) ) ;
#7993 = DIRECTION ( 'NONE',  ( 1.224606353822375779E-16, 0.0000000000000000000, -1.000000000000000000 ) ) ;
#7994 = LINE ( 'NONE', #1356, #9639 ) ;
#7995 = FACE_OUTER_BOUND ( 'NONE', #906, .T. ) ;
#7996 = ORIENTED_EDGE ( 'NONE', *, *, #4405, .T. ) ;
#7997 = VERTEX_POINT ( 'NONE', #7521 ) ;
#7998 = ORIENTED_EDGE ( 'NONE', *, *, #798, .T. ) ;
#7999 = EDGE_LOOP ( 'NONE', ( #1415, #3208, #8480, #4344, #320, #10276, #494, #2652, #4545, #10481 ) ) ;
#8000 = DIRECTION ( 'NONE',  ( 3.681132786215100208E-13, -1.000000000000000000, 1.730217700714754829E-16 ) ) ;
#8001 = PLANE ( 'NONE',  #7036 ) ;
#8002 = EDGE_CURVE ( 'NONE', #2577, #8677, #3483, .T. ) ;
#8003 = LINE ( 'NONE', #1293, #3433 ) ;
#8004 = ORIENTED_EDGE ( 'NONE', *, *, #8353, .F. ) ;
#8005 = LINE ( 'NONE', #6898, #1778 ) ;
#8006 = ADVANCED_FACE ( 'NONE', ( #3207 ), #7290, .T. ) ;
#8007 = VERTEX_POINT ( 'NONE', #5909 ) ;
#8008 = DIRECTION ( 'NONE',  ( -1.063253308502803550E-17, 0.9848077530122136825, 0.1736481776668984400 ) ) ;
#8009 = CARTESIAN_POINT ( 'NONE',  ( -4.688081641154600021, -3.399999999999634870, -0.9199999999999590727 ) ) ;
#8010 = PRESENTATION_LAYER_ASSIGNMENT (  '', '', ( #6909 ) ) ;
#8011 = DIRECTION ( 'NONE',  ( -0.2468892371171420297, 0.9690437062360580667, -1.827827637527644934E-16 ) ) ;
#8012 = CARTESIAN_POINT ( 'NONE',  ( 4.425000000000155254, -1.221249999999999947, -2.185105896938279724 ) ) ;
#8013 = CARTESIAN_POINT ( 'NONE',  ( -4.204005814526729168, -6.009530812630630159, 3.884999999852265073 ) ) ;
#8014 = ORIENTED_EDGE ( 'NONE', *, *, #1487, .F. ) ;
#8015 = DIRECTION ( 'NONE',  ( 1.000000000000000000, 0.0000000000000000000, -6.123031769111888756E-17 ) ) ;
#8016 = CARTESIAN_POINT ( 'NONE',  ( 3.810000000000000053, -2.180000000000000160, 2.169999999999999929 ) ) ;
#8017 = EDGE_CURVE ( 'NONE', #10313, #9329, #5628, .T. ) ;
#8018 = VECTOR ( 'NONE', #6015, 1000.000000000000114 ) ;
#8019 =( NAMED_UNIT ( * ) PLANE_ANGLE_UNIT ( ) SI_UNIT ( $, .RADIAN. ) );
#8020 = VERTEX_POINT ( 'NONE', #6735 ) ;
#8021 = PLANE ( 'NONE',  #4427 ) ;
#8022 = VERTEX_POINT ( 'NONE', #7548 ) ;
#8023 = EDGE_CURVE ( 'NONE', #1366, #6575, #805, .T. ) ;
#8024 = MECHANICAL_DESIGN_GEOMETRIC_PRESENTATION_REPRESENTATION (  '', ( #6927 ), #8549 ) ;
#8025 = AXIS2_PLACEMENT_3D ( 'NONE', #4567, #4063, #1660 ) ;
#8026 = SURFACE_STYLE_FILL_AREA ( #6522 ) ;
#8027 = ADVANCED_FACE ( 'NONE', ( #9449 ), #9173, .T. ) ;
#8028 = EDGE_CURVE ( 'NONE', #2633, #3275, #1314, .T. ) ;
#8029 = EDGE_LOOP ( 'NONE', ( #3440, #8842, #8945, #5019 ) ) ;
#8030 = CARTESIAN_POINT ( 'NONE',  ( 1.559999999998930020, -5.116929645232019652, 3.734999999852264718 ) ) ;
#8031 = DIRECTION ( 'NONE',  ( 1.059417794895478013E-32, 1.000000000000000000, 1.730217700714529757E-16 ) ) ;
#8032 = DIRECTION ( 'NONE',  ( 0.0000000000000000000, 1.000000000000000000, 0.0000000000000000000 ) ) ;
#8033 = CARTESIAN_POINT ( 'NONE',  ( -3.310000000000000053, 0.6865000000000239799, -4.478670392594660044 ) ) ;
#8034 = ORIENTED_EDGE ( 'NONE', *, *, #8532, .F. ) ;
#8035 = CARTESIAN_POINT ( 'NONE',  ( 4.809999999999999609, -7.250000000000000000, -3.809999999852264896 ) ) ;
#8036 = ORIENTED_EDGE ( 'NONE', *, *, #3058, .F. ) ;
#8037 = DIRECTION ( 'NONE',  ( 0.0000000000000000000, 1.000000000000000000, 0.0000000000000000000 ) ) ;
#8038 = CARTESIAN_POINT ( 'NONE',  ( -4.099999999998930278, -5.116929645232019652, -3.734999999852260277 ) ) ;
#8039 = ORIENTED_EDGE ( 'NONE', *, *, #2811, .F. ) ;
#8040 = CARTESIAN_POINT ( 'NONE',  ( 2.270000000000000018, -0.1618430139594435047, -2.597605896938239844 ) ) ;
#8041 = AXIS2_PLACEMENT_3D ( 'NONE', #5865, #7564, #8285 ) ;
#8042 = DIRECTION ( 'NONE',  ( 1.224606353822375779E-16, 0.0000000000000000000, -1.000000000000000000 ) ) ;
#8043 = CARTESIAN_POINT ( 'NONE',  ( -4.003296291313994892, -6.797318496379340047, -10.25999999999999979 ) ) ;
#8044 = DIRECTION ( 'NONE',  ( 5.202631688678576249E-17, -0.5272949808244127290, 0.8496822954477646350 ) ) ;
#8045 = LINE ( 'NONE', #4979, #5617 ) ;
#8046 = CARTESIAN_POINT ( 'NONE',  ( -1.885000000000194964, -0.6264186456785509893, 3.346222332753779671 ) ) ;
#8047 = CARTESIAN_POINT ( 'NONE',  ( 5.080000000000000071, -3.750000000000229594, 2.330000000000040039 ) ) ;
#8048 =( NAMED_UNIT ( * ) PLANE_ANGLE_UNIT ( ) SI_UNIT ( $, .RADIAN. ) );
#8049 = UNCERTAINTY_MEASURE_WITH_UNIT (LENGTH_MEASURE( 1.000000000000000082E-05 ), #8194, 'distance_accuracy_value', 'NONE');
#8050 = MECHANICAL_DESIGN_GEOMETRIC_PRESENTATION_REPRESENTATION (  '', ( #6408 ), #8586 ) ;
#8051 = CARTESIAN_POINT ( 'NONE',  ( 0.6549999999998280531, -0.9719250235416100336, 4.336245315462229577 ) ) ;
#8052 = LINE ( 'NONE', #7664, #3722 ) ;
#8053 = DIRECTION ( 'NONE',  ( 0.0000000000000000000, -1.000000000000000000, 0.0000000000000000000 ) ) ;
#8054 = ADVANCED_FACE ( 'NONE', ( #4855 ), #1071, .T. ) ;
#8055 = VECTOR ( 'NONE', #2067, 1000.000000000000000 ) ;
#8056 = PLANE ( 'NONE',  #5124 ) ;
#8057 = AXIS2_PLACEMENT_3D ( 'NONE', #4308, #272, #1082 ) ;
#8058 = CARTESIAN_POINT ( 'NONE',  ( 2.404999999999999805, -3.750000000000104805, -3.734999999852264718 ) ) ;
#8059 = EDGE_CURVE ( 'NONE', #5298, #1270, #549, .T. ) ;
#8060 = VECTOR ( 'NONE', #2552, 1000.000000000000000 ) ;
#8061 = LINE ( 'NONE', #5722, #1571 ) ;
#8062 = ORIENTED_EDGE ( 'NONE', *, *, #1046, .F. ) ;
#8063 = FACE_OUTER_BOUND ( 'NONE', #3498, .T. ) ;
#8064 = LINE ( 'NONE', #6935, #10236 ) ;
#8065 = DIRECTION ( 'NONE',  ( 1.000000000000000000, 0.0000000000000000000, -6.123031769111888756E-17 ) ) ;
#8066 = ORIENTED_EDGE ( 'NONE', *, *, #6804, .F. ) ;
#8067 = LINE ( 'NONE', #2907, #10483 ) ;
#8068 = AXIS2_PLACEMENT_3D ( 'NONE', #5009, #8326, #3464 ) ;
#8069 = FACE_OUTER_BOUND ( 'NONE', #744, .T. ) ;
#8070 =( NAMED_UNIT ( * ) PLANE_ANGLE_UNIT ( ) SI_UNIT ( $, .RADIAN. ) );
#8071 = VERTEX_POINT ( 'NONE', #1111 ) ;
#8072 = FILL_AREA_STYLE ('',( #4792 ) ) ;
#8073 = FACE_OUTER_BOUND ( 'NONE', #5285, .T. ) ;
#8074 = CARTESIAN_POINT ( 'NONE',  ( 5.080000000000000071, 1.000000000000000000, -4.880000000000110028 ) ) ;
#8075 = EDGE_CURVE ( 'NONE', #7206, #284, #6786, .T. ) ;
#8076 = CARTESIAN_POINT ( 'NONE',  ( -3.194999999999999840, -0.6800000000000000488, -2.169999999999999929 ) ) ;
#8077 = CARTESIAN_POINT ( 'NONE',  ( -3.520000000000980123, -6.417755088248520146, 10.25999999999999979 ) ) ;
#8078 = DIRECTION ( 'NONE',  ( 0.0000000000000000000, 0.0000000000000000000, 1.000000000000000000 ) ) ;
#8079 = ORIENTED_EDGE ( 'NONE', *, *, #5369, .F. ) ;
#8080 = DIRECTION ( 'NONE',  ( -5.202631688678576249E-17, 0.5272949808244127290, -0.8496822954477646350 ) ) ;
#8081 = ADVANCED_FACE ( 'NONE', ( #8932 ), #2722, .T. ) ;
#8082 = DIRECTION ( 'NONE',  ( 1.000000000000000000, 0.0000000000000000000, 6.123031769111888756E-17 ) ) ;
#8083 = ORIENTED_EDGE ( 'NONE', *, *, #4775, .F. ) ;
#8084 = FACE_OUTER_BOUND ( 'NONE', #10103, .T. ) ;
#8085 = ORIENTED_EDGE ( 'NONE', *, *, #8749, .T. ) ;
#8086 = EDGE_CURVE ( 'NONE', #1655, #6990, #6021, .T. ) ;
#8087 = ORIENTED_EDGE ( 'NONE', *, *, #1152, .T. ) ;
#8088 = LINE ( 'NONE', #10546, #3760 ) ;
#8089 = ORIENTED_EDGE ( 'NONE', *, *, #6924, .F. ) ;
#8090 = DIRECTION ( 'NONE',  ( 3.342835721018934545E-31, -1.000000000000000000, 5.459445332101871020E-15 ) ) ;
#8091 = EDGE_CURVE ( 'NONE', #2880, #10138, #1696, .T. ) ;
#8092 = EDGE_LOOP ( 'NONE', ( #6302, #8658, #4485, #5696 ) ) ;
#8093 = CARTESIAN_POINT ( 'NONE',  ( -1.885000000000000009, -3.330669073875469621E-16, 1.667499999999999982 ) ) ;
#8094 = VECTOR ( 'NONE', #448, 1000.000000000000000 ) ;
#8095 = VECTOR ( 'NONE', #4212, 1000.000000000000114 ) ;
#8096 = FACE_OUTER_BOUND ( 'NONE', #6341, .T. ) ;
#8097 = EDGE_CURVE ( 'NONE', #6990, #6852, #3849, .T. ) ;
#8098 = CARTESIAN_POINT ( 'NONE',  ( 3.194999999999770246, -0.04322605824516725231, -4.500000000000000000 ) ) ;
#8099 = ORIENTED_EDGE ( 'NONE', *, *, #4350, .T. ) ;
#8100 = ORIENTED_EDGE ( 'NONE', *, *, #8715, .F. ) ;
#8101 = CARTESIAN_POINT ( 'NONE',  ( 3.810000000000000053, -0.6800000000000000488, 4.500000000000000000 ) ) ;
#8102 = FACE_OUTER_BOUND ( 'NONE', #2977, .T. ) ;
#8103 = EDGE_LOOP ( 'NONE', ( #5010, #7737, #9828, #3639 ) ) ;
#8104 = CARTESIAN_POINT ( 'NONE',  ( -1.560000000000964837, -3.750000000000104805, 3.734999999852260277 ) ) ;
#8105 = AXIS2_PLACEMENT_3D ( 'NONE', #8387, #6343, #652 ) ;
#8106 = ORIENTED_EDGE ( 'NONE', *, *, #2868, .F. ) ;
#8107 = CARTESIAN_POINT ( 'NONE',  ( 4.325000000000325251, 0.6865000000000239799, -4.478670392594660044 ) ) ;
#8108 = LINE ( 'NONE', #8058, #3783 ) ;
#8109 = ADVANCED_FACE ( 'NONE', ( #1435 ), #9283, .T. ) ;
#8110 = CARTESIAN_POINT ( 'NONE',  ( -4.100000000000960654, -3.750000000000144773, 3.884999999852265073 ) ) ;
#8111 = FACE_OUTER_BOUND ( 'NONE', #5166, .T. ) ;
#8112 = VERTEX_POINT ( 'NONE', #6044 ) ;
#8113 = DIRECTION ( 'NONE',  ( -3.240339941653820604E-20, -0.9999998599709450930, -0.0005292051493183439707 ) ) ;
#8114 = UNCERTAINTY_MEASURE_WITH_UNIT (LENGTH_MEASURE( 1.000000000000000082E-05 ), #8300, 'distance_accuracy_value', 'NONE');
#8115 = ORIENTED_EDGE ( 'NONE', *, *, #8893, .F. ) ;
#8116 = ORIENTED_EDGE ( 'NONE', *, *, #113, .T. ) ;
#8117 = CARTESIAN_POINT ( 'NONE',  ( -1.270000000000000018, -0.6800000000000000488, -2.169999999999999929 ) ) ;
#8118 = PLANE ( 'NONE',  #3624 ) ;
#8119 = DIRECTION ( 'NONE',  ( -1.000000000000000000, 4.547473508868780324E-12, 0.0000000000000000000 ) ) ;
#8120 = ORIENTED_EDGE ( 'NONE', *, *, #10010, .T. ) ;
#8121 = PLANE ( 'NONE',  #10046 ) ;
#8122 = CARTESIAN_POINT ( 'NONE',  ( 3.906592582628799715, -7.176881904510220345, -3.734999999852264718 ) ) ;
#8123 = AXIS2_PLACEMENT_3D ( 'NONE', #9099, #9913, #9944 ) ;
#8124 = LINE ( 'NONE', #7121, #5970 ) ;
#8125 = CARTESIAN_POINT ( 'NONE',  ( 2.810000000000000053, -7.250000000000000000, 3.884999999852265073 ) ) ;
#8126 = EDGE_CURVE ( 'NONE', #124, #1219, #9842, .T. ) ;
#8127 = ORIENTED_EDGE ( 'NONE', *, *, #10010, .F. ) ;
#8128 = CARTESIAN_POINT ( 'NONE',  ( -4.424999999999999822, -2.180000000000000160, -2.169999999999999929 ) ) ;
#8129 = DIRECTION ( 'NONE',  ( 2.273736754434390162E-12, 1.000000000000000000, 2.784432476399825000E-28 ) ) ;
#8130 = PLANE ( 'NONE',  #6670 ) ;
#8131 = PLANE ( 'NONE',  #6627 ) ;
#8132 = ORIENTED_EDGE ( 'NONE', *, *, #180, .T. ) ;
#8133 = CARTESIAN_POINT ( 'NONE',  ( 3.294999999999674856, 0.6865000000000239799, -4.478670392594660044 ) ) ;
#8134 = VERTEX_POINT ( 'NONE', #10139 ) ;
#8135 = AXIS2_PLACEMENT_3D ( 'NONE', #8875, #9699, #4821 ) ;
#8136 = ORIENTED_EDGE ( 'NONE', *, *, #4132, .T. ) ;
#8137 =( GEOMETRIC_REPRESENTATION_CONTEXT ( 3 ) GLOBAL_UNCERTAINTY_ASSIGNED_CONTEXT ( ( #7794 ) ) GLOBAL_UNIT_ASSIGNED_CONTEXT ( ( #3035, #8738, #3865 ) ) REPRESENTATION_CONTEXT ( 'NONE', 'WORKASPACE' ) );
#8138 = ADVANCED_FACE ( 'NONE', ( #5489 ), #3622, .T. ) ;
#8139 =( NAMED_UNIT ( * ) SI_UNIT ( $, .STERADIAN. ) SOLID_ANGLE_UNIT ( ) );
#8140 = EDGE_CURVE ( 'NONE', #4252, #6334, #1182, .T. ) ;
#8141 = DIRECTION ( 'NONE',  ( -3.681132786215100208E-13, -1.000000000000000000, -1.730217700714304685E-16 ) ) ;
#8142 = PLANE ( 'NONE',  #6287 ) ;
#8143 =( NAMED_UNIT ( * ) SI_UNIT ( $, .STERADIAN. ) SOLID_ANGLE_UNIT ( ) );
#8144 = LINE ( 'NONE', #10291, #5986 ) ;
#8145 = ORIENTED_EDGE ( 'NONE', *, *, #2276, .F. ) ;
#8146 = ORIENTED_EDGE ( 'NONE', *, *, #7696, .T. ) ;
#8147 = CARTESIAN_POINT ( 'NONE',  ( 4.325000000000325251, 0.6646145760520409951, 4.620862500821609764 ) ) ;
#8148 = CARTESIAN_POINT ( 'NONE',  ( -1.560000000000534959, -4.908859290462300962, 10.25999999999999979 ) ) ;
#8149 = EDGE_CURVE ( 'NONE', #4238, #7362, #7679, .T. ) ;
#8150 = DIRECTION ( 'NONE',  ( 6.123031769111888756E-17, -2.601093943404129786E-13, 1.000000000000000000 ) ) ;
#8151 = VECTOR ( 'NONE', #9142, 1000.000000000000000 ) ;
#8152 = DIRECTION ( 'NONE',  ( -1.000000000000000000, 0.0000000000000000000, 6.123031769111888756E-17 ) ) ;
#8153 = PLANE ( 'NONE',  #558 ) ;
#8154 =( NAMED_UNIT ( * ) PLANE_ANGLE_UNIT ( ) SI_UNIT ( $, .RADIAN. ) );
#8155 = ORIENTED_EDGE ( 'NONE', *, *, #5266, .T. ) ;
#8156 =( NAMED_UNIT ( * ) PLANE_ANGLE_UNIT ( ) SI_UNIT ( $, .RADIAN. ) );
#8157 = EDGE_CURVE ( 'NONE', #5150, #2633, #9568, .T. ) ;
#8158 = CARTESIAN_POINT ( 'NONE',  ( 1.785000000000324993, 0.6865000000000239799, 4.478670392594660044 ) ) ;
#8159 = ADVANCED_FACE ( 'NONE', ( #9315 ), #10178, .T. ) ;
#8160 = CARTESIAN_POINT ( 'NONE',  ( 3.194999999999764917, 8.272839892444299875E-16, -4.503673019291570156 ) ) ;
#8161 = DIRECTION ( 'NONE',  ( 2.126506617005608948E-17, -0.9848077530122136825, -0.1736481776668984678 ) ) ;
#8162 = VERTEX_POINT ( 'NONE', #5210 ) ;
#8163 = EDGE_CURVE ( 'NONE', #2933, #3146, #3345, .T. ) ;
#8164 = MECHANICAL_DESIGN_GEOMETRIC_PRESENTATION_REPRESENTATION (  '', ( #6531 ), #8695 ) ;
#8165 = ORIENTED_EDGE ( 'NONE', *, *, #7803, .T. ) ;
#8166 = ORIENTED_EDGE ( 'NONE', *, *, #2638, .T. ) ;
#8167 = CARTESIAN_POINT ( 'NONE',  ( 4.325000000000325251, 0.6865000000000239799, -4.496744093870610470 ) ) ;
#8168 = DIRECTION ( 'NONE',  ( -1.000000000000000000, 0.0000000000000000000, 6.123031769111888756E-17 ) ) ;
#8169 = SURFACE_STYLE_USAGE ( .BOTH. , #9052 ) ;
#8170 = ORIENTED_EDGE ( 'NONE', *, *, #5345, .F. ) ;
#8171 = SURFACE_SIDE_STYLE ('',( #737 ) ) ;
#8172 = CARTESIAN_POINT ( 'NONE',  ( -4.425000000000170353, -0.9719250235416100336, 4.186245315462254979 ) ) ;
#8173 = VECTOR ( 'NONE', #5568, 1000.000000000000114 ) ;
#8174 = CARTESIAN_POINT ( 'NONE',  ( -3.194999999999999840, -0.6800000000000000488, 3.334999999999999964 ) ) ;
#8175 =( GEOMETRIC_REPRESENTATION_CONTEXT ( 3 ) GLOBAL_UNCERTAINTY_ASSIGNED_CONTEXT ( ( #6223 ) ) GLOBAL_UNIT_ASSIGNED_CONTEXT ( ( #5216, #378, #6052 ) ) REPRESENTATION_CONTEXT ( 'NONE', 'WORKASPACE' ) );
#8176 = FILL_AREA_STYLE ('',( #5900 ) ) ;
#8177 = VECTOR ( 'NONE', #3423, 1000.000000000000000 ) ;
#8178 = PLANE ( 'NONE',  #3291 ) ;
#8179 =( NAMED_UNIT ( * ) PLANE_ANGLE_UNIT ( ) SI_UNIT ( $, .RADIAN. ) );
#8180 = MECHANICAL_DESIGN_GEOMETRIC_PRESENTATION_REPRESENTATION (  '', ( #6550 ), #8710 ) ;
#8181 = CARTESIAN_POINT ( 'NONE',  ( -2.270000000000000018, -0.6165488638581649861, 3.330318181988674464 ) ) ;
#8182 = VECTOR ( 'NONE', #1946, 1000.000000000000000 ) ;
#8183 = DIRECTION ( 'NONE',  ( -1.000000000000000000, 0.0000000000000000000, 0.0000000000000000000 ) ) ;
#8184 = EDGE_CURVE ( 'NONE', #1745, #1732, #5229, .T. ) ;
#8185 = DIRECTION ( 'NONE',  ( 1.224606353822375779E-16, 0.0000000000000000000, -1.000000000000000000 ) ) ;
#8186 = ORIENTED_EDGE ( 'NONE', *, *, #7803, .F. ) ;
#8187 = ADVANCED_FACE ( 'NONE', ( #2808 ), #9382, .T. ) ;
#8188 = VECTOR ( 'NONE', #1394, 1000.000000000000114 ) ;
#8189 = DIRECTION ( 'NONE',  ( 1.732471668143100266E-26, 2.596018638148705187E-13, 1.000000000000000000 ) ) ;
#8190 = VERTEX_POINT ( 'NONE', #4488 ) ;
#8191 = FACE_OUTER_BOUND ( 'NONE', #5665, .T. ) ;
#8192 = CARTESIAN_POINT ( 'NONE',  ( 2.270000000000000018, -1.308111948986800055, -3.923659150360660153 ) ) ;
#8193 = DIRECTION ( 'NONE',  ( -6.673570731747099829E-14, 1.000000000000000000, -1.730217700714569693E-16 ) ) ;
#8194 =( LENGTH_UNIT ( ) NAMED_UNIT ( * ) SI_UNIT ( .MILLI., .METRE. ) );
#8195 = CIRCLE ( 'NONE', #142, 0.1000000000000809269 ) ;
#8196 = ORIENTED_EDGE ( 'NONE', *, *, #7495, .F. ) ;
#8197 = PRESENTATION_LAYER_ASSIGNMENT (  '', '', ( #7112 ) ) ;
#8198 = VECTOR ( 'NONE', #7582, 1000.000000000000000 ) ;
#8199 = EDGE_CURVE ( 'NONE', #7823, #6056, #7158, .T. ) ;
#8200 = ORIENTED_EDGE ( 'NONE', *, *, #9413, .T. ) ;
#8201 = LINE ( 'NONE', #4054, #9590 ) ;
#8202 = LINE ( 'NONE', #4407, #7949 ) ;
#8203 = VECTOR ( 'NONE', #8242, 999.9999999999998863 ) ;
#8204 = DIRECTION ( 'NONE',  ( -3.342835721018934545E-31, 1.000000000000000000, -5.459445332101871020E-15 ) ) ;
#8205 = DIRECTION ( 'NONE',  ( 6.587989989187700607E-14, -0.9848077530122221201, -0.1736481776668505062 ) ) ;
#8206 = PRESENTATION_STYLE_ASSIGNMENT (( #6154 ) ) ;
#8207 = ORIENTED_EDGE ( 'NONE', *, *, #3136, .F. ) ;
#8208 = FACE_OUTER_BOUND ( 'NONE', #5639, .T. ) ;
#8209 = FILL_AREA_STYLE_COLOUR ( '', #4025 ) ;
#8210 = CARTESIAN_POINT ( 'NONE',  ( 1.885000000000000009, -1.308111948986800055, 3.923659150360660153 ) ) ;
#8211 = FILL_AREA_STYLE ('',( #2847 ) ) ;
#8212 = EDGE_CURVE ( 'NONE', #3555, #5180, #669, .T. ) ;
#8213 = ADVANCED_FACE ( 'NONE', ( #421 ), #10245, .T. ) ;
#8214 = ORIENTED_EDGE ( 'NONE', *, *, #9289, .F. ) ;
#8215 = ORIENTED_EDGE ( 'NONE', *, *, #7057, .F. ) ;
#8216 = CARTESIAN_POINT ( 'NONE',  ( 2.810000000000000053, -0.1618430139594435047, 2.597605896938239844 ) ) ;
#8217 = VERTEX_POINT ( 'NONE', #7827 ) ;
#8219 = ORIENTED_EDGE ( 'NONE', *, *, #2347, .F. ) ;
#8218 = DIRECTION ( 'NONE',  ( 0.0000000000000000000, 0.0000000000000000000, -1.000000000000000000 ) ) ;
#8220 = EDGE_CURVE ( 'NONE', #5637, #1142, #2569, .T. ) ;
#8221 = COLOUR_RGB ( '',0.1411764705882352922, 0.1411764705882352922, 0.1411764705882352922 ) ;
#8222 = CARTESIAN_POINT ( 'NONE',  ( 0.7549999999996730438, 0.1836702602581204991, 7.348433255235988781 ) ) ;
#8223 = PLANE ( 'NONE',  #5816 ) ;
#8224 = VECTOR ( 'NONE', #7592, 1000.000000000000114 ) ;
#8225 = DIRECTION ( 'NONE',  ( 0.0000000000000000000, 0.0000000000000000000, 1.000000000000000000 ) ) ;
#8226 = SURFACE_STYLE_USAGE ( .BOTH. , #6393 ) ;
#8227 = CARTESIAN_POINT ( 'NONE',  ( -1.559999999998935127, -5.116929645232019652, -3.734999999852264718 ) ) ;
#8228 =( NAMED_UNIT ( * ) PLANE_ANGLE_UNIT ( ) SI_UNIT ( $, .RADIAN. ) );
#8229 = EDGE_LOOP ( 'NONE', ( #4458, #5671, #4150, #9003, #6861 ) ) ;
#8230 = VECTOR ( 'NONE', #1339, 1000.000000000000000 ) ;
#8231 = ORIENTED_EDGE ( 'NONE', *, *, #237, .F. ) ;
#8232 = DIRECTION ( 'NONE',  ( 6.123031769111888756E-17, 0.0000000000000000000, 1.000000000000000000 ) ) ;
#8233 = EDGE_CURVE ( 'NONE', #6835, #10498, #8797, .T. ) ;
#8234 = ORIENTED_EDGE ( 'NONE', *, *, #4947, .F. ) ;
#8235 = LINE ( 'NONE', #10120, #346 ) ;
#8236 = ORIENTED_EDGE ( 'NONE', *, *, #5589, .F. ) ;
#8237 = MECHANICAL_DESIGN_GEOMETRIC_PRESENTATION_REPRESENTATION (  '', ( #6605 ), #8762 ) ;
#8238 = VERTEX_POINT ( 'NONE', #5377 ) ;
#8239 = DIRECTION ( 'NONE',  ( 0.0000000000000000000, 1.000000000000000000, 0.0000000000000000000 ) ) ;
#8240 = VECTOR ( 'NONE', #5859, 1000.000000000000000 ) ;
#8241 = AXIS2_PLACEMENT_3D ( 'NONE', #4250, #9738, #1673 ) ;
#8242 = DIRECTION ( 'NONE',  ( -5.202631688678576249E-17, 0.5272949808244127290, -0.8496822954477646350 ) ) ;
#8243 = FACE_OUTER_BOUND ( 'NONE', #6008, .T. ) ;
#8244 = EDGE_CURVE ( 'NONE', #9589, #584, #169, .T. ) ;
#8245 = VECTOR ( 'NONE', #2653, 1000.000000000000000 ) ;
#8246 = ORIENTED_EDGE ( 'NONE', *, *, #5717, .T. ) ;
#8247 = ORIENTED_EDGE ( 'NONE', *, *, #5472, .F. ) ;
#8248 = ORIENTED_EDGE ( 'NONE', *, *, #10542, .T. ) ;
#8249 = VECTOR ( 'NONE', #8854, 1000.000000000000000 ) ;
#8250 = UNCERTAINTY_MEASURE_WITH_UNIT (LENGTH_MEASURE( 1.000000000000000082E-05 ), #409, 'distance_accuracy_value', 'NONE');
#8251 = ORIENTED_EDGE ( 'NONE', *, *, #8733, .F. ) ;
#8252 = ADVANCED_FACE ( 'NONE', ( #6392 ), #2056, .T. ) ;
#8253 = AXIS2_PLACEMENT_3D ( 'NONE', #6884, #8515, #3647 ) ;
#8254 = CARTESIAN_POINT ( 'NONE',  ( 4.425000000000175682, -0.8897388526408829268, -4.186245315462254979 ) ) ;
#8255 = CARTESIAN_POINT ( 'NONE',  ( 3.810000000000000053, -7.150999999999920753, 3.884999999852265073 ) ) ;
#8256 = DIRECTION ( 'NONE',  ( -1.000000000000000000, -2.094200203256434818E-17, 5.753767770272800151E-17 ) ) ;
#8257 = LINE ( 'NONE', #3220, #3907 ) ;
#8258 = DIRECTION ( 'NONE',  ( 1.000000000000000000, 0.0000000000000000000, -6.123031769111888756E-17 ) ) ;
#8259 = VERTEX_POINT ( 'NONE', #7870 ) ;
#8260 = AXIS2_PLACEMENT_3D ( 'NONE', #3879, #6536, #6456 ) ;
#8261 = UNCERTAINTY_MEASURE_WITH_UNIT (LENGTH_MEASURE( 1.000000000000000082E-05 ), #2532, 'distance_accuracy_value', 'NONE');
#8262 = ORIENTED_EDGE ( 'NONE', *, *, #8760, .F. ) ;
#8263 = COLOUR_RGB ( '',0.1411764705882352922, 0.1411764705882352922, 0.1411764705882352922 ) ;
#8264 = SURFACE_STYLE_USAGE ( .BOTH. , #5979 ) ;
#8265 = ORIENTED_EDGE ( 'NONE', *, *, #7506, .T. ) ;
#8266 = EDGE_LOOP ( 'NONE', ( #2279, #8438, #979, #5224 ) ) ;
#8267 = SURFACE_SIDE_STYLE ('',( #2897 ) ) ;
#8268 = CARTESIAN_POINT ( 'NONE',  ( 1.284106735979636094, -7.250000000000000000, 3.734999999852264718 ) ) ;
#8269 = PLANE ( 'NONE',  #8339 ) ;
#8270 = VECTOR ( 'NONE', #8533, 1000.000000000000000 ) ;
#8271 = DIRECTION ( 'NONE',  ( -6.030009158161467605E-17, -0.1736481776669020483, -0.9848077530122131273 ) ) ;
#8272 = CARTESIAN_POINT ( 'NONE',  ( -2.270000000000000018, -5.325000000000000178, 3.884999999852265073 ) ) ;
#8273 = ORIENTED_EDGE ( 'NONE', *, *, #8157, .T. ) ;
#8274 = FILL_AREA_STYLE ('',( #2512 ) ) ;
#8275 = ORIENTED_EDGE ( 'NONE', *, *, #5761, .T. ) ;
#8276 = EDGE_CURVE ( 'NONE', #842, #2880, #4221, .T. ) ;
#8277 = ADVANCED_FACE ( 'NONE', ( #8306 ), #9486, .T. ) ;
#8278 = ORIENTED_EDGE ( 'NONE', *, *, #3211, .T. ) ;
#8279 = DIRECTION ( 'NONE',  ( 1.224606353822375779E-16, 0.0000000000000000000, -1.000000000000000000 ) ) ;
#8280 = STYLED_ITEM ( 'NONE', ( #8350 ), #8874 ) ;
#8281 = AXIS2_PLACEMENT_3D ( 'NONE', #8776, #6339, #7979 ) ;
#8282 = ORIENTED_EDGE ( 'NONE', *, *, #3478, .T. ) ;
#8283 = ORIENTED_EDGE ( 'NONE', *, *, #6937, .T. ) ;
#8284 = DIRECTION ( 'NONE',  ( 1.000000000000000000, 0.0000000000000000000, 0.0000000000000000000 ) ) ;
#8285 = DIRECTION ( 'NONE',  ( -1.063253308502803550E-17, 0.9848077530122136825, -0.1736481776668984400 ) ) ;
#8286 = DIRECTION ( 'NONE',  ( -1.000000000000000000, 0.0000000000000000000, 0.0000000000000000000 ) ) ;
#8287 = EDGE_CURVE ( 'NONE', #2204, #8451, #1306, .T. ) ;
#8288 = LINE ( 'NONE', #2415, #6118 ) ;
#8289 = CARTESIAN_POINT ( 'NONE',  ( -1.885000000000164988, -1.071254713756893961, 4.063030467039109972 ) ) ;
#8290 = ORIENTED_EDGE ( 'NONE', *, *, #6733, .T. ) ;
#8291 = CARTESIAN_POINT ( 'NONE',  ( 3.194999999999924789, -1.227030387021919910, -4.186245315462254979 ) ) ;
#8292 = EDGE_CURVE ( 'NONE', #35, #662, #7547, .T. ) ;
#8293 = SURFACE_SIDE_STYLE ('',( #3501 ) ) ;
#8294 = ORIENTED_CLOSED_SHELL ( 'NONE', *, #7655, .F. );
#8295 = DIRECTION ( 'NONE',  ( 1.000000000000000000, 0.0000000000000000000, 6.123031769111888756E-17 ) ) ;
#8296 = DIRECTION ( 'NONE',  ( 6.123031769111888756E-17, 0.0000000000000000000, 1.000000000000000000 ) ) ;
#8297 = ORIENTED_EDGE ( 'NONE', *, *, #654, .F. ) ;
#8298 = VERTEX_POINT ( 'NONE', #1424 ) ;
#8299 = CARTESIAN_POINT ( 'NONE',  ( -0.6549999999997629940, 8.272839892444299875E-16, -4.503673019291570156 ) ) ;
#8300 =( LENGTH_UNIT ( ) NAMED_UNIT ( * ) SI_UNIT ( .MILLI., .METRE. ) );
#8301 = EDGE_CURVE ( 'NONE', #2633, #3779, #9442, .T. ) ;
#8302 = ORIENTED_EDGE ( 'NONE', *, *, #6713, .F. ) ;
#8303 = FILL_AREA_STYLE ('',( #7502 ) ) ;
#8304 = EDGE_CURVE ( 'NONE', #8493, #7538, #1059, .T. ) ;
#8305 = CARTESIAN_POINT ( 'NONE',  ( -1.785000000000329878, 0.3432682536601989742, 10.25999999999999979 ) ) ;
#8306 = FACE_OUTER_BOUND ( 'NONE', #582, .T. ) ;
#8307 = AXIS2_PLACEMENT_3D ( 'NONE', #4881, #4933, #7428 ) ;
#8308 = VECTOR ( 'NONE', #10396, 999.9999999999998863 ) ;
#8309 = LINE ( 'NONE', #1667, #3724 ) ;
#8310 = CARTESIAN_POINT ( 'NONE',  ( -4.099999999999019984, -6.417755088248520146, -3.734999999852264718 ) ) ;
#8311 = DIRECTION ( 'NONE',  ( 6.123031769111888756E-17, -2.601093943404129786E-13, 1.000000000000000000 ) ) ;
#8312 =( LENGTH_UNIT ( ) NAMED_UNIT ( * ) SI_UNIT ( .MILLI., .METRE. ) );
#8313 =( LENGTH_UNIT ( ) NAMED_UNIT ( * ) SI_UNIT ( .MILLI., .METRE. ) );
#8314 = VECTOR ( 'NONE', #7408, 1000.000000000000000 ) ;
#8315 = DIRECTION ( 'NONE',  ( 1.000000000000000000, 0.0000000000000000000, 6.123031769111888756E-17 ) ) ;
#8316 = ADVANCED_FACE ( 'NONE', ( #799 ), #9553, .T. ) ;
#8317 = CARTESIAN_POINT ( 'NONE',  ( 1.770000000000000018, 0.6865000000000239799, -4.478670392594660044 ) ) ;
#8318 = FACE_OUTER_BOUND ( 'NONE', #2257, .T. ) ;
#8319 = ORIENTED_EDGE ( 'NONE', *, *, #9187, .T. ) ;
#8320 =( NAMED_UNIT ( * ) PLANE_ANGLE_UNIT ( ) SI_UNIT ( $, .RADIAN. ) );
#8321 = LINE ( 'NONE', #8495, #10475 ) ;
#8322 = DIRECTION ( 'NONE',  ( -1.063253308502823887E-17, -0.9848077530122131273, -0.1736481776669020483 ) ) ;
#8323 = AXIS2_PLACEMENT_3D ( 'NONE', #6469, #5586, #723 ) ;
#8324 = DIRECTION ( 'NONE',  ( 3.240339941653820604E-20, -0.9999998599709450930, 0.0005292051493183439707 ) ) ;
#8325 = EDGE_CURVE ( 'NONE', #7518, #6325, #2176, .T. ) ;
#8326 = DIRECTION ( 'NONE',  ( 6.030009158161467605E-17, 0.1736481776668984400, -0.9848077530122136825 ) ) ;
#8327 = ORIENTED_EDGE ( 'NONE', *, *, #1152, .F. ) ;
#8328 = FACE_OUTER_BOUND ( 'NONE', #7975, .T. ) ;
#8329 = CARTESIAN_POINT ( 'NONE',  ( 0.6550000000000000266, -2.180000000000000160, 3.334999999999999964 ) ) ;
#8330 = COLOUR_RGB ( '',0.1411764705882352922, 0.1411764705882352922, 0.1411764705882352922 ) ;
#8331 = ORIENTED_EDGE ( 'NONE', *, *, #1311, .F. ) ;
#8332 = CARTESIAN_POINT ( 'NONE',  ( 3.194999999999784901, -0.1618430139594435047, -2.597605896938239844 ) ) ;
#8333 = VECTOR ( 'NONE', #7380, 1000.000000000000000 ) ;
#8334 = CARTESIAN_POINT ( 'NONE',  ( -4.425000000000155254, -1.221249999999999947, 2.185105896938279724 ) ) ;
#8335 = AXIS2_PLACEMENT_3D ( 'NONE', #10209, #1286, #6968 ) ;
#8336 = CARTESIAN_POINT ( 'NONE',  ( -4.143051519122194826, -6.248777273997109916, -3.734999999852260277 ) ) ;
#8337 = VERTEX_POINT ( 'NONE', #667 ) ;
#8338 =( LENGTH_UNIT ( ) NAMED_UNIT ( * ) SI_UNIT ( .MILLI., .METRE. ) );
#8339 = AXIS2_PLACEMENT_3D ( 'NONE', #3386, #4197, #9902 ) ;
#8340 = ORIENTED_EDGE ( 'NONE', *, *, #8199, .T. ) ;
#8341 = EDGE_CURVE ( 'NONE', #3242, #4280, #6260, .T. ) ;
#8342 = FACE_OUTER_BOUND ( 'NONE', #5055, .T. ) ;
#8343 = SURFACE_STYLE_FILL_AREA ( #2161 ) ;
#8344 = EDGE_LOOP ( 'NONE', ( #3516, #7412, #3987, #490 ) ) ;
#8345 = CARTESIAN_POINT ( 'NONE',  ( 1.366592582628800123, -7.176881904510220345, -3.884999999852265073 ) ) ;
#8346 = LINE ( 'NONE', #1584, #10006 ) ;
#8347 = VERTEX_POINT ( 'NONE', #4706 ) ;
#8348 = CARTESIAN_POINT ( 'NONE',  ( 3.244999999999719886, 3.650732014648385516E-05, 10.25999999999999979 ) ) ;
#8349 = CARTESIAN_POINT ( 'NONE',  ( 5.080000000000000071, -3.750000000000000000, 3.329999999997540261 ) ) ;
#8350 = PRESENTATION_STYLE_ASSIGNMENT (( #5406 ) ) ;
#8351 = ORIENTED_EDGE ( 'NONE', *, *, #9077, .F. ) ;
#8352 = VECTOR ( 'NONE', #2007, 1000.000000000000000 ) ;
#8353 = EDGE_CURVE ( 'NONE', #7246, #306, #38, .T. ) ;
#8354 = CARTESIAN_POINT ( 'NONE',  ( 5.080000000000000071, -4.099999999999679900, -2.330000000000270077 ) ) ;
#8355 = LINE ( 'NONE', #7330, #2109 ) ;
#8356 = CARTESIAN_POINT ( 'NONE',  ( -4.809999999999999609, 0.6767650295757380308, 4.551953854652450282 ) ) ;
#8357 = COLOUR_RGB ( '',0.1411764705882352922, 0.1411764705882352922, 0.1411764705882352922 ) ;
#8358 = VERTEX_POINT ( 'NONE', #2220 ) ;
#8359 = SURFACE_SIDE_STYLE ('',( #386 ) ) ;
#8360 = EDGE_CURVE ( 'NONE', #3937, #9501, #4345, .T. ) ;
#8361 = ORIENTED_EDGE ( 'NONE', *, *, #7126, .T. ) ;
#8362 = VECTOR ( 'NONE', #951, 1000.000000000000000 ) ;
#8363 = ORIENTED_EDGE ( 'NONE', *, *, #9094, .F. ) ;
#8364 = CARTESIAN_POINT ( 'NONE',  ( -3.824106735979689642, -7.250000000000000000, 3.734999999852264718 ) ) ;
#8365 = ORIENTED_EDGE ( 'NONE', *, *, #9823, .T. ) ;
#8366 = CARTESIAN_POINT ( 'NONE',  ( -1.173407417371034045, -7.176881904510159949, 10.25999999999999979 ) ) ;
#8367 = VECTOR ( 'NONE', #178, 1000.000000000000000 ) ;
#8368 = CARTESIAN_POINT ( 'NONE',  ( -2.270000000000000018, -0.1539928746702824980, 4.480468821697074944 ) ) ;
#8369 = EDGE_CURVE ( 'NONE', #2782, #3910, #1933, .T. ) ;
#8370 = SURFACE_STYLE_FILL_AREA ( #9849 ) ;
#8371 = ORIENTED_EDGE ( 'NONE', *, *, #10114, .F. ) ;
#8372 = CARTESIAN_POINT ( 'NONE',  ( -4.424999999999999822, -1.699963492679900101, -10.25999999999999979 ) ) ;
#8373 = DIRECTION ( 'NONE',  ( -6.123031769111888756E-17, -0.0000000000000000000, -1.000000000000000000 ) ) ;
#8374 = ORIENTED_EDGE ( 'NONE', *, *, #790, .T. ) ;
#8375 = ORIENTED_EDGE ( 'NONE', *, *, #7407, .F. ) ;
#8376 = CARTESIAN_POINT ( 'NONE',  ( -2.270000000000000018, -7.250000000000000000, 3.884999999852265073 ) ) ;
#8377 = AXIS2_PLACEMENT_3D ( 'NONE', #9960, #9195, #1039 ) ;
#8378 = SURFACE_STYLE_FILL_AREA ( #7052 ) ;
#8379 = ADVANCED_FACE ( 'NONE', ( #1689 ), #8001, .T. ) ;
#8380 = ORIENTED_EDGE ( 'NONE', *, *, #1411, .T. ) ;
#8381 = CARTESIAN_POINT ( 'NONE',  ( -1.885000000000215170, -0.1618430139594435047, -2.597605896938239844 ) ) ;
#8382 = EDGE_CURVE ( 'NONE', #3441, #3431, #10084, .T. ) ;
#8383 = VECTOR ( 'NONE', #6258, 1000.000000000000000 ) ;
#8384 = UNCERTAINTY_MEASURE_WITH_UNIT (LENGTH_MEASURE( 1.000000000000000082E-05 ), #3677, 'distance_accuracy_value', 'NONE');
#8385 = ORIENTED_EDGE ( 'NONE', *, *, #3862, .F. ) ;
#8386 = LINE ( 'NONE', #3004, #6217 ) ;
#8387 = CARTESIAN_POINT ( 'NONE',  ( -1.269999999999974039, -7.150999999999920753, -3.884999999852265073 ) ) ;
#8388 = AXIS2_PLACEMENT_3D ( 'NONE', #4087, #9799, #4910 ) ;
#8389 = EDGE_LOOP ( 'NONE', ( #4515, #6893, #9488, #2232 ) ) ;
#8390 =( NAMED_UNIT ( * ) SI_UNIT ( $, .STERADIAN. ) SOLID_ANGLE_UNIT ( ) );
#8391 = CARTESIAN_POINT ( 'NONE',  ( 3.194999999999904805, -1.071254713756893961, -4.063030467039109972 ) ) ;
#8392 = ORIENTED_EDGE ( 'NONE', *, *, #5918, .T. ) ;
#8393 = AXIS2_PLACEMENT_3D ( 'NONE', #3668, #2051, #10250 ) ;
#8394 = VECTOR ( 'NONE', #9149, 1000.000000000000000 ) ;
#8395 = ORIENTED_EDGE ( 'NONE', *, *, #1612, .T. ) ;
#8396 = DIRECTION ( 'NONE',  ( 0.0000000000000000000, -1.000000000000000000, 0.0000000000000000000 ) ) ;
#8397 = CARTESIAN_POINT ( 'NONE',  ( 0.9800000000000190781, -6.417755088244880390, 10.25999999999999979 ) ) ;
#8398 = LINE ( 'NONE', #510, #2150 ) ;
#8399 = DIRECTION ( 'NONE',  ( 1.000000000000000000, 0.0000000000000000000, 0.0000000000000000000 ) ) ;
#8400 = CARTESIAN_POINT ( 'NONE',  ( 1.885000000000000009, -2.180000000000000160, -3.334999999999999964 ) ) ;
#8401 = FILL_AREA_STYLE_COLOUR ( '', #4438 ) ;
#8402 = ORIENTED_EDGE ( 'NONE', *, *, #237, .T. ) ;
#8403 = EDGE_LOOP ( 'NONE', ( #7722, #6911, #1256, #3432 ) ) ;
#8404 = AXIS2_PLACEMENT_3D ( 'NONE', #5579, #711, #6397 ) ;
#8405 = CARTESIAN_POINT ( 'NONE',  ( -3.194999999999999840, -3.330669073875469621E-16, 1.667499999999999982 ) ) ;
#8406 = EDGE_CURVE ( 'NONE', #1274, #3937, #3842, .T. ) ;
#8407 = DIRECTION ( 'NONE',  ( 1.063253308502803550E-17, 0.9848077530122136825, 0.1736481776668984678 ) ) ;
#8408 = CARTESIAN_POINT ( 'NONE',  ( -4.425000000000210321, -0.4000000000000569766, 2.185105896938279724 ) ) ;
#8409 = CARTESIAN_POINT ( 'NONE',  ( -3.244999999999719886, 3.650732003279700389E-05, 10.25999999999999979 ) ) ;
#8410 = VERTEX_POINT ( 'NONE', #8833 ) ;
#8411 = EDGE_CURVE ( 'NONE', #4360, #3520, #7923, .T. ) ;
#8412 = CARTESIAN_POINT ( 'NONE',  ( 1.785000000000324993, 0.6646145760520150159, -4.620862500821749208 ) ) ;
#8413 = DIRECTION ( 'NONE',  ( -1.124745541366601985E-32, -1.000000000000000000, -1.836909530733564901E-16 ) ) ;
#8414 = ORIENTED_EDGE ( 'NONE', *, *, #4580, .T. ) ;
#8415 = EDGE_CURVE ( 'NONE', #9015, #3956, #5755, .T. ) ;
#8416 = ADVANCED_FACE ( 'NONE', ( #1172 ), #3175, .T. ) ;
#8417 = LINE ( 'NONE', #10003, #6254 ) ;
#8418 = CARTESIAN_POINT ( 'NONE',  ( -3.520000000001155094, -3.750000000000144773, 3.884999999852260189 ) ) ;
#8419 = EDGE_LOOP ( 'NONE', ( #7331, #4911, #5700, #5716, #5710, #9205, #7860, #3949, #6174 ) ) ;
#8420 = CARTESIAN_POINT ( 'NONE',  ( 5.080000000000000071, -3.750000000000454747, 5.079999999999810001 ) ) ;
#8421 = ORIENTED_EDGE ( 'NONE', *, *, #8304, .T. ) ;
#8422 = CLOSED_SHELL ( 'NONE', ( #9843, #31, #6126, #3209, #4523, #10131 ) ) ;
#8423 = EDGE_CURVE ( 'NONE', #6277, #8504, #3336, .T. ) ;
#8424 = DIRECTION ( 'NONE',  ( -1.000000000000000000, 0.0000000000000000000, 6.123031769111888756E-17 ) ) ;
#8425 = VECTOR ( 'NONE', #4740, 1000.000000000000000 ) ;
#8426 = FILL_AREA_STYLE ('',( #7628 ) ) ;
#8427 = AXIS2_PLACEMENT_3D ( 'NONE', #3141, #8832, #3959 ) ;
#8428 = CARTESIAN_POINT ( 'NONE',  ( -0.9800000000009820855, -6.417755088248520146, 10.25999999999999979 ) ) ;
#8429 = VECTOR ( 'NONE', #9161, 1000.000000000000000 ) ;
#8430 = FILL_AREA_STYLE ('',( #3071 ) ) ;
#8431 = CARTESIAN_POINT ( 'NONE',  ( -4.100000000000459721, -5.116929645231019563, 3.734999999852264718 ) ) ;
#8432 = EDGE_CURVE ( 'NONE', #10197, #3977, #357, .T. ) ;
#8433 = DIRECTION ( 'NONE',  ( -1.000000000000000000, 0.0000000000000000000, 0.0000000000000000000 ) ) ;
#8434 = UNCERTAINTY_MEASURE_WITH_UNIT (LENGTH_MEASURE( 1.000000000000000082E-05 ), #7966, 'distance_accuracy_value', 'NONE');
#8435 = CARTESIAN_POINT ( 'NONE',  ( -1.559999999998935127, -5.116929645232019652, -3.884999999852265073 ) ) ;
#8436 = CARTESIAN_POINT ( 'NONE',  ( -3.194999999999999840, -1.308111948986800055, 3.923659150360660153 ) ) ;
#8437 = LINE ( 'NONE', #1874, #4097 ) ;
#8438 = ORIENTED_EDGE ( 'NONE', *, *, #449, .F. ) ;
#8439 = LINE ( 'NONE', #4630, #3853 ) ;
#8440 = VECTOR ( 'NONE', #8311, 1000.000000000000000 ) ;
#8441 = STYLED_ITEM ( 'NONE', ( #3488 ), #1683 ) ;
#8442 = ORIENTED_EDGE ( 'NONE', *, *, #1817, .T. ) ;
#8443 = VECTOR ( 'NONE', #3111, 1000.000000000000114 ) ;
#8444 = CARTESIAN_POINT ( 'NONE',  ( 1.885000000000094822, -1.071254713756893961, 4.063030467039109972 ) ) ;
#8445 = CARTESIAN_POINT ( 'NONE',  ( 0.6549999999997699884, -0.08215671584671800642, 4.489186573641400280 ) ) ;
#8446 = VECTOR ( 'NONE', #10435, 1000.000000000000000 ) ;
#8447 = EDGE_LOOP ( 'NONE', ( #9757, #8380, #1, #4037 ) ) ;
#8448 = FACE_OUTER_BOUND ( 'NONE', #2101, .T. ) ;
#8449 = PLANE ( 'NONE',  #2439 ) ;
#8450 = AXIS2_PLACEMENT_3D ( 'NONE', #3752, #9438, #4558 ) ;
#8451 = VERTEX_POINT ( 'NONE', #3210 ) ;
#8452 = VECTOR ( 'NONE', #6373, 1000.000000000000114 ) ;
#8453 = LINE ( 'NONE', #1728, #2208 ) ;
#8454 = FACE_OUTER_BOUND ( 'NONE', #4318, .T. ) ;
#8455 = VERTEX_POINT ( 'NONE', #8098 ) ;
#8456 = SURFACE_SIDE_STYLE ('',( #946 ) ) ;
#8457 = EDGE_CURVE ( 'NONE', #3589, #8490, #107, .T. ) ;
#8458 = CARTESIAN_POINT ( 'NONE',  ( 4.325000000000325251, 3.650732014648385516E-05, 4.357628357563855026 ) ) ;
#8459 = FILL_AREA_STYLE ('',( #6089 ) ) ;
#8460 = DIRECTION ( 'NONE',  ( -6.123031769111888756E-17, 1.836909530733564901E-16, -1.000000000000000000 ) ) ;
#8461 = ORIENTED_EDGE ( 'NONE', *, *, #2550, .T. ) ;
#8462 = ORIENTED_EDGE ( 'NONE', *, *, #8353, .T. ) ;
#8463 = CARTESIAN_POINT ( 'NONE',  ( 3.824106735979635019, -7.250000000000000000, 3.884999999852265073 ) ) ;
#8464 = LINE ( 'NONE', #9517, #2217 ) ;
#8465 = VERTEX_POINT ( 'NONE', #7 ) ;
#8466 = DIRECTION ( 'NONE',  ( 5.202631688678576249E-17, 0.5272949808244127290, 0.8496822954477646350 ) ) ;
#8467 = ORIENTED_EDGE ( 'NONE', *, *, #7606, .T. ) ;
#8468 = LINE ( 'NONE', #4694, #4634 ) ;
#8469 = PLANE ( 'NONE',  #9145 ) ;
#8470 = CIRCLE ( 'NONE', #4376, 0.2748194203352921083 ) ;
#8471 =( GEOMETRIC_REPRESENTATION_CONTEXT ( 3 ) GLOBAL_UNCERTAINTY_ASSIGNED_CONTEXT ( ( #10279 ) ) GLOBAL_UNIT_ASSIGNED_CONTEXT ( ( #7563, #2680, #8390 ) ) REPRESENTATION_CONTEXT ( 'NONE', 'WORKASPACE' ) );
#8472 = VECTOR ( 'NONE', #3500, 1000.000000000000114 ) ;
#8473 = ADVANCED_FACE ( 'NONE', ( #6327 ), #4845, .T. ) ;
#8474 =( NAMED_UNIT ( * ) SI_UNIT ( $, .STERADIAN. ) SOLID_ANGLE_UNIT ( ) );
#8475 = VERTEX_POINT ( 'NONE', #5676 ) ;
#8476 = ORIENTED_EDGE ( 'NONE', *, *, #465, .F. ) ;
#8477 = EDGE_CURVE ( 'NONE', #4814, #2250, #1500, .T. ) ;
#8478 = ORIENTED_EDGE ( 'NONE', *, *, #3011, .T. ) ;
#8479 = LINE ( 'NONE', #7676, #1982 ) ;
#8480 = ORIENTED_EDGE ( 'NONE', *, *, #5128, .F. ) ;
#8481 = VECTOR ( 'NONE', #368, 1000.000000000000114 ) ;
#8482 = ORIENTED_EDGE ( 'NONE', *, *, #7585, .F. ) ;
#8483 = SURFACE_STYLE_FILL_AREA ( #8892 ) ;
#8484 = LINE ( 'NONE', #8420, #2243 ) ;
#8485 =( LENGTH_UNIT ( ) NAMED_UNIT ( * ) SI_UNIT ( .MILLI., .METRE. ) );
#8486 = ORIENTED_EDGE ( 'NONE', *, *, #10074, .T. ) ;
#8487 = EDGE_CURVE ( 'NONE', #9496, #9431, #9904, .T. ) ;
#8488 = ORIENTED_EDGE ( 'NONE', *, *, #4336, .T. ) ;
#8489 = VECTOR ( 'NONE', #6422, 1000.000000000000000 ) ;
#8490 = VERTEX_POINT ( 'NONE', #2463 ) ;
#8491 = ORIENTED_EDGE ( 'NONE', *, *, #458, .F. ) ;
#8492 = VECTOR ( 'NONE', #3113, 1000.000000000000000 ) ;
#8493 = VERTEX_POINT ( 'NONE', #8167 ) ;
#8494 = EDGE_CURVE ( 'NONE', #7746, #9298, #3416, .T. ) ;
#8495 = CARTESIAN_POINT ( 'NONE',  ( 3.194999999999999840, -0.6800000000000000488, 2.169999999999999929 ) ) ;
#8496 = CARTESIAN_POINT ( 'NONE',  ( -4.309999999999999609, -0.04322605824517099932, 4.500000000000000000 ) ) ;
#8497 = EDGE_LOOP ( 'NONE', ( #960, #2016, #10108, #4406, #9678 ) ) ;
#8498 = CARTESIAN_POINT ( 'NONE',  ( -1.052499999999122027, 3.650732181199879656E-05, -4.357628357564144572 ) ) ;
#8499 = DIRECTION ( 'NONE',  ( -6.030009158161699333E-17, -0.1736481776666925214, 0.9848077530122499867 ) ) ;
#8500 = ORIENTED_EDGE ( 'NONE', *, *, #7416, .T. ) ;
#8501 = VECTOR ( 'NONE', #4036, 1000.000000000000000 ) ;
#8502 = CARTESIAN_POINT ( 'NONE',  ( -0.9799999999990380850, -3.750000000001014744, -7.232499999999600249 ) ) ;
#8503 = ORIENTED_EDGE ( 'NONE', *, *, #5694, .F. ) ;
#8504 = VERTEX_POINT ( 'NONE', #3295 ) ;
#8505 = CARTESIAN_POINT ( 'NONE',  ( -1.885000000000089937, -2.180000000000000160, 4.335605995874404428 ) ) ;
#8506 = CARTESIAN_POINT ( 'NONE',  ( 2.892500000001600124, 3.650732500659614743E-05, -4.503679456517959423 ) ) ;
#8507 = EDGE_CURVE ( 'NONE', #7532, #6480, #1242, .T. ) ;
#8508 = FACE_OUTER_BOUND ( 'NONE', #9623, .T. ) ;
#8509 = SURFACE_SIDE_STYLE ('',( #1965 ) ) ;
#8510 = VERTEX_POINT ( 'NONE', #5750 ) ;
#8511 = PLANE ( 'NONE',  #9848 ) ;
#8512 = ORIENTED_EDGE ( 'NONE', *, *, #7211, .F. ) ;
#8513 = CARTESIAN_POINT ( 'NONE',  ( -4.425000000000109956, -0.9719250235416100336, -4.186245315462254979 ) ) ;
#8514 = FACE_OUTER_BOUND ( 'NONE', #4510, .T. ) ;
#8515 = DIRECTION ( 'NONE',  ( -2.273736754434390162E-12, 1.000000000000000000, 0.0000000000000000000 ) ) ;
#8516 = AXIS2_PLACEMENT_3D ( 'NONE', #748, #6426, #1560 ) ;
#8517 = EDGE_LOOP ( 'NONE', ( #3665, #391, #5258, #5473 ) ) ;
#8518 = DIRECTION ( 'NONE',  ( 0.0000000000000000000, 0.0000000000000000000, 1.000000000000000000 ) ) ;
#8519 = STYLED_ITEM ( 'NONE', ( #7791 ), #2500 ) ;
#8520 = EDGE_CURVE ( 'NONE', #9074, #1201, #9634, .T. ) ;
#8521 = ADVANCED_FACE ( 'NONE', ( #990 ), #3332, .T. ) ;
#8522 = EDGE_LOOP ( 'NONE', ( #7875, #4245, #2424, #2218 ) ) ;
#8523 = DIRECTION ( 'NONE',  ( 1.000000000000000000, 0.0000000000000000000, -6.123031769111888756E-17 ) ) ;
#8524 = CARTESIAN_POINT ( 'NONE',  ( 2.404999999999999805, 0.6646145760520150159, -4.620862500821749208 ) ) ;
#8525 = DIRECTION ( 'NONE',  ( 6.123031769111888756E-17, 0.0000000000000000000, 1.000000000000000000 ) ) ;
#8526 = AXIS2_PLACEMENT_3D ( 'NONE', #9097, #969, #1787 ) ;
#8527 = VECTOR ( 'NONE', #6446, 1000.000000000000000 ) ;
#8528 = AXIS2_PLACEMENT_3D ( 'NONE', #789, #6483, #1608 ) ;
#8529 = FILL_AREA_STYLE_COLOUR ( '', #2092 ) ;
#8530 = ORIENTED_EDGE ( 'NONE', *, *, #6005, .F. ) ;
#8531 = CARTESIAN_POINT ( 'NONE',  ( -4.809999999999999609, -1.227030387021919910, 4.186245315462254979 ) ) ;
#8532 = EDGE_CURVE ( 'NONE', #6212, #2131, #8608, .T. ) ;
#8533 = DIRECTION ( 'NONE',  ( 3.977760680568585528E-29, -1.000000000000000000, 6.496390726951169788E-13 ) ) ;
#8534 = CARTESIAN_POINT ( 'NONE',  ( 0.9800000000010679058, -5.116929645232019652, -3.734999999852264718 ) ) ;
#8535 = PLANE ( 'NONE',  #387 ) ;
#8536 = ORIENTED_EDGE ( 'NONE', *, *, #288, .T. ) ;
#8537 = PRESENTATION_STYLE_ASSIGNMENT (( #3834 ) ) ;
#8538 = MECHANICAL_DESIGN_GEOMETRIC_PRESENTATION_REPRESENTATION (  '', ( #6909 ), #9084 ) ;
#8539 = EDGE_LOOP ( 'NONE', ( #6376, #1995, #1951, #2719 ) ) ;
#8540 = DIRECTION ( 'NONE',  ( -1.000000000000000000, 6.673570731747099829E-14, 0.0000000000000000000 ) ) ;
#8541 = DIRECTION ( 'NONE',  ( 0.0000000000000000000, 1.000000000000000000, 0.0000000000000000000 ) ) ;
#8542 = CARTESIAN_POINT ( 'NONE',  ( -1.463296291313993969, -6.797318496379340047, -10.25999999999999979 ) ) ;
#8543 = EDGE_CURVE ( 'NONE', #856, #7452, #225, .T. ) ;
#8544 = VECTOR ( 'NONE', #6221, 1000.000000000000114 ) ;
#8545 = FACE_OUTER_BOUND ( 'NONE', #1593, .T. ) ;
#8546 = EDGE_CURVE ( 'NONE', #6723, #9464, #4281, .T. ) ;
#8547 = DIRECTION ( 'NONE',  ( 1.206001831632339867E-16, 0.1736481776666925214, -0.9848077530122499867 ) ) ;
#8548 = UNCERTAINTY_MEASURE_WITH_UNIT (LENGTH_MEASURE( 1.000000000000000082E-05 ), #283, 'distance_accuracy_value', 'NONE');
#8549 =( GEOMETRIC_REPRESENTATION_CONTEXT ( 3 ) GLOBAL_UNCERTAINTY_ASSIGNED_CONTEXT ( ( #7461 ) ) GLOBAL_UNIT_ASSIGNED_CONTEXT ( ( #3839, #9535, #4644 ) ) REPRESENTATION_CONTEXT ( 'NONE', 'WORKASPACE' ) );
#8550 = CARTESIAN_POINT ( 'NONE',  ( -3.294999999999674856, 3.650732037385749672E-05, -4.503679456517140522 ) ) ;
#8551 = CARTESIAN_POINT ( 'NONE',  ( 3.310000000000000053, -0.04322605824517099932, 4.500000000000000000 ) ) ;
#8552 = LINE ( 'NONE', #3310, #8314 ) ;
#8553 = DIRECTION ( 'NONE',  ( -6.123031769111888756E-17, 0.0000000000000000000, -1.000000000000000000 ) ) ;
#8554 = DIRECTION ( 'NONE',  ( -6.123031769111888756E-17, 2.601093943404129786E-13, -1.000000000000000000 ) ) ;
#8555 = VECTOR ( 'NONE', #734, 1000.000000000000000 ) ;
#8556 = ORIENTED_EDGE ( 'NONE', *, *, #10443, .T. ) ;
#8557 = DIRECTION ( 'NONE',  ( 1.907145531779215073E-29, -1.000000000000000000, 3.114707882784410092E-13 ) ) ;
#8558 = DIRECTION ( 'NONE',  ( -5.202631688678576249E-17, -0.5272949808244127290, -0.8496822954477646350 ) ) ;
#8559 = EDGE_CURVE ( 'NONE', #8347, #9329, #6452, .T. ) ;
#8560 = SURFACE_SIDE_STYLE ('',( #443 ) ) ;
#8561 = CARTESIAN_POINT ( 'NONE',  ( 1.255893264020361944, -7.250000000000000000, -3.734999999852264718 ) ) ;
#8562 = ADVANCED_FACE ( 'NONE', ( #10277 ), #7463, .T. ) ;
#8563 = ORIENTED_EDGE ( 'NONE', *, *, #9938, .F. ) ;
#8564 = DIRECTION ( 'NONE',  ( -6.687461042448720151E-14, 1.000000000000000000, -8.189507283522321094E-30 ) ) ;
#8565 = LINE ( 'NONE', #3782, #7821 ) ;
#8566 = DIRECTION ( 'NONE',  ( 0.0000000000000000000, -1.000000000000000000, 0.0000000000000000000 ) ) ;
#8567 = CARTESIAN_POINT ( 'NONE',  ( 1.559999999998930020, -5.116929645232019652, 3.884999999852265073 ) ) ;
#8568 = STYLED_ITEM ( 'NONE', ( #9349 ), #5782 ) ;
#8569 = PRESENTATION_STYLE_ASSIGNMENT (( #7600 ) ) ;
#8570 = ORIENTED_EDGE ( 'NONE', *, *, #3798, .T. ) ;
#8571 = DIRECTION ( 'NONE',  ( 3.240339941653820604E-20, 0.9999998599709450930, 0.0005292051493183439707 ) ) ;
#8572 = VECTOR ( 'NONE', #1679, 1000.000000000000114 ) ;
#8573 = PRESENTATION_LAYER_ASSIGNMENT (  '', '', ( #6399 ) ) ;
#8574 = DIRECTION ( 'NONE',  ( -1.063253308502823887E-17, -0.9848077530122131273, -0.1736481776669020483 ) ) ;
#8575 = ORIENTED_EDGE ( 'NONE', *, *, #6697, .T. ) ;
#8576 =( LENGTH_UNIT ( ) NAMED_UNIT ( * ) SI_UNIT ( .MILLI., .METRE. ) );
#8577 = VECTOR ( 'NONE', #6204, 1000.000000000000000 ) ;
#8578 = ORIENTED_EDGE ( 'NONE', *, *, #4207, .F. ) ;
#8579 =( LENGTH_UNIT ( ) NAMED_UNIT ( * ) SI_UNIT ( .MILLI., .METRE. ) );
#8580 = CARTESIAN_POINT ( 'NONE',  ( 1.885000000000000009, -1.308111948986800055, -3.923659150360660153 ) ) ;
#8581 = ADVANCED_FACE ( 'NONE', ( #8102 ), #9930, .T. ) ;
#8582 = VERTEX_POINT ( 'NONE', #171 ) ;
#8583 = ORIENTED_EDGE ( 'NONE', *, *, #8086, .T. ) ;
#8584 = LINE ( 'NONE', #2935, #203 ) ;
#8585 = LINE ( 'NONE', #1214, #4256 ) ;
#8586 =( GEOMETRIC_REPRESENTATION_CONTEXT ( 3 ) GLOBAL_UNCERTAINTY_ASSIGNED_CONTEXT ( ( #10330 ) ) GLOBAL_UNIT_ASSIGNED_CONTEXT ( ( #8647, #3785, #9461 ) ) REPRESENTATION_CONTEXT ( 'NONE', 'WORKASPACE' ) );
#8587 = ORIENTED_EDGE ( 'NONE', *, *, #1916, .T. ) ;
#8588 = LINE ( 'NONE', #8896, #10263 ) ;
#8589 = EDGE_LOOP ( 'NONE', ( #6610, #3089, #6349, #1715, #8732 ) ) ;
#8590 = AXIS2_PLACEMENT_3D ( 'NONE', #295, #4338, #5995 ) ;
#8591 = VECTOR ( 'NONE', #1303, 1000.000000000000000 ) ;
#8592 = ORIENTED_EDGE ( 'NONE', *, *, #8931, .T. ) ;
#8593 = DIRECTION ( 'NONE',  ( 1.000000000000000000, 0.0000000000000000000, 0.0000000000000000000 ) ) ;
#8594 = EDGE_CURVE ( 'NONE', #7518, #2326, #1869, .T. ) ;
#8595 = LINE ( 'NONE', #4419, #4271 ) ;
#8596 = PLANE ( 'NONE',  #7968 ) ;
#8597 = DIRECTION ( 'NONE',  ( 0.0000000000000000000, 0.9848077530122136825, -0.1736481776668984678 ) ) ;
#8598 = SURFACE_SIDE_STYLE ('',( #9122 ) ) ;
#8599 = ORIENTED_EDGE ( 'NONE', *, *, #4675, .T. ) ;
#8600 = CARTESIAN_POINT ( 'NONE',  ( 4.809999999999999609, -1.071254713756893961, -4.063030467039109972 ) ) ;
#8601 = COLOUR_RGB ( '',0.1411764705882352922, 0.1411764705882352922, 0.1411764705882352922 ) ;
#8602 = VECTOR ( 'NONE', #7542, 1000.000000000000000 ) ;
#8603 = CIRCLE ( 'NONE', #8649, 0.2748194203352921083 ) ;
#8604 = VERTEX_POINT ( 'NONE', #2610 ) ;
#8605 = CARTESIAN_POINT ( 'NONE',  ( 5.080000000000000071, -3.399999999999179678, 0.5399999999998489342 ) ) ;
#8606 = CARTESIAN_POINT ( 'NONE',  ( 4.424999999999999822, -1.364496228814613854, -4.336037564729834592 ) ) ;
#8607 = ORIENTED_EDGE ( 'NONE', *, *, #7653, .T. ) ;
#8608 = LINE ( 'NONE', #2541, #2363 ) ;
#8609 = ORIENTED_EDGE ( 'NONE', *, *, #7421, .T. ) ;
#8610 = ORIENTED_EDGE ( 'NONE', *, *, #8963, .T. ) ;
#8611 = CARTESIAN_POINT ( 'NONE',  ( -0.2700000000000000178, -0.1539928746702824980, -4.480468821697074944 ) ) ;
#8612 = AXIS2_PLACEMENT_3D ( 'NONE', #7586, #2691, #8399 ) ;
#8613 = VECTOR ( 'NONE', #9900, 1000.000000000000000 ) ;
#8614 = DIRECTION ( 'NONE',  ( -1.317172696514087449E-13, 0.9848077530121837064, -0.1736481776670679711 ) ) ;
#8615 = VERTEX_POINT ( 'NONE', #5830 ) ;
#8616 = CARTESIAN_POINT ( 'NONE',  ( 3.824106735979689642, -7.250000000000000000, -3.809999999852264896 ) ) ;
#8617 = EDGE_CURVE ( 'NONE', #7190, #7578, #3776, .T. ) ;
#8618 = ORIENTED_EDGE ( 'NONE', *, *, #1726, .T. ) ;
#8619 = VERTEX_POINT ( 'NONE', #9124 ) ;
#8620 = LINE ( 'NONE', #6158, #6466 ) ;
#8621 = VERTEX_POINT ( 'NONE', #8310 ) ;
#8622 = CARTESIAN_POINT ( 'NONE',  ( 4.325000000000325251, 0.3432682536600850098, 10.25999999999999979 ) ) ;
#8623 = SURFACE_SIDE_STYLE ('',( #3845 ) ) ;
#8624 = COLOUR_RGB ( '',0.1411764705882352922, 0.1411764705882352922, 0.1411764705882352922 ) ;
#8625 = VECTOR ( 'NONE', #7880, 1000.000000000000114 ) ;
#8626 = EDGE_CURVE ( 'NONE', #8259, #7248, #7862, .T. ) ;
#8627 = AXIS2_PLACEMENT_3D ( 'NONE', #3695, #9381, #4487 ) ;
#8628 = EDGE_LOOP ( 'NONE', ( #7073, #5075, #2151, #6563, #1168 ) ) ;
#8629 = VERTEX_POINT ( 'NONE', #6718 ) ;
#8630 = EDGE_LOOP ( 'NONE', ( #7621, #7635, #3284, #2704, #7604, #3466, #8087, #1535 ) ) ;
#8631 = EDGE_CURVE ( 'NONE', #5267, #5669, #10024, .T. ) ;
#8632 = CARTESIAN_POINT ( 'NONE',  ( -3.810000000000000053, -7.150999999999920753, 3.884999999852265073 ) ) ;
#8633 = DIRECTION ( 'NONE',  ( -3.342835721018934545E-31, 1.000000000000000000, -5.459445332101871020E-15 ) ) ;
#8634 = DIRECTION ( 'NONE',  ( 6.123031769111888756E-17, -1.836909530733564901E-16, 1.000000000000000000 ) ) ;
#8635 =( LENGTH_UNIT ( ) NAMED_UNIT ( * ) SI_UNIT ( .MILLI., .METRE. ) );
#8636 = PLANE ( 'NONE',  #5383 ) ;
#8637 = CARTESIAN_POINT ( 'NONE',  ( -3.657599999999999962, -2.700000000000275069, 0.5399999999998500444 ) ) ;
#8638 = ORIENTED_EDGE ( 'NONE', *, *, #10311, .T. ) ;
#8639 = EDGE_CURVE ( 'NONE', #9116, #1225, #1622, .T. ) ;
#8640 = ADVANCED_FACE ( 'NONE', ( #7608 ), #5096, .T. ) ;
#8641 =( NAMED_UNIT ( * ) PLANE_ANGLE_UNIT ( ) SI_UNIT ( $, .RADIAN. ) );
#8642 = AXIS2_PLACEMENT_3D ( 'NONE', #7168, #605, #2951 ) ;
#8643 = FACE_OUTER_BOUND ( 'NONE', #3428, .T. ) ;
#8644 = CARTESIAN_POINT ( 'NONE',  ( -4.424999999999999822, -2.180000000000000160, 4.500000000000000000 ) ) ;
#8645 = VERTEX_POINT ( 'NONE', #8345 ) ;
#8646 = ORIENTED_EDGE ( 'NONE', *, *, #5751, .F. ) ;
#8647 =( LENGTH_UNIT ( ) NAMED_UNIT ( * ) SI_UNIT ( .MILLI., .METRE. ) );
#8648 = DIRECTION ( 'NONE',  ( 3.342835721018934545E-31, 1.000000000000000000, -5.459445332101871020E-15 ) ) ;
#8649 = AXIS2_PLACEMENT_3D ( 'NONE', #6036, #1162, #6862 ) ;
#8650 = PLANE ( 'NONE',  #4754 ) ;
#8651 = ORIENTED_EDGE ( 'NONE', *, *, #1978, .F. ) ;
#8652 = CARTESIAN_POINT ( 'NONE',  ( 3.810000000000000053, -7.150999999999920753, -3.734999999852264718 ) ) ;
#8653 = STYLED_ITEM ( 'NONE', ( #1155 ), #2905 ) ;
#8654 = EDGE_CURVE ( 'NONE', #5344, #3109, #8986, .T. ) ;
#8655 = SURFACE_STYLE_FILL_AREA ( #6600 ) ;
#8656 =( NAMED_UNIT ( * ) PLANE_ANGLE_UNIT ( ) SI_UNIT ( $, .RADIAN. ) );
#8657 = CARTESIAN_POINT ( 'NONE',  ( 3.194999999999999840, -0.6800000000000000488, -3.334999999999999964 ) ) ;
#8658 = ORIENTED_EDGE ( 'NONE', *, *, #7407, .T. ) ;
#8659 = DIRECTION ( 'NONE',  ( -1.000000000000000000, 0.0000000000000000000, 0.0000000000000000000 ) ) ;
#8660 = DIRECTION ( 'NONE',  ( -1.000000000000000000, 0.0000000000000000000, 6.123031769111888756E-17 ) ) ;
#8661 = PRESENTATION_LAYER_ASSIGNMENT (  '', '', ( #7598 ) ) ;
#8662 = PLANE ( 'NONE',  #6503 ) ;
#8663 = CARTESIAN_POINT ( 'NONE',  ( 1.785000000000324993, 0.6646145760520409951, 4.620862500821609764 ) ) ;
#8664 = FACE_OUTER_BOUND ( 'NONE', #3743, .T. ) ;
#8665 = CARTESIAN_POINT ( 'NONE',  ( 0.0000000000000000000, 0.0000000000000000000, 0.0000000000000000000 ) ) ;
#8666 = EDGE_CURVE ( 'NONE', #5880, #1274, #6834, .T. ) ;
#8667 = CARTESIAN_POINT ( 'NONE',  ( -3.415994185473270051, -6.009530812630630159, -3.734999999852264718 ) ) ;
#8668 = VERTEX_POINT ( 'NONE', #5934 ) ;
#8669 =( LENGTH_UNIT ( ) NAMED_UNIT ( * ) SI_UNIT ( .MILLI., .METRE. ) );
#8670 = DIRECTION ( 'NONE',  ( 0.0000000000000000000, 0.0000000000000000000, 1.000000000000000000 ) ) ;
#8671 =( NAMED_UNIT ( * ) PLANE_ANGLE_UNIT ( ) SI_UNIT ( $, .RADIAN. ) );
#8672 = LINE ( 'NONE', #309, #8429 ) ;
#8673 = EDGE_CURVE ( 'NONE', #6334, #5959, #8723, .T. ) ;
#8674 = DIRECTION ( 'NONE',  ( 0.0000000000000000000, 0.0000000000000000000, 1.000000000000000000 ) ) ;
#8675 = DIRECTION ( 'NONE',  ( 1.000000000000000000, 0.0000000000000000000, 6.123031769111888756E-17 ) ) ;
#8676 = VECTOR ( 'NONE', #7365, 1000.000000000000000 ) ;
#8677 = VERTEX_POINT ( 'NONE', #8412 ) ;
#8678 = CIRCLE ( 'NONE', #9174, 0.1000000000000809269 ) ;
#8679 = DIRECTION ( 'NONE',  ( 6.123031769111888756E-17, -1.730217700714529757E-16, 1.000000000000000000 ) ) ;
#8680 = ADVANCED_FACE ( 'NONE', ( #6580 ), #1138, .T. ) ;
#8681 = LINE ( 'NONE', #5555, #4603 ) ;
#8682 = DIRECTION ( 'NONE',  ( -1.000000000000000000, 0.0000000000000000000, 6.123031769111888756E-17 ) ) ;
#8683 = EDGE_CURVE ( 'NONE', #4814, #4335, #4394, .T. ) ;
#8684 = UNCERTAINTY_MEASURE_WITH_UNIT (LENGTH_MEASURE( 1.000000000000000082E-05 ), #7982, 'distance_accuracy_value', 'NONE');
#8685 = ORIENTED_EDGE ( 'NONE', *, *, #7346, .F. ) ;
#8686 = VECTOR ( 'NONE', #8807, 1000.000000000000114 ) ;
#8687 = DIRECTION ( 'NONE',  ( 0.0000000000000000000, 0.0000000000000000000, 1.000000000000000000 ) ) ;
#8688 = VECTOR ( 'NONE', #9337, 1000.000000000000000 ) ;
#8689 = ORIENTED_EDGE ( 'NONE', *, *, #3302, .F. ) ;
#8690 = VECTOR ( 'NONE', #5107, 1000.000000000000000 ) ;
#8691 = EDGE_CURVE ( 'NONE', #785, #7190, #4648, .T. ) ;
#8692 = CARTESIAN_POINT ( 'NONE',  ( 4.424999999999999822, -1.308111948986800055, -3.923659150360660153 ) ) ;
#8693 = DIRECTION ( 'NONE',  ( 6.123031769111888756E-17, 0.0000000000000000000, 1.000000000000000000 ) ) ;
#8694 = DIRECTION ( 'NONE',  ( 1.063253308502803550E-17, 0.9848077530122136825, 0.1736481776668984678 ) ) ;
#8695 =( GEOMETRIC_REPRESENTATION_CONTEXT ( 3 ) GLOBAL_UNCERTAINTY_ASSIGNED_CONTEXT ( ( #367 ) ) GLOBAL_UNIT_ASSIGNED_CONTEXT ( ( #9353, #4505, #6850 ) ) REPRESENTATION_CONTEXT ( 'NONE', 'WORKASPACE' ) );
#8696 = ORIENTED_EDGE ( 'NONE', *, *, #7990, .F. ) ;
#8697 = ORIENTED_EDGE ( 'NONE', *, *, #5023, .T. ) ;
#8698 = SURFACE_STYLE_USAGE ( .BOTH. , #3010 ) ;
#8699 = ORIENTED_EDGE ( 'NONE', *, *, #1768, .F. ) ;
#8700 = CARTESIAN_POINT ( 'NONE',  ( -1.770000000000000018, -2.180000000000000160, 2.185105896938285053 ) ) ;
#8701 = COLOUR_RGB ( '',0.1411764705882352922, 0.1411764705882352922, 0.1411764705882352922 ) ;
#8702 = DIRECTION ( 'NONE',  ( 1.063253308503841703E-17, -0.9848077530121837064, 0.1736481776670679711 ) ) ;
#8703 = DIRECTION ( 'NONE',  ( 0.0000000000000000000, 0.0000000000000000000, 1.000000000000000000 ) ) ;
#8704 = ORIENTED_EDGE ( 'NONE', *, *, #1802, .T. ) ;
#8705 = COLOUR_RGB ( '',0.1411764705882352922, 0.1411764705882352922, 0.1411764705882352922 ) ;
#8706 = VERTEX_POINT ( 'NONE', #8444 ) ;
#8707 = CARTESIAN_POINT ( 'NONE',  ( -3.194999999999819984, -0.4000000000000569766, 2.185105896938279724 ) ) ;
#8708 = ORIENTED_EDGE ( 'NONE', *, *, #7456, .T. ) ;
#8709 = ORIENTED_EDGE ( 'NONE', *, *, #9163, .F. ) ;
#8710 =( GEOMETRIC_REPRESENTATION_CONTEXT ( 3 ) GLOBAL_UNCERTAINTY_ASSIGNED_CONTEXT ( ( #8434 ) ) GLOBAL_UNIT_ASSIGNED_CONTEXT ( ( #7966, #3731, #8143 ) ) REPRESENTATION_CONTEXT ( 'NONE', 'WORKASPACE' ) );
#8711 = CYLINDRICAL_SURFACE ( 'NONE', #4747, 0.1000000000000804967 ) ;
#8712 = DIRECTION ( 'NONE',  ( 1.224606353822375779E-16, 0.0000000000000000000, -1.000000000000000000 ) ) ;
#8713 = PRESENTATION_STYLE_ASSIGNMENT (( #1962 ) ) ;
#8714 = VECTOR ( 'NONE', #9146, 1000.000000000000000 ) ;
#8715 = EDGE_CURVE ( 'NONE', #1090, #1343, #2233, .T. ) ;
#8716 = DIRECTION ( 'NONE',  ( 1.000000000000000000, -3.681132786215100208E-13, 0.0000000000000000000 ) ) ;
#8717 = CARTESIAN_POINT ( 'NONE',  ( -4.809999999999999609, -7.250000000000000000, 3.734999999852264718 ) ) ;
#8718 = EDGE_LOOP ( 'NONE', ( #6129, #7703, #7973, #8251 ) ) ;
#8719 = CARTESIAN_POINT ( 'NONE',  ( -1.885000000000000009, -0.6800000000000000488, -3.334999999999999964 ) ) ;
#8720 = ORIENTED_EDGE ( 'NONE', *, *, #7773, .F. ) ;
#8721 = DIRECTION ( 'NONE',  ( 1.732471668143100266E-26, 2.596018638148705187E-13, 1.000000000000000000 ) ) ;
#8722 = VERTEX_POINT ( 'NONE', #352 ) ;
#8723 = CIRCLE ( 'NONE', #9554, 0.2749999999999206968 ) ;
#8724 = ORIENTED_EDGE ( 'NONE', *, *, #10400, .T. ) ;
#8725 = LINE ( 'NONE', #4359, #8481 ) ;
#8726 = AXIS2_PLACEMENT_3D ( 'NONE', #3912, #4717, #10430 ) ;
#8727 = ORIENTED_EDGE ( 'NONE', *, *, #3164, .F. ) ;
#8728 = FACE_BOUND ( 'NONE', #6831, .T. ) ;
#8729 = MECHANICAL_DESIGN_GEOMETRIC_PRESENTATION_REPRESENTATION (  '', ( #7112 ), #9286 ) ;
#8730 = CARTESIAN_POINT ( 'NONE',  ( -1.173407417371200134, -7.176881904510220345, -3.884999999852265073 ) ) ;
#8731 = CARTESIAN_POINT ( 'NONE',  ( 4.309999999999999609, 0.6865000000000239799, -4.496744093870610470 ) ) ;
#8732 = ORIENTED_EDGE ( 'NONE', *, *, #3198, .F. ) ;
#8733 = EDGE_CURVE ( 'NONE', #5659, #3186, #8479, .T. ) ;
#8734 = ORIENTED_EDGE ( 'NONE', *, *, #6246, .F. ) ;
#8735 = DIRECTION ( 'NONE',  ( -5.202631688678576249E-17, -0.5272949808244127290, -0.8496822954477646350 ) ) ;
#8736 = VECTOR ( 'NONE', #2399, 1000.000000000000000 ) ;
#8737 = ORIENTED_EDGE ( 'NONE', *, *, #10410, .T. ) ;
#8738 =( NAMED_UNIT ( * ) PLANE_ANGLE_UNIT ( ) SI_UNIT ( $, .RADIAN. ) );
#8739 = DIRECTION ( 'NONE',  ( 0.0000000000000000000, -0.9848077530121837064, 0.1736481776670679711 ) ) ;
#8740 = CYLINDRICAL_SURFACE ( 'NONE', #8281, 0.1000000000000804967 ) ;
#8741 = ORIENTED_EDGE ( 'NONE', *, *, #8963, .F. ) ;
#8742 = PRESENTATION_STYLE_ASSIGNMENT (( #7433 ) ) ;
#8743 = ADVANCED_FACE ( 'NONE', ( #10386 ), #6860, .T. ) ;
#8744 = AXIS2_PLACEMENT_3D ( 'NONE', #9292, #4416, #10110 ) ;
#8745 = ORIENTED_EDGE ( 'NONE', *, *, #1283, .T. ) ;
#8746 = DIRECTION ( 'NONE',  ( 1.000000000000000000, 0.0000000000000000000, 6.123031769111888756E-17 ) ) ;
#8747 = LINE ( 'NONE', #1597, #9012 ) ;
#8748 = CARTESIAN_POINT ( 'NONE',  ( 2.270000000000000018, -0.1411671192955888110, -4.332730348417619837 ) ) ;
#8749 = EDGE_CURVE ( 'NONE', #1013, #797, #8235, .T. ) ;
#8750 = ORIENTED_EDGE ( 'NONE', *, *, #1422, .F. ) ;
#8751 = EDGE_LOOP ( 'NONE', ( #10167, #452, #9926, #5505 ) ) ;
#8752 = UNCERTAINTY_MEASURE_WITH_UNIT (LENGTH_MEASURE( 1.000000000000000082E-05 ), #173, 'distance_accuracy_value', 'NONE');
#8753 = LINE ( 'NONE', #7739, #8270 ) ;
#8754 = EDGE_CURVE ( 'NONE', #1213, #7892, #4152, .T. ) ;
#8755 = ORIENTED_EDGE ( 'NONE', *, *, #1672, .T. ) ;
#8756 =( NAMED_UNIT ( * ) SI_UNIT ( $, .STERADIAN. ) SOLID_ANGLE_UNIT ( ) );
#8757 = FILL_AREA_STYLE ('',( #4474 ) ) ;
#8758 = FACE_OUTER_BOUND ( 'NONE', #5178, .T. ) ;
#8759 = CARTESIAN_POINT ( 'NONE',  ( 1.173407417371032047, -7.176881904510159949, -3.884999999852265073 ) ) ;
#8760 = EDGE_CURVE ( 'NONE', #6417, #9868, #3888, .T. ) ;
#8761 = VECTOR ( 'NONE', #5643, 1000.000000000000000 ) ;
#8762 =( GEOMETRIC_REPRESENTATION_CONTEXT ( 3 ) GLOBAL_UNCERTAINTY_ASSIGNED_CONTEXT ( ( #8250 ) ) GLOBAL_UNIT_ASSIGNED_CONTEXT ( ( #409, #6094, #1218 ) ) REPRESENTATION_CONTEXT ( 'NONE', 'WORKASPACE' ) );
#8763 = AXIS2_PLACEMENT_3D ( 'NONE', #3149, #10484, #4074 ) ;
#8764 = ORIENTED_EDGE ( 'NONE', *, *, #5707, .T. ) ;
#8765 = ADVANCED_FACE ( 'NONE', ( #6064 ), #9323, .T. ) ;
#8766 = EDGE_CURVE ( 'NONE', #3431, #4581, #1489, .T. ) ;
#8767 = PLANE ( 'NONE',  #5146 ) ;
#8768 = DIRECTION ( 'NONE',  ( -1.000000000000000000, 0.0000000000000000000, 6.123031769111888756E-17 ) ) ;
#8769 = CARTESIAN_POINT ( 'NONE',  ( 1.884999999999944942, -2.180000000000000160, 2.185105896938285053 ) ) ;
#8770 = FACE_OUTER_BOUND ( 'NONE', #1904, .T. ) ;
#8771 = VERTEX_POINT ( 'NONE', #6104 ) ;
#8772 = STYLED_ITEM ( 'NONE', ( #4995 ), #1864 ) ;
#8773 = FILL_AREA_STYLE_COLOUR ( '', #576 ) ;
#8774 = PLANE ( 'NONE',  #8726 ) ;
#8775 = CIRCLE ( 'NONE', #6135, 0.2748194203352921083 ) ;
#8776 = CARTESIAN_POINT ( 'NONE',  ( -3.810000000000000053, -7.150999999999920753, -10.25999999999999979 ) ) ;
#8777 =( NAMED_UNIT ( * ) SI_UNIT ( $, .STERADIAN. ) SOLID_ANGLE_UNIT ( ) );
#8778 = ORIENTED_EDGE ( 'NONE', *, *, #6177, .F. ) ;
#8779 = SURFACE_STYLE_USAGE ( .BOTH. , #3076 ) ;
#8780 = CARTESIAN_POINT ( 'NONE',  ( -1.366592582628967989, -7.176881904510159949, -3.884999999852265073 ) ) ;
#8781 = AXIS2_PLACEMENT_3D ( 'NONE', #9838, #910, #6609 ) ;
#8782 = VECTOR ( 'NONE', #1762, 1000.000000000000000 ) ;
#8783 = SURFACE_STYLE_FILL_AREA ( #569 ) ;
#8784 = DIRECTION ( 'NONE',  ( -1.000000000000000000, -2.094200203256434818E-17, 5.753767770272800151E-17 ) ) ;
#8785 = ADVANCED_FACE ( 'NONE', ( #9891 ), #3650, .T. ) ;
#8786 = ORIENTED_EDGE ( 'NONE', *, *, #6053, .T. ) ;
#8787 = DIRECTION ( 'NONE',  ( -0.2468892371169170985, 0.9690437062361153542, 1.827827637527605244E-16 ) ) ;
#8788 = CARTESIAN_POINT ( 'NONE',  ( -1.785000000000329878, 0.6865000000000239799, -10.25999999999999979 ) ) ;
#8789 = ORIENTED_EDGE ( 'NONE', *, *, #393, .T. ) ;
#8790 = EDGE_CURVE ( 'NONE', #7206, #9693, #5814, .T. ) ;
#8791 = LINE ( 'NONE', #6930, #6648 ) ;
#8792 = CARTESIAN_POINT ( 'NONE',  ( 4.424999999999999822, 4.440892098500625176E-16, -2.169999999999999929 ) ) ;
#8793 = DIRECTION ( 'NONE',  ( 2.126506617005025622E-17, -0.9848077530122221201, -0.1736481776668505062 ) ) ;
#8794 = AXIS2_PLACEMENT_3D ( 'NONE', #8622, #6213, #1336 ) ;
#8795 = PLANE ( 'NONE',  #9056 ) ;
#8796 = CARTESIAN_POINT ( 'NONE',  ( 1.255893264020361944, -7.250000000000000000, -3.809999999852264896 ) ) ;
#8797 = LINE ( 'NONE', #2924, #9062 ) ;
#8798 = PLANE ( 'NONE',  #3046 ) ;
#8799 = AXIS2_PLACEMENT_3D ( 'NONE', #2301, #3942, #8808 ) ;
#8800 = DIRECTION ( 'NONE',  ( 3.681132786215100208E-13, 1.000000000000000000, 0.0000000000000000000 ) ) ;
#8801 = CARTESIAN_POINT ( 'NONE',  ( -1.270000000000000018, 0.6865000000000239799, -10.25999999999999979 ) ) ;
#8802 = CARTESIAN_POINT ( 'NONE',  ( 3.194999999999764917, 7.771561172376099727E-16, -4.357621920338314858 ) ) ;
#8803 = CARTESIAN_POINT ( 'NONE',  ( 3.616703708686005214, -6.797318496379340047, -10.25999999999999979 ) ) ;
#8804 = EDGE_CURVE ( 'NONE', #5794, #1052, #7725, .T. ) ;
#8805 = ORIENTED_EDGE ( 'NONE', *, *, #5994, .T. ) ;
#8806 = LINE ( 'NONE', #4080, #174 ) ;
#8807 = DIRECTION ( 'NONE',  ( -0.2468892371171420297, 0.9690437062360580667, -1.827827637527644934E-16 ) ) ;
#8808 = DIRECTION ( 'NONE',  ( 0.0000000000000000000, 0.0000000000000000000, -1.000000000000000000 ) ) ;
#8809 = CYLINDRICAL_SURFACE ( 'NONE', #4469, 0.2748194203352921083 ) ;
#8810 = ORIENTED_EDGE ( 'NONE', *, *, #1579, .T. ) ;
#8811 = ADVANCED_FACE ( 'NONE', ( #3405 ), #1275, .T. ) ;
#8812 = FACE_OUTER_BOUND ( 'NONE', #4540, .T. ) ;
#8813 = EDGE_CURVE ( 'NONE', #3068, #8982, #6703, .T. ) ;
#8814 = ORIENTED_CLOSED_SHELL ( 'NONE', *, #2576, .F. );
#8815 = EDGE_LOOP ( 'NONE', ( #4835, #6916, #3777, #4518 ) ) ;
#8816 = VECTOR ( 'NONE', #5768, 1000.000000000000000 ) ;
#8817 = CARTESIAN_POINT ( 'NONE',  ( -3.520000000001065388, -5.116929645232019652, 3.734999999852264718 ) ) ;
#8818 = VECTOR ( 'NONE', #6940, 1000.000000000000000 ) ;
#8819 = DIRECTION ( 'NONE',  ( -6.673570731747099829E-14, -1.000000000000000000, 0.0000000000000000000 ) ) ;
#8820 = CARTESIAN_POINT ( 'NONE',  ( 2.810000000000000053, -7.250000000000000000, 3.809999999852264896 ) ) ;
#8821 = FACE_OUTER_BOUND ( 'NONE', #6741, .T. ) ;
#8822 = ORIENTED_EDGE ( 'NONE', *, *, #5016, .F. ) ;
#8823 = EDGE_CURVE ( 'NONE', #6432, #2782, #2616, .T. ) ;
#8824 = LINE ( 'NONE', #17, #2593 ) ;
#8825 =( LENGTH_UNIT ( ) NAMED_UNIT ( * ) SI_UNIT ( .MILLI., .METRE. ) );
#8826 = ORIENTED_EDGE ( 'NONE', *, *, #4387, .T. ) ;
#8827 = FACE_OUTER_BOUND ( 'NONE', #7194, .T. ) ;
#8828 = ORIENTED_EDGE ( 'NONE', *, *, #9311, .T. ) ;
#8829 = EDGE_CURVE ( 'NONE', #1883, #9675, #8845, .T. ) ;
#8830 = LINE ( 'NONE', #1554, #4498 ) ;
#8831 = ORIENTED_EDGE ( 'NONE', *, *, #10269, .F. ) ;
#8832 = DIRECTION ( 'NONE',  ( -1.928491021440829418E-32, -1.000000000000000000, -3.149568864184659427E-16 ) ) ;
#8833 = CARTESIAN_POINT ( 'NONE',  ( 0.7549999999996720446, 0.6865000000000239799, -4.496744093870610470 ) ) ;
#8834 = VERTEX_POINT ( 'NONE', #4557 ) ;
#8835 = CIRCLE ( 'NONE', #919, 0.1000000000000807049 ) ;
#8836 = DIRECTION ( 'NONE',  ( 6.123031769111888756E-17, 0.0000000000000000000, 1.000000000000000000 ) ) ;
#8837 = LINE ( 'NONE', #3630, #4506 ) ;
#8838 = PRESENTATION_LAYER_ASSIGNMENT (  '', '', ( #7776 ) ) ;
#8839 = ADVANCED_FACE ( 'NONE', ( #4268 ), #523, .T. ) ;
#8840 = ORIENTED_EDGE ( 'NONE', *, *, #6838, .F. ) ;
#8841 = VECTOR ( 'NONE', #2311, 1000.000000000000114 ) ;
#8842 = ORIENTED_EDGE ( 'NONE', *, *, #5969, .T. ) ;
#8843 = CARTESIAN_POINT ( 'NONE',  ( 1.785000000000324993, 3.650732037385749672E-05, -10.25999999999999979 ) ) ;
#8844 = DIRECTION ( 'NONE',  ( -3.240339941653820604E-20, -0.9999998599709450930, -0.0005292051493183439707 ) ) ;
#8845 = LINE ( 'NONE', #6994, #8591 ) ;
#8846 = ORIENTED_EDGE ( 'NONE', *, *, #9244, .T. ) ;
#8847 = FILL_AREA_STYLE_COLOUR ( '', #5822 ) ;
#8848 = VECTOR ( 'NONE', #1312, 1000.000000000000000 ) ;
#8849 = ORIENTED_EDGE ( 'NONE', *, *, #8754, .F. ) ;
#8850 = CARTESIAN_POINT ( 'NONE',  ( -0.6549999999999919220, -1.699963492679900101, 10.25999999999999979 ) ) ;
#8851 = DIRECTION ( 'NONE',  ( -0.2468892371169171263, -0.9690437062361154652, -3.023421284637361303E-17 ) ) ;
#8852 = LINE ( 'NONE', #55, #2621 ) ;
#8853 = CYLINDRICAL_SURFACE ( 'NONE', #8377, 0.1000000000000804967 ) ;
#8854 = DIRECTION ( 'NONE',  ( -1.000000000000000000, 0.0000000000000000000, 6.123031769111888756E-17 ) ) ;
#8855 = AXIS2_PLACEMENT_3D ( 'NONE', #7429, #2544, #8258 ) ;
#8856 = CARTESIAN_POINT ( 'NONE',  ( 1.270000000000000018, 0.6865000000000239799, 10.25999999999999979 ) ) ;
#8857 = DIRECTION ( 'NONE',  ( -1.000000000000000000, 0.0000000000000000000, 6.123031769111888756E-17 ) ) ;
#8858 = ORIENTED_EDGE ( 'NONE', *, *, #939, .T. ) ;
#8859 = ORIENTED_EDGE ( 'NONE', *, *, #2845, .T. ) ;
#8860 = ORIENTED_EDGE ( 'NONE', *, *, #7545, .T. ) ;
#8861 = EDGE_CURVE ( 'NONE', #4951, #6950, #211, .T. ) ;
#8862 = SURFACE_STYLE_FILL_AREA ( #4977 ) ;
#8863 = ORIENTED_EDGE ( 'NONE', *, *, #155, .T. ) ;
#8864 = PRESENTATION_STYLE_ASSIGNMENT (( #5378 ) ) ;
#8865 = CARTESIAN_POINT ( 'NONE',  ( 0.2700000000000000178, -5.325000000000000178, 3.734999999852264718 ) ) ;
#8866 = FILL_AREA_STYLE ('',( #6381 ) ) ;
#8867 = VERTEX_POINT ( 'NONE', #10271 ) ;
#8868 = PRESENTATION_LAYER_ASSIGNMENT (  '', '', ( #9972 ) ) ;
#8869 = ORIENTED_EDGE ( 'NONE', *, *, #6152, .T. ) ;
#8870 = VECTOR ( 'NONE', #7808, 1000.000000000000000 ) ;
#8871 = ORIENTED_EDGE ( 'NONE', *, *, #774, .F. ) ;
#8872 = FACE_OUTER_BOUND ( 'NONE', #77, .T. ) ;
#8873 = STYLED_ITEM ( 'NONE', ( #6615 ), #4312 ) ;
#8874 = ADVANCED_FACE ( 'NONE', ( #10510 ), #9436, .F. ) ;
#8875 = CARTESIAN_POINT ( 'NONE',  ( 2.810000000000000053, -0.6165488638581649861, 3.330318181988674464 ) ) ;
#8876 = EDGE_CURVE ( 'NONE', #6409, #5412, #7593, .T. ) ;
#8877 = LINE ( 'NONE', #8700, #10295 ) ;
#8878 = CARTESIAN_POINT ( 'NONE',  ( 3.194999999999764917, 3.650731991911014584E-05, 4.503679456517060586 ) ) ;
#8879 = CARTESIAN_POINT ( 'NONE',  ( -3.520000000000000018, -6.417755088244880390, -3.884999999852265073 ) ) ;
#8880 = DIRECTION ( 'NONE',  ( 6.123031769111888756E-17, -1.836909530733564901E-16, 1.000000000000000000 ) ) ;
#8881 = EDGE_LOOP ( 'NONE', ( #4651, #1844, #7618, #4044 ) ) ;
#8882 = VECTOR ( 'NONE', #10316, 1000.000000000000000 ) ;
#8883 = ORIENTED_EDGE ( 'NONE', *, *, #2491, .F. ) ;
#8884 = ORIENTED_EDGE ( 'NONE', *, *, #6307, .T. ) ;
#8885 = SURFACE_STYLE_USAGE ( .BOTH. , #3185 ) ;
#8886 = DIRECTION ( 'NONE',  ( -6.123031769111888756E-17, 0.0000000000000000000, -1.000000000000000000 ) ) ;
#8887 = UNCERTAINTY_MEASURE_WITH_UNIT (LENGTH_MEASURE( 1.000000000000000082E-05 ), #3918, 'distance_accuracy_value', 'NONE');
#8888 = EDGE_CURVE ( 'NONE', #10202, #1351, #3518, .T. ) ;
#8889 = DIRECTION ( 'NONE',  ( -1.000000000000000000, 0.0000000000000000000, 6.123031769111888756E-17 ) ) ;
#8890 = VERTEX_POINT ( 'NONE', #5450 ) ;
#8891 = DIRECTION ( 'NONE',  ( 1.000000000000000000, 0.0000000000000000000, -6.123031769111888756E-17 ) ) ;
#8892 = FILL_AREA_STYLE ('',( #3195 ) ) ;
#8893 = EDGE_CURVE ( 'NONE', #6219, #1833, #9743, .T. ) ;
#8894 = LINE ( 'NONE', #4462, #6752 ) ;
#8895 = ORIENTED_EDGE ( 'NONE', *, *, #5093, .T. ) ;
#8896 = CARTESIAN_POINT ( 'NONE',  ( 0.6549999999998470379, -0.6264186456785509893, -3.346222332753779671 ) ) ;
#8897 = ADVANCED_FACE ( 'NONE', ( #5399 ), #3026, .T. ) ;
#8898 = EDGE_LOOP ( 'NONE', ( #6578, #872, #3019, #878 ) ) ;
#8899 = CARTESIAN_POINT ( 'NONE',  ( 2.270000000000000018, -0.4000000000000569766, -2.185105896938275283 ) ) ;
#8900 = EDGE_CURVE ( 'NONE', #7083, #8629, #2979, .T. ) ;
#8901 = MECHANICAL_DESIGN_GEOMETRIC_PRESENTATION_REPRESENTATION (  '', ( #6748 ), #9451 ) ;
#8902 = COLOUR_RGB ( '',0.1411764705882352922, 0.1411764705882352922, 0.1411764705882352922 ) ;
#8903 = EDGE_LOOP ( 'NONE', ( #6712, #8297, #2609, #9041, #300, #5536 ) ) ;
#8904 = DIRECTION ( 'NONE',  ( 1.316960045852425737E-13, 0.9848077530122136825, 0.1736481776668984678 ) ) ;
#8905 = DIRECTION ( 'NONE',  ( -1.000000000000000000, 0.0000000000000000000, 6.123031769111888756E-17 ) ) ;
#8906 = DIRECTION ( 'NONE',  ( -0.2468892371171420297, -0.9690437062360580667, -1.525485509063630176E-16 ) ) ;
#8907 = FACE_OUTER_BOUND ( 'NONE', #815, .T. ) ;
#8908 = FACE_OUTER_BOUND ( 'NONE', #3493, .T. ) ;
#8909 = PRESENTATION_LAYER_ASSIGNMENT (  '', '', ( #7846 ) ) ;
#8910 =( NAMED_UNIT ( * ) SI_UNIT ( $, .STERADIAN. ) SOLID_ANGLE_UNIT ( ) );
#8911 = PLANE ( 'NONE',  #6079 ) ;
#8912 = CARTESIAN_POINT ( 'NONE',  ( -1.885000000000000009, -2.180000000000000160, -2.169999999999999929 ) ) ;
#8913 = ORIENTED_EDGE ( 'NONE', *, *, #7398, .T. ) ;
#8914 = SURFACE_SIDE_STYLE ('',( #2862 ) ) ;
#8915 = PRESENTATION_LAYER_ASSIGNMENT (  '', '', ( #7853 ) ) ;
#8916 = DIRECTION ( 'NONE',  ( -1.000000000000000000, 0.0000000000000000000, 6.123031769111888756E-17 ) ) ;
#8917 = LINE ( 'NONE', #3933, #282 ) ;
#8918 = DIRECTION ( 'NONE',  ( 0.0000000000000000000, 1.000000000000000000, 0.0000000000000000000 ) ) ;
#8919 = ADVANCED_FACE ( 'NONE', ( #5156 ), #6309, .T. ) ;
#8920 = DIRECTION ( 'NONE',  ( 0.0000000000000000000, 0.0000000000000000000, 1.000000000000000000 ) ) ;
#8921 = FILL_AREA_STYLE_COLOUR ( '', #9624 ) ;
#8922 = ORIENTED_EDGE ( 'NONE', *, *, #9256, .T. ) ;
#8923 = AXIS2_PLACEMENT_3D ( 'NONE', #1573, #4833, #10537 ) ;
#8924 = SURFACE_STYLE_USAGE ( .BOTH. , #2943 ) ;
#8925 = CARTESIAN_POINT ( 'NONE',  ( -5.080000000000000071, -3.750000000000454747, 5.079999999999810001 ) ) ;
#8926 = DIRECTION ( 'NONE',  ( -1.000000000000000000, 0.0000000000000000000, 6.123031769111888756E-17 ) ) ;
#8927 = LINE ( 'NONE', #9024, #6781 ) ;
#8928 = DIRECTION ( 'NONE',  ( -1.000000000000000000, -4.547473508868780324E-12, -8.019035039880990008E-13 ) ) ;
#8929 = PRESENTATION_LAYER_ASSIGNMENT (  '', '', ( #7868 ) ) ;
#8930 = DIRECTION ( 'NONE',  ( 6.673570731747099829E-14, -1.000000000000000000, 8.172497120780549775E-30 ) ) ;
#8931 = EDGE_CURVE ( 'NONE', #993, #7898, #79, .T. ) ;
#8932 = FACE_OUTER_BOUND ( 'NONE', #2503, .T. ) ;
#8933 = LINE ( 'NONE', #9125, #2441 ) ;
#8934 = VERTEX_POINT ( 'NONE', #4666 ) ;
#8935 = VECTOR ( 'NONE', #9417, 1000.000000000000000 ) ;
#8936 = FACE_OUTER_BOUND ( 'NONE', #431, .T. ) ;
#8937 = CARTESIAN_POINT ( 'NONE',  ( -1.270000000000000018, -2.180000000000000160, 3.334999999999999964 ) ) ;
#8938 = FILL_AREA_STYLE_COLOUR ( '', #1565 ) ;
#8939 = AXIS2_PLACEMENT_3D ( 'NONE', #9046, #4181, #9878 ) ;
#8940 = CARTESIAN_POINT ( 'NONE',  ( 1.560000000000459908, -5.116929645231019563, -3.734999999852264718 ) ) ;
#8941 = FILL_AREA_STYLE ('',( #7317 ) ) ;
#8942 = FILL_AREA_STYLE_COLOUR ( '', #528 ) ;
#8943 = ORIENTED_EDGE ( 'NONE', *, *, #4592, .F. ) ;
#8944 = LINE ( 'NONE', #7152, #2450 ) ;
#8945 = ORIENTED_EDGE ( 'NONE', *, *, #7321, .T. ) ;
#8946 = PRESENTATION_STYLE_ASSIGNMENT (( #8698 ) ) ;
#8947 = EDGE_CURVE ( 'NONE', #8465, #6334, #8464, .T. ) ;
#8948 = ADVANCED_FACE ( 'NONE', ( #10371 ), #3825, .F. ) ;
#8949 = VECTOR ( 'NONE', #9574, 1000.000000000000000 ) ;
#8950 = ORIENTED_EDGE ( 'NONE', *, *, #6276, .F. ) ;
#8951 = DIRECTION ( 'NONE',  ( -1.000000000000000000, -3.681132786215100208E-13, -1.224606353822377751E-16 ) ) ;
#8952 = LINE ( 'NONE', #1811, #312 ) ;
#8953 = CARTESIAN_POINT ( 'NONE',  ( -1.255893264020311983, -7.250000000000000000, -3.884999999852265073 ) ) ;
#8954 = EDGE_CURVE ( 'NONE', #7591, #7535, #1216, .T. ) ;
#8955 = CARTESIAN_POINT ( 'NONE',  ( -1.885000000000000009, -0.4000000000000569766, -2.460105896938209913 ) ) ;
#8956 = CARTESIAN_POINT ( 'NONE',  ( 1.366592582628967989, -7.176881904510159949, 3.884999999852265073 ) ) ;
#8957 = DIRECTION ( 'NONE',  ( 0.0000000000000000000, 0.0000000000000000000, 1.000000000000000000 ) ) ;
#8958 = ORIENTED_EDGE ( 'NONE', *, *, #2894, .F. ) ;
#8959 = PLANE ( 'NONE',  #7986 ) ;
#8960 = FACE_OUTER_BOUND ( 'NONE', #4600, .T. ) ;
#8961 = ORIENTED_EDGE ( 'NONE', *, *, #5977, .F. ) ;
#8962 = VERTEX_POINT ( 'NONE', #1442 ) ;
#8963 = EDGE_CURVE ( 'NONE', #1265, #10532, #5257, .T. ) ;
#8964 = LINE ( 'NONE', #10421, #5393 ) ;
#8965 = CARTESIAN_POINT ( 'NONE',  ( 0.6550000000000000266, -0.6800000000000000488, 3.334999999999999964 ) ) ;
#8966 = DIRECTION ( 'NONE',  ( 1.000000000000000000, -2.273736754434390162E-12, 1.224606353822375779E-16 ) ) ;
#8967 = CARTESIAN_POINT ( 'NONE',  ( -4.325000000000325251, 0.3432682536601989742, 10.25999999999999979 ) ) ;
#8968 = ORIENTED_EDGE ( 'NONE', *, *, #8888, .F. ) ;
#8969 = DIRECTION ( 'NONE',  ( 1.000000000000000000, 0.0000000000000000000, -6.123031769111888756E-17 ) ) ;
#8970 = LINE ( 'NONE', #6635, #5151 ) ;
#8971 = ORIENTED_EDGE ( 'NONE', *, *, #2734, .T. ) ;
#8972 = CARTESIAN_POINT ( 'NONE',  ( -1.885000000000154996, -1.221249999999999947, 2.185105896938279724 ) ) ;
#8973 = EDGE_CURVE ( 'NONE', #10252, #2870, #7454, .T. ) ;
#8974 = ORIENTED_EDGE ( 'NONE', *, *, #1788, .F. ) ;
#8975 = ORIENTED_EDGE ( 'NONE', *, *, #8091, .T. ) ;
#8976 = FACE_OUTER_BOUND ( 'NONE', #8517, .T. ) ;
#8977 = VECTOR ( 'NONE', #6711, 1000.000000000000000 ) ;
#8978 = VECTOR ( 'NONE', #3402, 999.9999999999998863 ) ;
#8979 = LINE ( 'NONE', #964, #849 ) ;
#8980 = ADVANCED_FACE ( 'NONE', ( #3384 ), #3883, .T. ) ;
#8981 = VECTOR ( 'NONE', #10203, 1000.000000000000000 ) ;
#8982 = VERTEX_POINT ( 'NONE', #8759 ) ;
#8983 =( LENGTH_UNIT ( ) NAMED_UNIT ( * ) SI_UNIT ( .MILLI., .METRE. ) );
#8984 = VERTEX_POINT ( 'NONE', #660 ) ;
#8985 =( LENGTH_UNIT ( ) NAMED_UNIT ( * ) SI_UNIT ( .MILLI., .METRE. ) );
#8986 = LINE ( 'NONE', #277, #599 ) ;
#8987 = VERTEX_POINT ( 'NONE', #6353 ) ;
#8988 = CARTESIAN_POINT ( 'NONE',  ( 5.080000000000000071, 8.272839892444299875E-16, -4.503673019291570156 ) ) ;
#8989 = SURFACE_SIDE_STYLE ('',( #9176 ) ) ;
#8990 = AXIS2_PLACEMENT_3D ( 'NONE', #10008, #8557, #405 ) ;
#8991 = VECTOR ( 'NONE', #289, 1000.000000000000000 ) ;
#8992 = VERTEX_POINT ( 'NONE', #1484 ) ;
#8993 = LINE ( 'NONE', #1388, #6842 ) ;
#8994 = DIRECTION ( 'NONE',  ( -1.000000000000000000, 0.0000000000000000000, 6.123031769111888756E-17 ) ) ;
#8995 = DIRECTION ( 'NONE',  ( 6.123031769111888756E-17, -0.0000000000000000000, 1.000000000000000000 ) ) ;
#8996 = PRESENTATION_STYLE_ASSIGNMENT (( #2615 ) ) ;
#8997 = VERTEX_POINT ( 'NONE', #7163 ) ;
#8998 = EDGE_LOOP ( 'NONE', ( #2376, #6651, #10281, #3003 ) ) ;
#8999 = ORIENTED_EDGE ( 'NONE', *, *, #3358, .F. ) ;
#9000 = CARTESIAN_POINT ( 'NONE',  ( -4.809999999999999609, -2.048462511770785088, 4.335675606200250165 ) ) ;
#9001 = VECTOR ( 'NONE', #1467, 1000.000000000000114 ) ;
#9002 = DIRECTION ( 'NONE',  ( 0.0000000000000000000, -0.9848077530122136825, 0.1736481776668984678 ) ) ;
#9003 = ORIENTED_EDGE ( 'NONE', *, *, #3567, .F. ) ;
#9004 = FILL_AREA_STYLE ('',( #8942 ) ) ;
#9005 = VECTOR ( 'NONE', #6588, 1000.000000000000000 ) ;
#9006 = DIRECTION ( 'NONE',  ( 6.673570731747099829E-14, 1.000000000000000000, 1.730217700714489821E-16 ) ) ;
#9007 = CARTESIAN_POINT ( 'NONE',  ( -4.325000000000329692, 0.6646145760520150159, -4.620862500821749208 ) ) ;
#9008 = AXIS2_PLACEMENT_3D ( 'NONE', #7799, #3732, #9421 ) ;
#9009 = PRESENTATION_STYLE_ASSIGNMENT (( #8885 ) ) ;
#9010 = EDGE_CURVE ( 'NONE', #1732, #161, #962, .T. ) ;
#9011 = ORIENTED_EDGE ( 'NONE', *, *, #5117, .F. ) ;
#9012 = VECTOR ( 'NONE', #6473, 1000.000000000000000 ) ;
#9013 = CARTESIAN_POINT ( 'NONE',  ( -0.2700000000000000178, -1.227030387021919910, -4.186245315462254979 ) ) ;
#9014 = ADVANCED_FACE ( 'NONE', ( #2841 ), #9615, .T. ) ;
#9015 = VERTEX_POINT ( 'NONE', #5508 ) ;
#9016 =( NAMED_UNIT ( * ) SI_UNIT ( $, .STERADIAN. ) SOLID_ANGLE_UNIT ( ) );
#9017 = ORIENTED_EDGE ( 'NONE', *, *, #3030, .F. ) ;
#9018 = VECTOR ( 'NONE', #10077, 1000.000000000000000 ) ;
#9019 = UNCERTAINTY_MEASURE_WITH_UNIT (LENGTH_MEASURE( 1.000000000000000082E-05 ), #9096, 'distance_accuracy_value', 'NONE');
#9020 = EDGE_LOOP ( 'NONE', ( #8638, #9158, #2975, #4456 ) ) ;
#9021 = AXIS2_PLACEMENT_3D ( 'NONE', #4936, #5788, #922 ) ;
#9022 = VECTOR ( 'NONE', #9937, 1000.000000000000114 ) ;
#9023 = FILL_AREA_STYLE ('',( #1699 ) ) ;
#9024 = CARTESIAN_POINT ( 'NONE',  ( -3.294999999999674856, 0.6005582141878489377, -4.463516536985710381 ) ) ;
#9025 = EDGE_CURVE ( 'NONE', #1826, #4499, #9090, .T. ) ;
#9026 = PLANE ( 'NONE',  #8855 ) ;
#9027 = DIRECTION ( 'NONE',  ( 0.0000000000000000000, 0.0000000000000000000, -1.000000000000000000 ) ) ;
#9028 = CARTESIAN_POINT ( 'NONE',  ( 4.325000000000325251, 0.9086536693868860759, -4.663893177324359485 ) ) ;
#9029 = UNCERTAINTY_MEASURE_WITH_UNIT (LENGTH_MEASURE( 1.000000000000000082E-05 ), #6776, 'distance_accuracy_value', 'NONE');
#9030 = LINE ( 'NONE', #786, #8761 ) ;
#9031 = ORIENTED_EDGE ( 'NONE', *, *, #1726, .F. ) ;
#9032 = DIRECTION ( 'NONE',  ( 1.063253308502823887E-17, 0.9848077530122131273, 0.1736481776669020483 ) ) ;
#9033 = PLANE ( 'NONE',  #6566 ) ;
#9034 = DIRECTION ( 'NONE',  ( 1.000000000000000000, 0.0000000000000000000, 6.123031769111888756E-17 ) ) ;
#9035 = EDGE_CURVE ( 'NONE', #4759, #2138, #5024, .T. ) ;
#9036 = DIRECTION ( 'NONE',  ( -6.123030911709541608E-17, -0.0005292051493183440791, 0.9999998599709452041 ) ) ;
#9037 = DIRECTION ( 'NONE',  ( -5.202631688678575633E-17, -0.5272949808244126180, -0.8496822954477645240 ) ) ;
#9038 = AXIS2_PLACEMENT_3D ( 'NONE', #9000, #9036, #4165 ) ;
#9039 =( LENGTH_UNIT ( ) NAMED_UNIT ( * ) SI_UNIT ( .MILLI., .METRE. ) );
#9040 = ADVANCED_FACE ( 'NONE', ( #454 ), #3129, .T. ) ;
#9041 = ORIENTED_EDGE ( 'NONE', *, *, #7675, .F. ) ;
#9042 = EDGE_CURVE ( 'NONE', #6056, #7989, #7193, .T. ) ;
#9043 = CARTESIAN_POINT ( 'NONE',  ( 0.7549999999996720446, 0.6865000000000239799, -4.478670392594660044 ) ) ;
#9044 = VECTOR ( 'NONE', #5879, 1000.000000000000000 ) ;
#9045 = CARTESIAN_POINT ( 'NONE',  ( 0.2700000000000000178, -7.250000000000000000, 3.809999999852264896 ) ) ;
#9046 = CARTESIAN_POINT ( 'NONE',  ( -1.270000000000025997, -7.150999999999920753, 3.884999999852265073 ) ) ;
#9047 = EDGE_LOOP ( 'NONE', ( #6280, #7344, #1407, #5183, #10158 ) ) ;
#9048 = EDGE_CURVE ( 'NONE', #4626, #1101, #8830, .T. ) ;
#9049 = FACE_OUTER_BOUND ( 'NONE', #3801, .T. ) ;
#9050 = ORIENTED_EDGE ( 'NONE', *, *, #8631, .F. ) ;
#9051 = CARTESIAN_POINT ( 'NONE',  ( 4.424999999999999822, -0.5070092621839650260, -4.418222507946190092 ) ) ;
#9052 = SURFACE_SIDE_STYLE ('',( #1825 ) ) ;
#9053 = ORIENTED_EDGE ( 'NONE', *, *, #9948, .F. ) ;
#9054 = DIRECTION ( 'NONE',  ( -1.000000000000000000, 0.0000000000000000000, 6.123031769111888756E-17 ) ) ;
#9055 = DIRECTION ( 'NONE',  ( -1.059417794895478013E-32, -1.000000000000000000, -1.730217700714529757E-16 ) ) ;
#9056 = AXIS2_PLACEMENT_3D ( 'NONE', #1531, #7216, #2319 ) ;
#9057 = ADVANCED_FACE ( 'NONE', ( #6688 ), #8056, .T. ) ;
#9058 = SURFACE_STYLE_FILL_AREA ( #8274 ) ;
#9059 =( LENGTH_UNIT ( ) NAMED_UNIT ( * ) SI_UNIT ( .MILLI., .METRE. ) );
#9060 = CARTESIAN_POINT ( 'NONE',  ( -0.7699999999999999067, -2.180000000000000160, -2.185105896938285053 ) ) ;
#9061 = PRESENTATION_LAYER_ASSIGNMENT (  '', '', ( #8519 ) ) ;
#9062 = VECTOR ( 'NONE', #3764, 1000.000000000000000 ) ;
#9063 = PLANE ( 'NONE',  #6897 ) ;
#9064 = EDGE_CURVE ( 'NONE', #1469, #4135, #9997, .T. ) ;
#9065 = CARTESIAN_POINT ( 'NONE',  ( 1.270000000000000018, -0.6800000000000000488, 4.500000000000000000 ) ) ;
#9066 = CARTESIAN_POINT ( 'NONE',  ( -3.194999999999764917, 3.650731991911014584E-05, 4.503679456517060586 ) ) ;
#9067 = COLOUR_RGB ( '',0.1411764705882352922, 0.1411764705882352922, 0.1411764705882352922 ) ;
#9068 = CARTESIAN_POINT ( 'NONE',  ( -1.785000000000324993, 0.6865000000000239799, -4.478670392594660044 ) ) ;
#9069 = AXIS2_PLACEMENT_3D ( 'NONE', #9136, #5080, #3462 ) ;
#9070 = ORIENTED_EDGE ( 'NONE', *, *, #9148, .F. ) ;
#9071 = ORIENTED_EDGE ( 'NONE', *, *, #3663, .T. ) ;
#9072 = CARTESIAN_POINT ( 'NONE',  ( 1.269999999999974039, -7.150999999999920753, 3.884999999852265073 ) ) ;
#9073 = VECTOR ( 'NONE', #3548, 1000.000000000000000 ) ;
#9074 = VERTEX_POINT ( 'NONE', #5596 ) ;
#9075 = AXIS2_PLACEMENT_3D ( 'NONE', #8074, #3187, #8886 ) ;
#9076 = PRESENTATION_STYLE_ASSIGNMENT (( #3591 ) ) ;
#9077 = EDGE_CURVE ( 'NONE', #7847, #2143, #5658, .T. ) ;
#9078 = VERTEX_POINT ( 'NONE', #4842 ) ;
#9079 = VECTOR ( 'NONE', #4906, 1000.000000000000114 ) ;
#9080 = LINE ( 'NONE', #8531, #2831 ) ;
#9081 = DIRECTION ( 'NONE',  ( -6.687461042448720151E-14, 1.000000000000000000, -8.189507283522321094E-30 ) ) ;
#9082 = FACE_OUTER_BOUND ( 'NONE', #4161, .T. ) ;
#9083 = VERTEX_POINT ( 'NONE', #2391 ) ;
#9084 =( GEOMETRIC_REPRESENTATION_CONTEXT ( 3 ) GLOBAL_UNCERTAINTY_ASSIGNED_CONTEXT ( ( #2227 ) ) GLOBAL_UNIT_ASSIGNED_CONTEXT ( ( #10429, #5539, #676 ) ) REPRESENTATION_CONTEXT ( 'NONE', 'WORKASPACE' ) );
#9085 = CARTESIAN_POINT ( 'NONE',  ( -3.657599999999999962, -3.399999999999179678, 0.5399999999998500444 ) ) ;
#9086 = EDGE_LOOP ( 'NONE', ( #4632, #8361, #743, #2893 ) ) ;
#9087 = LINE ( 'NONE', #3748, #451 ) ;
#9088 = ORIENTED_EDGE ( 'NONE', *, *, #1136, .F. ) ;
#9089 = CARTESIAN_POINT ( 'NONE',  ( -0.6550000000000000266, -2.180000000000000160, -3.334999999999999964 ) ) ;
#9090 = LINE ( 'NONE', #5557, #6938 ) ;
#9091 = ORIENTED_EDGE ( 'NONE', *, *, #8023, .T. ) ;
#9093 = EDGE_LOOP ( 'NONE', ( #9983, #2112, #5606, #206 ) ) ;
#9092 = DIRECTION ( 'NONE',  ( -1.000000000000000000, 0.0000000000000000000, 6.123031769111888756E-17 ) ) ;
#9094 = EDGE_CURVE ( 'NONE', #1809, #3954, #7838, .T. ) ;
#9095 = FACE_OUTER_BOUND ( 'NONE', #8898, .T. ) ;
#9096 =( LENGTH_UNIT ( ) NAMED_UNIT ( * ) SI_UNIT ( .MILLI., .METRE. ) );
#9097 = CARTESIAN_POINT ( 'NONE',  ( 3.810000000000000053, -7.150999999999920753, -10.25999999999999979 ) ) ;
#9098 = DIRECTION ( 'NONE',  ( 1.000000000000000000, -3.185316169981599645E-29, 6.123031769111888756E-17 ) ) ;
#9099 = CARTESIAN_POINT ( 'NONE',  ( -1.463296291314389874, -6.797318496377550368, 10.25999999999999979 ) ) ;
#9100 = EDGE_LOOP ( 'NONE', ( #8278, #10125, #8414, #8331 ) ) ;
#9101 = VECTOR ( 'NONE', #10439, 999.9999999999998863 ) ;
#9102 = ORIENTED_EDGE ( 'NONE', *, *, #6917, .F. ) ;
#9103 =( NAMED_UNIT ( * ) SI_UNIT ( $, .STERADIAN. ) SOLID_ANGLE_UNIT ( ) );
#9104 = EDGE_CURVE ( 'NONE', #2343, #1113, #1341, .T. ) ;
#9105 = VERTEX_POINT ( 'NONE', #8133 ) ;
#9106 = DIRECTION ( 'NONE',  ( 6.123031769111888756E-17, -1.730217700714529757E-16, 1.000000000000000000 ) ) ;
#9107 = LINE ( 'NONE', #9418, #7207 ) ;
#9108 = ORIENTED_EDGE ( 'NONE', *, *, #1451, .T. ) ;
#9109 = LINE ( 'NONE', #6787, #2622 ) ;
#9110 = AXIS2_PLACEMENT_3D ( 'NONE', #735, #9769, #8930 ) ;
#9111 = SURFACE_STYLE_USAGE ( .BOTH. , #3447 ) ;
#9112 = ADVANCED_FACE ( 'NONE', ( #9732 ), #9767, .T. ) ;
#9113 = DIRECTION ( 'NONE',  ( -6.123031769111888756E-17, 3.149568864184659427E-16, -1.000000000000000000 ) ) ;
#9114 = COLOUR_RGB ( '',0.1411764705882352922, 0.1411764705882352922, 0.1411764705882352922 ) ;
#9115 = EDGE_CURVE ( 'NONE', #7202, #1048, #1087, .T. ) ;
#9116 = VERTEX_POINT ( 'NONE', #840 ) ;
#9117 = VERTEX_POINT ( 'NONE', #6529 ) ;
#9118 = ORIENTED_EDGE ( 'NONE', *, *, #10219, .F. ) ;
#9119 = VERTEX_POINT ( 'NONE', #8160 ) ;
#9120 = VECTOR ( 'NONE', #9002, 1000.000000000000114 ) ;
#9121 = ORIENTED_EDGE ( 'NONE', *, *, #5670, .F. ) ;
#9122 = SURFACE_STYLE_FILL_AREA ( #1175 ) ;
#9123 = AXIS2_PLACEMENT_3D ( 'NONE', #5547, #683, #6377 ) ;
#9124 = CARTESIAN_POINT ( 'NONE',  ( 3.194999999999790230, -0.4000000000000569766, 2.185105896938275283 ) ) ;
#9125 = CARTESIAN_POINT ( 'NONE',  ( 0.7699999999999999067, -2.180000000000000160, 4.335605995874404428 ) ) ;
#9126 =( NAMED_UNIT ( * ) SI_UNIT ( $, .STERADIAN. ) SOLID_ANGLE_UNIT ( ) );
#9127 = VECTOR ( 'NONE', #6537, 1000.000000000000000 ) ;
#9128 = ORIENTED_EDGE ( 'NONE', *, *, #4707, .T. ) ;
#9129 = MECHANICAL_DESIGN_GEOMETRIC_PRESENTATION_REPRESENTATION (  '', ( #6399 ), #9681 ) ;
#9130 = ORIENTED_EDGE ( 'NONE', *, *, #5559, .F. ) ;
#9131 = FACE_OUTER_BOUND ( 'NONE', #8751, .T. ) ;
#9132 = DIRECTION ( 'NONE',  ( 1.063253308502823887E-17, -0.9848077530122131273, 0.1736481776669020483 ) ) ;
#9133 = VERTEX_POINT ( 'NONE', #2452 ) ;
#9134 = ORIENTED_EDGE ( 'NONE', *, *, #7954, .F. ) ;
#9135 = CARTESIAN_POINT ( 'NONE',  ( -4.100000000000000533, -6.417755088244880390, 3.734999999852264718 ) ) ;
#9136 = CARTESIAN_POINT ( 'NONE',  ( 0.2700000000000000178, -0.4000000000000569766, 2.460105896938209913 ) ) ;
#9137 = DIRECTION ( 'NONE',  ( 1.063253308502823887E-17, -0.9848077530122131273, 0.1736481776669020483 ) ) ;
#9138 = CARTESIAN_POINT ( 'NONE',  ( -1.270000000000000018, -2.180000000000000160, 4.500000000000000000 ) ) ;
#9139 = ORIENTED_EDGE ( 'NONE', *, *, #3720, .T. ) ;
#9140 = DIRECTION ( 'NONE',  ( -1.000000000000000000, 0.0000000000000000000, 6.123031769111888756E-17 ) ) ;
#9141 = LINE ( 'NONE', #1357, #502 ) ;
#9142 = DIRECTION ( 'NONE',  ( 6.123031769111888756E-17, 0.0000000000000000000, 1.000000000000000000 ) ) ;
#9143 = ORIENTED_EDGE ( 'NONE', *, *, #5188, .T. ) ;
#9144 = EDGE_LOOP ( 'NONE', ( #198, #9657, #3078, #3654, #4205, #1737, #8155, #7816 ) ) ;
#9145 = AXIS2_PLACEMENT_3D ( 'NONE', #1957, #3599, #9290 ) ;
#9146 = DIRECTION ( 'NONE',  ( -6.123031769111888756E-17, 1.836909530733564901E-16, -1.000000000000000000 ) ) ;
#9147 = DIRECTION ( 'NONE',  ( 6.123031769111888756E-17, -1.730217700714529757E-16, 1.000000000000000000 ) ) ;
#9148 = EDGE_CURVE ( 'NONE', #8992, #1697, #7309, .T. ) ;
#9149 = DIRECTION ( 'NONE',  ( -1.000000000000000000, 0.0000000000000000000, 6.123031769111888756E-17 ) ) ;
#9150 = CARTESIAN_POINT ( 'NONE',  ( 3.310000000000000053, 0.6865000000000239799, 4.478670392594660044 ) ) ;
#9151 = DIRECTION ( 'NONE',  ( 1.000000000000000000, 0.0000000000000000000, -6.123031769111888756E-17 ) ) ;
#9152 = ORIENTED_EDGE ( 'NONE', *, *, #7456, .F. ) ;
#9153 =( NAMED_UNIT ( * ) SI_UNIT ( $, .STERADIAN. ) SOLID_ANGLE_UNIT ( ) );
#9154 = AXIS2_PLACEMENT_3D ( 'NONE', #8719, #3855, #9548 ) ;
#9155 = UNCERTAINTY_MEASURE_WITH_UNIT (LENGTH_MEASURE( 1.000000000000000082E-05 ), #7105, 'distance_accuracy_value', 'NONE');
#9156 = LINE ( 'NONE', #5322, #6497 ) ;
#9157 = AXIS2_PLACEMENT_3D ( 'NONE', #9175, #10002, #5109 ) ;
#9158 = ORIENTED_EDGE ( 'NONE', *, *, #7954, .T. ) ;
#9159 = ORIENTED_EDGE ( 'NONE', *, *, #10205, .T. ) ;
#9160 = DIRECTION ( 'NONE',  ( -1.000000000000000000, 2.273736754434390162E-12, 4.008599065175130241E-13 ) ) ;
#9161 = DIRECTION ( 'NONE',  ( 1.000000000000000000, -4.547473508868780324E-12, 8.017810433535239508E-13 ) ) ;
#9162 = FILL_AREA_STYLE_COLOUR ( '', #7479 ) ;
#9163 = EDGE_CURVE ( 'NONE', #6593, #8834, #1592, .T. ) ;
#9164 = SURFACE_STYLE_FILL_AREA ( #6603 ) ;
#9165 = ADVANCED_FACE ( 'NONE', ( #9223 ), #5745, .T. ) ;
#9166 = CARTESIAN_POINT ( 'NONE',  ( 3.520000000000980123, -6.417755088248520146, -3.734999999852264718 ) ) ;
#9167 = CARTESIAN_POINT ( 'NONE',  ( 3.657599999999999962, -2.500000000000000000, -0.9200000000000000400 ) ) ;
#9168 = CARTESIAN_POINT ( 'NONE',  ( 4.099999999999019984, -6.417755088248520146, 3.884999999852265073 ) ) ;
#9169 = EDGE_LOOP ( 'NONE', ( #4529, #3852, #3858, #256, #8599 ) ) ;
#9170 =( LENGTH_UNIT ( ) NAMED_UNIT ( * ) SI_UNIT ( .MILLI., .METRE. ) );
#9171 = EDGE_CURVE ( 'NONE', #8298, #867, #8453, .T. ) ;
#9172 = DIRECTION ( 'NONE',  ( 1.316960045852425737E-13, 0.9848077530122136825, 0.1736481776668984678 ) ) ;
#9173 = PLANE ( 'NONE',  #9622 ) ;
#9174 = AXIS2_PLACEMENT_3D ( 'NONE', #7869, #2955, #8659 ) ;
#9175 = CARTESIAN_POINT ( 'NONE',  ( -3.520000000001085372, -4.908859290464120839, 10.25999999999999979 ) ) ;
#9176 = SURFACE_STYLE_FILL_AREA ( #9004 ) ;
#9177 = PLANE ( 'NONE',  #7094 ) ;
#9178 = FILL_AREA_STYLE ('',( #4262 ) ) ;
#9179 = SURFACE_SIDE_STYLE ('',( #3201 ) ) ;
#9180 = DIRECTION ( 'NONE',  ( -6.030009158161467605E-17, -0.1736481776669020483, 0.9848077530122131273 ) ) ;
#9181 = EDGE_CURVE ( 'NONE', #9580, #6737, #71, .T. ) ;
#9182 = ORIENTED_EDGE ( 'NONE', *, *, #2182, .F. ) ;
#9183 = DIRECTION ( 'NONE',  ( -6.123031769111888756E-17, 1.730217700714529757E-16, 1.000000000000000000 ) ) ;
#9184 = CARTESIAN_POINT ( 'NONE',  ( -1.785000000000329878, 0.6865000000000239799, 4.478670392594660044 ) ) ;
#9185 = SURFACE_SIDE_STYLE ('',( #10485 ) ) ;
#9186 = DIRECTION ( 'NONE',  ( 0.2468892371169170985, 0.9690437062361153542, -1.525485509063870532E-16 ) ) ;
#9187 = EDGE_CURVE ( 'NONE', #2995, #5883, #4373, .T. ) ;
#9188 = ORIENTED_EDGE ( 'NONE', *, *, #4583, .F. ) ;
#9189 = VECTOR ( 'NONE', #1304, 1000.000000000000114 ) ;
#9190 = CARTESIAN_POINT ( 'NONE',  ( 4.424999999999999822, -0.6800000000000000488, 3.334999999999999964 ) ) ;
#9191 = DIRECTION ( 'NONE',  ( 0.2468892371169170985, -0.9690437062361153542, -1.827827637527605244E-16 ) ) ;
#9192 = DIRECTION ( 'NONE',  ( 6.123031769111888756E-17, -3.172065784648250136E-16, 1.000000000000000000 ) ) ;
#9193 = VECTOR ( 'NONE', #2662, 1000.000000000000000 ) ;
#9194 = AXIS2_PLACEMENT_3D ( 'NONE', #6821, #1937, #7651 ) ;
#9195 = DIRECTION ( 'NONE',  ( -1.224606353822375779E-16, 0.0000000000000000000, 1.000000000000000000 ) ) ;
#9196 = ORIENTED_EDGE ( 'NONE', *, *, #1436, .F. ) ;
#9197 = DIRECTION ( 'NONE',  ( 1.144914669571143966E-32, 1.000000000000000000, 1.869849304631664997E-16 ) ) ;
#9198 = VECTOR ( 'NONE', #1285, 1000.000000000000000 ) ;
#9199 = CIRCLE ( 'NONE', #1158, 1.000000000000000000 ) ;
#9200 = PRESENTATION_LAYER_ASSIGNMENT (  '', '', ( #8653 ) ) ;
#9201 = FILL_AREA_STYLE_COLOUR ( '', #6035 ) ;
#9202 = DIRECTION ( 'NONE',  ( 0.0000000000000000000, 1.000000000000000000, 0.0000000000000000000 ) ) ;
#9203 = EDGE_CURVE ( 'NONE', #8615, #659, #6289, .T. ) ;
#9204 = DIRECTION ( 'NONE',  ( 0.0000000000000000000, -1.000000000000000000, 0.0000000000000000000 ) ) ;
#9205 = ORIENTED_EDGE ( 'NONE', *, *, #2357, .T. ) ;
#9206 = VECTOR ( 'NONE', #6337, 1000.000000000000000 ) ;
#9207 = SURFACE_STYLE_USAGE ( .BOTH. , #8989 ) ;
#9208 = PLANE ( 'NONE',  #4621 ) ;
#9209 = VECTOR ( 'NONE', #2193, 1000.000000000000000 ) ;
#9210 = ORIENTED_EDGE ( 'NONE', *, *, #9244, .F. ) ;
#9211 =( NAMED_UNIT ( * ) PLANE_ANGLE_UNIT ( ) SI_UNIT ( $, .RADIAN. ) );
#9212 = DIRECTION ( 'NONE',  ( 0.0000000000000000000, 1.000000000000000000, 0.0000000000000000000 ) ) ;
#9213 = CARTESIAN_POINT ( 'NONE',  ( 4.425000000000069988, -1.227030387021919910, 4.186245315462254979 ) ) ;
#9214 = UNCERTAINTY_MEASURE_WITH_UNIT (LENGTH_MEASURE( 1.000000000000000082E-05 ), #8985, 'distance_accuracy_value', 'NONE');
#9215 = CARTESIAN_POINT ( 'NONE',  ( -3.194999999999829754, -0.4877706291219079948, 4.271614798027000504 ) ) ;
#9216 = MECHANICAL_DESIGN_GEOMETRIC_PRESENTATION_REPRESENTATION (  '', ( #7598 ), #9771 ) ;
#9217 = CARTESIAN_POINT ( 'NONE',  ( 5.080000000000000071, 8.272839892444299875E-16, -4.503673019291570156 ) ) ;
#9218 = ADVANCED_FACE ( 'NONE', ( #4129 ), #6636, .T. ) ;
#9219 = ORIENTED_EDGE ( 'NONE', *, *, #6152, .F. ) ;
#9220 = DIRECTION ( 'NONE',  ( 2.273736754434390162E-12, 1.000000000000000000, 2.784432476399825000E-28 ) ) ;
#9221 = PRESENTATION_STYLE_ASSIGNMENT (( #2274 ) ) ;
#9222 = CIRCLE ( 'NONE', #1690, 0.1000000000000804967 ) ;
#9223 = FACE_OUTER_BOUND ( 'NONE', #2369, .T. ) ;
#9224 = ORIENTED_EDGE ( 'NONE', *, *, #1046, .T. ) ;
#9225 = DIRECTION ( 'NONE',  ( -6.585863482570437247E-14, -0.9848077530121837064, 0.1736481776670679711 ) ) ;
#9226 = EDGE_CURVE ( 'NONE', #1923, #3954, #10364, .T. ) ;
#9227 = SURFACE_STYLE_FILL_AREA ( #6058 ) ;
#9228 = ORIENTED_EDGE ( 'NONE', *, *, #637, .T. ) ;
#9229 = PRESENTATION_STYLE_ASSIGNMENT (( #4716 ) ) ;
#9230 = LINE ( 'NONE', #3832, #4887 ) ;
#9231 = ORIENTED_EDGE ( 'NONE', *, *, #2149, .F. ) ;
#9232 = VECTOR ( 'NONE', #4960, 1000.000000000000000 ) ;
#9233 = ORIENTED_EDGE ( 'NONE', *, *, #2787, .F. ) ;
#9234 = FILL_AREA_STYLE ('',( #9162 ) ) ;
#9235 = PRESENTATION_STYLE_ASSIGNMENT (( #2251 ) ) ;
#9236 = EDGE_LOOP ( 'NONE', ( #9833, #1966, #1108, #10292 ) ) ;
#9237 = ORIENTED_EDGE ( 'NONE', *, *, #6037, .T. ) ;
#9238 = FACE_OUTER_BOUND ( 'NONE', #5202, .T. ) ;
#9239 = EDGE_CURVE ( 'NONE', #9606, #9675, #1862, .T. ) ;
#9240 = CARTESIAN_POINT ( 'NONE',  ( 1.885000000000234932, -7.771561172376099727E-16, 4.357621920338314858 ) ) ;
#9241 = LINE ( 'NONE', #6623, #4905 ) ;
#9242 = FACE_OUTER_BOUND ( 'NONE', #10036, .T. ) ;
#9243 = VERTEX_POINT ( 'NONE', #942 ) ;
#9244 = EDGE_CURVE ( 'NONE', #4053, #9105, #4005, .T. ) ;
#9245 = VERTEX_POINT ( 'NONE', #986 ) ;
#9246 = ORIENTED_EDGE ( 'NONE', *, *, #7819, .T. ) ;
#9247 = DIRECTION ( 'NONE',  ( 0.0000000000000000000, 0.0000000000000000000, 1.000000000000000000 ) ) ;
#9248 = SURFACE_STYLE_USAGE ( .BOTH. , #3566 ) ;
#9249 = FACE_OUTER_BOUND ( 'NONE', #9689, .T. ) ;
#9250 = CARTESIAN_POINT ( 'NONE',  ( -1.270000000000000018, 0.6865000000000239799, 10.25999999999999979 ) ) ;
#9251 = VERTEX_POINT ( 'NONE', #6665 ) ;
#9252 =( NAMED_UNIT ( * ) SI_UNIT ( $, .STERADIAN. ) SOLID_ANGLE_UNIT ( ) );
#9253 = VECTOR ( 'NONE', #2394, 1000.000000000000000 ) ;
#9254 = CARTESIAN_POINT ( 'NONE',  ( -4.325000000000329692, 0.6646145760520409951, 4.620862500821609764 ) ) ;
#9255 = COLOUR_RGB ( '',0.1411764705882352922, 0.1411764705882352922, 0.1411764705882352922 ) ;
#9256 = EDGE_CURVE ( 'NONE', #7558, #1932, #3768, .T. ) ;
#9257 = SURFACE_STYLE_FILL_AREA ( #5032 ) ;
#9258 = ORIENTED_EDGE ( 'NONE', *, *, #1419, .T. ) ;
#9259 = SURFACE_SIDE_STYLE ('',( #7060 ) ) ;
#9260 = CARTESIAN_POINT ( 'NONE',  ( 1.885000000000234932, 7.771561172376099727E-16, -4.357621920338319299 ) ) ;
#9261 = EDGE_LOOP ( 'NONE', ( #58, #7081, #2041, #7589, #1032 ) ) ;
#9262 = VERTEX_POINT ( 'NONE', #3449 ) ;
#9263 = LINE ( 'NONE', #7187, #8492 ) ;
#9264 = ORIENTED_EDGE ( 'NONE', *, *, #5418, .T. ) ;
#9265 = DIRECTION ( 'NONE',  ( 0.0000000000000000000, 0.0000000000000000000, -1.000000000000000000 ) ) ;
#9266 = VECTOR ( 'NONE', #6647, 1000.000000000000000 ) ;
#9267 = FACE_OUTER_BOUND ( 'NONE', #8903, .T. ) ;
#9268 = ORIENTED_EDGE ( 'NONE', *, *, #5482, .F. ) ;
#9269 = LINE ( 'NONE', #8796, #624 ) ;
#9270 = STYLED_ITEM ( 'NONE', ( #6696 ), #6126 ) ;
#9271 = VERTEX_POINT ( 'NONE', #4233 ) ;
#9272 = DIRECTION ( 'NONE',  ( 6.123031769111888756E-17, -1.836909530733564901E-16, 1.000000000000000000 ) ) ;
#9273 =( NAMED_UNIT ( * ) SI_UNIT ( $, .STERADIAN. ) SOLID_ANGLE_UNIT ( ) );
#9274 = ORIENTED_EDGE ( 'NONE', *, *, #7773, .T. ) ;
#9275 = CARTESIAN_POINT ( 'NONE',  ( 5.080000000000000071, -3.750000000000454747, -5.080000000000000071 ) ) ;
#9276 = LINE ( 'NONE', #1123, #2774 ) ;
#9277 = EDGE_CURVE ( 'NONE', #375, #4335, #10270, .T. ) ;
#9278 = ADVANCED_FACE ( 'NONE', ( #5673 ), #196, .T. ) ;
#9279 = VERTEX_POINT ( 'NONE', #2598 ) ;
#9280 = VECTOR ( 'NONE', #1042, 1000.000000000000114 ) ;
#9281 = DIRECTION ( 'NONE',  ( 0.0000000000000000000, 0.0000000000000000000, 1.000000000000000000 ) ) ;
#9282 =( LENGTH_UNIT ( ) NAMED_UNIT ( * ) SI_UNIT ( .MILLI., .METRE. ) );
#9283 = PLANE ( 'NONE',  #4491 ) ;
#9284 = DIRECTION ( 'NONE',  ( 0.0000000000000000000, -1.000000000000000000, 0.0000000000000000000 ) ) ;
#9285 = ORIENTED_EDGE ( 'NONE', *, *, #1754, .T. ) ;
#9286 =( GEOMETRIC_REPRESENTATION_CONTEXT ( 3 ) GLOBAL_UNCERTAINTY_ASSIGNED_CONTEXT ( ( #10457 ) ) GLOBAL_UNIT_ASSIGNED_CONTEXT ( ( #2624, #8320, #3458 ) ) REPRESENTATION_CONTEXT ( 'NONE', 'WORKASPACE' ) );
#9287 = FILL_AREA_STYLE ('',( #6844 ) ) ;
#9288 = DIRECTION ( 'NONE',  ( 0.0000000000000000000, 1.000000000000000000, 0.0000000000000000000 ) ) ;
#9289 = EDGE_CURVE ( 'NONE', #3951, #1100, #4900, .T. ) ;
#9290 = DIRECTION ( 'NONE',  ( -1.059417794895478013E-32, -1.000000000000000000, 1.730217700714529757E-16 ) ) ;
#9291 = SURFACE_SIDE_STYLE ('',( #9227 ) ) ;
#9292 = CARTESIAN_POINT ( 'NONE',  ( -1.270000000000000018, -2.180000000000000160, -3.334999999999999964 ) ) ;
#9293 = VERTEX_POINT ( 'NONE', #6750 ) ;
#9294 = LINE ( 'NONE', #9698, #909 ) ;
#9295 = EDGE_CURVE ( 'NONE', #1261, #8112, #590, .T. ) ;
#9296 = DIRECTION ( 'NONE',  ( -6.123031769111888756E-17, 1.730217700714529757E-16, 1.000000000000000000 ) ) ;
#9297 = CARTESIAN_POINT ( 'NONE',  ( 1.173407417371200134, -7.176881904510220345, 3.884999999852265073 ) ) ;
#9298 = VERTEX_POINT ( 'NONE', #8381 ) ;
#9299 =( NAMED_UNIT ( * ) SI_UNIT ( $, .STERADIAN. ) SOLID_ANGLE_UNIT ( ) );
#9300 = EDGE_CURVE ( 'NONE', #5903, #6409, #6825, .T. ) ;
#9301 = VECTOR ( 'NONE', #8553, 1000.000000000000000 ) ;
#9302 = ORIENTED_EDGE ( 'NONE', *, *, #3032, .T. ) ;
#9303 = ORIENTED_EDGE ( 'NONE', *, *, #2256, .F. ) ;
#9304 = EDGE_CURVE ( 'NONE', #7296, #8358, #2737, .T. ) ;
#9305 = CARTESIAN_POINT ( 'NONE',  ( -3.616703708686009655, -6.797318496379340047, 10.25999999999999979 ) ) ;
#9306 = CARTESIAN_POINT ( 'NONE',  ( 1.885000000000234932, 3.650731991911014584E-05, 4.503679456517060586 ) ) ;
#9307 = SURFACE_STYLE_USAGE ( .BOTH. , #5735 ) ;
#9308 = STYLED_ITEM ( 'NONE', ( #8742 ), #165 ) ;
#9309 = CARTESIAN_POINT ( 'NONE',  ( 1.076703708686006067, -6.797318496379340047, -10.25999999999999979 ) ) ;
#9310 = DIRECTION ( 'NONE',  ( -1.000000000000000000, 0.0000000000000000000, 6.123031769111888756E-17 ) ) ;
#9311 = EDGE_CURVE ( 'NONE', #5564, #2880, #2479, .T. ) ;
#9312 = PLANE ( 'NONE',  #10412 ) ;
#9313 = DIRECTION ( 'NONE',  ( -1.000000000000000000, -2.094200203256434818E-17, 5.753767770272800151E-17 ) ) ;
#9314 = CARTESIAN_POINT ( 'NONE',  ( -3.810000000000000053, -2.180000000000000160, -3.334999999999999964 ) ) ;
#9315 = FACE_OUTER_BOUND ( 'NONE', #5425, .T. ) ;
#9316 = ADVANCED_FACE ( 'NONE', ( #83 ), #7601, .T. ) ;
#9317 = CIRCLE ( 'NONE', #8105, 0.1000000000000807049 ) ;
#9318 = AXIS2_PLACEMENT_3D ( 'NONE', #6910, #8540, #3686 ) ;
#9319 = SURFACE_STYLE_FILL_AREA ( #8757 ) ;
#9320 = PRESENTATION_LAYER_ASSIGNMENT (  '', '', ( #8772 ) ) ;
#9321 = CARTESIAN_POINT ( 'NONE',  ( -3.795893264020314906, -7.250000000000000000, -3.884999999852265073 ) ) ;
#9322 = ORIENTED_EDGE ( 'NONE', *, *, #7482, .F. ) ;
#9323 = PLANE ( 'NONE',  #3367 ) ;
#9324 = LINE ( 'NONE', #101, #3072 ) ;
#9325 = ORIENTED_EDGE ( 'NONE', *, *, #774, .T. ) ;
#9326 = VECTOR ( 'NONE', #9247, 1000.000000000000000 ) ;
#9327 = ADVANCED_BREP_SHAPE_REPRESENTATION ( 'A 08-LC-TT', ( #9953, #10211 ), #5270 ) ;
#9328 = AXIS2_PLACEMENT_3D ( 'NONE', #9072, #4210, #9921 ) ;
#9329 = VERTEX_POINT ( 'NONE', #298 ) ;
#9330 = VECTOR ( 'NONE', #6556, 1000.000000000000000 ) ;
#9331 = LINE ( 'NONE', #2515, #2590 ) ;
#9332 = ORIENTED_EDGE ( 'NONE', *, *, #7098, .T. ) ;
#9333 = AXIS2_PLACEMENT_3D ( 'NONE', #1674, #7376, #2474 ) ;
#9334 = DIRECTION ( 'NONE',  ( 1.000000000000000000, 0.0000000000000000000, -6.123031769111888756E-17 ) ) ;
#9335 = EDGE_CURVE ( 'NONE', #1201, #9372, #2223, .T. ) ;
#9336 = UNCERTAINTY_MEASURE_WITH_UNIT (LENGTH_MEASURE( 1.000000000000000082E-05 ), #9059, 'distance_accuracy_value', 'NONE');
#9337 = DIRECTION ( 'NONE',  ( 0.0000000000000000000, 0.0000000000000000000, 1.000000000000000000 ) ) ;
#9338 = CARTESIAN_POINT ( 'NONE',  ( -1.255893264020363942, -7.250000000000000000, 3.809999999852264896 ) ) ;
#9339 =( NAMED_UNIT ( * ) PLANE_ANGLE_UNIT ( ) SI_UNIT ( $, .RADIAN. ) );
#9340 = DIRECTION ( 'NONE',  ( 0.2468892371171420297, -0.9690437062360580667, 1.827827637527644934E-16 ) ) ;
#9341 = ORIENTED_EDGE ( 'NONE', *, *, #8876, .F. ) ;
#9342 = VECTOR ( 'NONE', #5296, 1000.000000000000000 ) ;
#9343 = ORIENTED_EDGE ( 'NONE', *, *, #9613, .F. ) ;
#9344 =( LENGTH_UNIT ( ) NAMED_UNIT ( * ) SI_UNIT ( .MILLI., .METRE. ) );
#9345 = FILL_AREA_STYLE ('',( #8529 ) ) ;
#9346 = VECTOR ( 'NONE', #2312, 1000.000000000000000 ) ;
#9347 = ORIENTED_EDGE ( 'NONE', *, *, #1802, .F. ) ;
#9348 = ORIENTED_EDGE ( 'NONE', *, *, #4277, .T. ) ;
#9349 = PRESENTATION_STYLE_ASSIGNMENT (( #7238 ) ) ;
#9350 = CARTESIAN_POINT ( 'NONE',  ( 0.1350000000000000089, 0.6646145760520409951, 4.620862500821609764 ) ) ;
#9351 = FACE_OUTER_BOUND ( 'NONE', #4391, .T. ) ;
#9352 = PRESENTATION_LAYER_ASSIGNMENT (  '', '', ( #8280 ) ) ;
#9353 =( LENGTH_UNIT ( ) NAMED_UNIT ( * ) SI_UNIT ( .MILLI., .METRE. ) );
#9354 = DIRECTION ( 'NONE',  ( 0.0000000000000000000, 1.000000000000000000, 0.0000000000000000000 ) ) ;
#9355 = AXIS2_PLACEMENT_3D ( 'NONE', #5582, #7232, #2331 ) ;
#9356 = DIRECTION ( 'NONE',  ( 6.123031769111888756E-17, -1.836909530733564901E-16, 1.000000000000000000 ) ) ;
#9357 = ORIENTED_EDGE ( 'NONE', *, *, #6450, .T. ) ;
#9358 = LINE ( 'NONE', #6310, #7203 ) ;
#9359 = ORIENTED_EDGE ( 'NONE', *, *, #97, .T. ) ;
#9360 = CARTESIAN_POINT ( 'NONE',  ( 1.785000000000324993, 3.650732014648385516E-05, 10.25999999999999979 ) ) ;
#9361 = ORIENTED_EDGE ( 'NONE', *, *, #3136, .T. ) ;
#9362 = LINE ( 'NONE', #471, #5034 ) ;
#9363 = EDGE_CURVE ( 'NONE', #5719, #4802, #8470, .T. ) ;
#9364 = VERTEX_POINT ( 'NONE', #5998 ) ;
#9365 = VECTOR ( 'NONE', #1067, 1000.000000000000000 ) ;
#9366 = CARTESIAN_POINT ( 'NONE',  ( 5.080000000000000071, 1.000000000000000000, 4.679999999999999716 ) ) ;
#9367 = PRESENTATION_STYLE_ASSIGNMENT (( #4048 ) ) ;
#9368 = DIRECTION ( 'NONE',  ( 0.2468892371169171263, -0.9690437062361154652, 0.0000000000000000000 ) ) ;
#9369 = SURFACE_STYLE_FILL_AREA ( #9234 ) ;
#9370 = ORIENTED_EDGE ( 'NONE', *, *, #8546, .F. ) ;
#9371 = EDGE_CURVE ( 'NONE', #7444, #7085, #1976, .T. ) ;
#9372 = VERTEX_POINT ( 'NONE', #4372 ) ;
#9373 = VECTOR ( 'NONE', #2511, 1000.000000000000000 ) ;
#9374 = ORIENTED_EDGE ( 'NONE', *, *, #9932, .F. ) ;
#9375 = VECTOR ( 'NONE', #8957, 1000.000000000000000 ) ;
#9376 = ORIENTED_CLOSED_SHELL ( 'NONE', *, #4153, .F. );
#9377 = ADVANCED_FACE ( 'NONE', ( #6571 ), #6023, .T. ) ;
#9378 = VERTEX_POINT ( 'NONE', #342 ) ;
#9379 = VECTOR ( 'NONE', #3769, 1000.000000000000114 ) ;
#9380 = EDGE_CURVE ( 'NONE', #8071, #4872, #9611, .T. ) ;
#9381 = DIRECTION ( 'NONE',  ( 0.0000000000000000000, 1.000000000000000000, 0.0000000000000000000 ) ) ;
#9382 = PLANE ( 'NONE',  #8335 ) ;
#9383 = VECTOR ( 'NONE', #1639, 1000.000000000000000 ) ;
#9384 = VERTEX_POINT ( 'NONE', #385 ) ;
#9385 = DIRECTION ( 'NONE',  ( -1.000000000000000000, 0.0000000000000000000, 6.123031769111888756E-17 ) ) ;
#9386 = DIRECTION ( 'NONE',  ( 0.0000000000000000000, 0.0000000000000000000, 1.000000000000000000 ) ) ;
#9387 = ORIENTED_EDGE ( 'NONE', *, *, #9823, .F. ) ;
#9388 = CARTESIAN_POINT ( 'NONE',  ( -4.809999999999999609, -1.099477705281763917, 4.186245315462254979 ) ) ;
#9389 = CARTESIAN_POINT ( 'NONE',  ( -1.270000000000000018, -0.6800000000000000488, 2.169999999999999929 ) ) ;
#9390 = FACE_OUTER_BOUND ( 'NONE', #2687, .T. ) ;
#9391 = DIRECTION ( 'NONE',  ( 6.673570731747099829E-14, -1.000000000000000000, 8.172497120780549775E-30 ) ) ;
#9392 = ORIENTED_EDGE ( 'NONE', *, *, #9965, .F. ) ;
#9393 = ORIENTED_EDGE ( 'NONE', *, *, #646, .F. ) ;
#9394 = EDGE_CURVE ( 'NONE', #2892, #6715, #7459, .T. ) ;
#9395 = ADVANCED_FACE ( 'NONE', ( #9351 ), #8511, .T. ) ;
#9396 =( LENGTH_UNIT ( ) NAMED_UNIT ( * ) SI_UNIT ( .MILLI., .METRE. ) );
#9397 = MECHANICAL_DESIGN_GEOMETRIC_PRESENTATION_REPRESENTATION (  '', ( #7776 ), #9952 ) ;
#9398 = EDGE_LOOP ( 'NONE', ( #6932, #5384, #4265, #5311 ) ) ;
#9399 = CARTESIAN_POINT ( 'NONE',  ( 5.080000000000000071, 1.000000000000000000, 5.079999999999810001 ) ) ;
#9400 = CARTESIAN_POINT ( 'NONE',  ( -3.795893264020314906, -7.250000000000000000, -3.809999999852264896 ) ) ;
#9401 = VECTOR ( 'NONE', #10249, 1000.000000000000000 ) ;
#9402 = CARTESIAN_POINT ( 'NONE',  ( 5.080000000000000071, -3.750000000000454747, -5.080000000000000071 ) ) ;
#9403 = VERTEX_POINT ( 'NONE', #2799 ) ;
#9404 = ORIENTED_EDGE ( 'NONE', *, *, #3471, .T. ) ;
#9405 = DIRECTION ( 'NONE',  ( 1.000000000000000000, 0.0000000000000000000, 6.123031769111888756E-17 ) ) ;
#9406 = FACE_BOUND ( 'NONE', #3817, .T. ) ;
#9407 = CARTESIAN_POINT ( 'NONE',  ( 1.885000000000224940, -0.08215671584636720370, 4.489186573641465117 ) ) ;
#9408 = STYLED_ITEM ( 'NONE', ( #8996 ), #6419 ) ;
#9409 = VERTEX_POINT ( 'NONE', #6100 ) ;
#9410 =( NAMED_UNIT ( * ) SI_UNIT ( $, .STERADIAN. ) SOLID_ANGLE_UNIT ( ) );
#9411 = DIRECTION ( 'NONE',  ( 0.0000000000000000000, 0.0000000000000000000, 1.000000000000000000 ) ) ;
#9412 = STYLED_ITEM ( 'NONE', ( #3700 ), #2759 ) ;
#9413 = EDGE_CURVE ( 'NONE', #10306, #5152, #967, .T. ) ;
#9414 = LINE ( 'NONE', #2791, #1031 ) ;
#9415 = ORIENTED_EDGE ( 'NONE', *, *, #2149, .T. ) ;
#9416 = ORIENTED_EDGE ( 'NONE', *, *, #9295, .T. ) ;
#9417 = DIRECTION ( 'NONE',  ( 6.673570731747099829E-14, -1.000000000000000000, 1.730217700714569693E-16 ) ) ;
#9418 = CARTESIAN_POINT ( 'NONE',  ( -4.325000000000329692, 0.6005582141877939817, -4.463516536985700611 ) ) ;
#9419 = AXIS2_PLACEMENT_3D ( 'NONE', #5348, #6181, #1310 ) ;
#9420 = VECTOR ( 'NONE', #3315, 1000.000000000000114 ) ;
#9421 = DIRECTION ( 'NONE',  ( 3.240339941653821206E-20, -0.9999998599709452041, 0.0005292051493183440791 ) ) ;
#9422 = AXIS2_PLACEMENT_3D ( 'NONE', #4219, #5043, #179 ) ;
#9423 = ORIENTED_EDGE ( 'NONE', *, *, #5155, .T. ) ;
#9424 = DIRECTION ( 'NONE',  ( -6.123031769111888756E-17, 1.730217700714529757E-16, -1.000000000000000000 ) ) ;
#9425 = EDGE_CURVE ( 'NONE', #783, #7823, #7197, .T. ) ;
#9426 = DIRECTION ( 'NONE',  ( -1.000000000000000000, 0.0000000000000000000, 6.123031769111888756E-17 ) ) ;
#9427 = FILL_AREA_STYLE_COLOUR ( '', #4882 ) ;
#9428 = ADVANCED_FACE ( 'NONE', ( #9095 ), #8535, .T. ) ;
#9429 = DIRECTION ( 'NONE',  ( 6.123031769111888756E-17, -1.730217700714529757E-16, -1.000000000000000000 ) ) ;
#9430 = CARTESIAN_POINT ( 'NONE',  ( -1.255893264020363942, -7.250000000000000000, 3.884999999852265073 ) ) ;
#9431 = VERTEX_POINT ( 'NONE', #2829 ) ;
#9432 = CARTESIAN_POINT ( 'NONE',  ( -5.080000000000000071, 1.000000000000000000, 5.079999999999810001 ) ) ;
#9433 = ORIENTED_EDGE ( 'NONE', *, *, #7387, .F. ) ;
#9434 = CARTESIAN_POINT ( 'NONE',  ( 4.424999999999999822, 3.330669073875469621E-16, -1.667499999999999982 ) ) ;
#9435 = EDGE_CURVE ( 'NONE', #1972, #5963, #3097, .T. ) ;
#9436 = PLANE ( 'NONE',  #1530 ) ;
#9437 = CARTESIAN_POINT ( 'NONE',  ( -1.885000000000075060, -1.227030387021919910, -4.186245315462254979 ) ) ;
#9438 = DIRECTION ( 'NONE',  ( 6.030009158161297507E-17, 0.1736481776670679711, 0.9848077530121838175 ) ) ;
#9439 = ADVANCED_FACE ( 'NONE', ( #704 ), #6943, .T. ) ;
#9440 = EDGE_CURVE ( 'NONE', #10509, #7834, #457, .T. ) ;
#9441 = EDGE_LOOP ( 'NONE', ( #3702, #9857, #482, #7732 ) ) ;
#9442 = LINE ( 'NONE', #5459, #7283 ) ;
#9443 = VECTOR ( 'NONE', #7980, 1000.000000000000114 ) ;
#9444 = EDGE_CURVE ( 'NONE', #7852, #4581, #2605, .T. ) ;
#9445 = DIRECTION ( 'NONE',  ( -1.000000000000000000, 0.0000000000000000000, 6.123031769111888756E-17 ) ) ;
#9446 = DIRECTION ( 'NONE',  ( 6.123031769111888756E-17, 0.0000000000000000000, 1.000000000000000000 ) ) ;
#9447 = CARTESIAN_POINT ( 'NONE',  ( 1.560000000000000053, -6.417755088244880390, -3.884999999852265073 ) ) ;
#9448 = DIRECTION ( 'NONE',  ( 1.000000000000000000, -6.687461042448720151E-14, 0.0000000000000000000 ) ) ;
#9449 = FACE_OUTER_BOUND ( 'NONE', #3151, .T. ) ;
#9450 = DIRECTION ( 'NONE',  ( 1.000000000000000000, 0.0000000000000000000, 0.0000000000000000000 ) ) ;
#9451 =( GEOMETRIC_REPRESENTATION_CONTEXT ( 3 ) GLOBAL_UNCERTAINTY_ASSIGNED_CONTEXT ( ( #8752 ) ) GLOBAL_UNIT_ASSIGNED_CONTEXT ( ( #173, #6762, #2132 ) ) REPRESENTATION_CONTEXT ( 'NONE', 'WORKASPACE' ) );
#9452 = ORIENTED_EDGE ( 'NONE', *, *, #8075, .F. ) ;
#9453 = DIRECTION ( 'NONE',  ( 1.224606353822375779E-16, 0.0000000000000000000, -1.000000000000000000 ) ) ;
#9454 = VERTEX_POINT ( 'NONE', #6156 ) ;
#9455 = FACE_OUTER_BOUND ( 'NONE', #1769, .T. ) ;
#9456 = DIRECTION ( 'NONE',  ( 0.0000000000000000000, 0.0000000000000000000, 1.000000000000000000 ) ) ;
#9457 = CARTESIAN_POINT ( 'NONE',  ( -4.099999999999019984, -6.417755088248520146, -10.25999999999999979 ) ) ;
#9458 = MECHANICAL_DESIGN_GEOMETRIC_PRESENTATION_REPRESENTATION (  '', ( #7846 ), #10029 ) ;
#9459 = VECTOR ( 'NONE', #3577, 1000.000000000000000 ) ;
#9460 = ORIENTED_EDGE ( 'NONE', *, *, #886, .F. ) ;
#9461 =( NAMED_UNIT ( * ) SI_UNIT ( $, .STERADIAN. ) SOLID_ANGLE_UNIT ( ) );
#9462 = MECHANICAL_DESIGN_GEOMETRIC_PRESENTATION_REPRESENTATION (  '', ( #7853 ), #10034 ) ;
#9463 = CARTESIAN_POINT ( 'NONE',  ( -0.7699999999999999067, 0.6865000000000239799, -4.478670392594660044 ) ) ;
#9464 = VERTEX_POINT ( 'NONE', #1294 ) ;
#9465 = LINE ( 'NONE', #3020, #7307 ) ;
#9466 = CARTESIAN_POINT ( 'NONE',  ( 3.713407417371035191, -7.176881904510159949, -3.734999999852264718 ) ) ;
#9467 = ORIENTED_EDGE ( 'NONE', *, *, #10066, .T. ) ;
#9468 = CIRCLE ( 'NONE', #57, 0.1000000000000807049 ) ;
#9469 = DIRECTION ( 'NONE',  ( 1.000000000000000000, 0.0000000000000000000, 0.0000000000000000000 ) ) ;
#9470 = VECTOR ( 'NONE', #8969, 1000.000000000000000 ) ;
#9471 = ORIENTED_EDGE ( 'NONE', *, *, #2480, .T. ) ;
#9472 = LINE ( 'NONE', #10078, #1089 ) ;
#9473 = ORIENTED_EDGE ( 'NONE', *, *, #7891, .F. ) ;
#9474 = LINE ( 'NONE', #5469, #2969 ) ;
#9475 = VECTOR ( 'NONE', #612, 1000.000000000000000 ) ;
#9476 = UNCERTAINTY_MEASURE_WITH_UNIT (LENGTH_MEASURE( 1.000000000000000082E-05 ), #5276, 'distance_accuracy_value', 'NONE');
#9477 = CARTESIAN_POINT ( 'NONE',  ( 3.520000000000000018, -6.417755088244880390, 3.734999999852264718 ) ) ;
#9478 = DIRECTION ( 'NONE',  ( 1.000000000000000000, 0.0000000000000000000, 0.0000000000000000000 ) ) ;
#9479 = ORIENTED_EDGE ( 'NONE', *, *, #9575, .F. ) ;
#9480 = FACE_OUTER_BOUND ( 'NONE', #6637, .T. ) ;
#9481 = ORIENTED_EDGE ( 'NONE', *, *, #4739, .F. ) ;
#9482 = MECHANICAL_DESIGN_GEOMETRIC_PRESENTATION_REPRESENTATION (  '', ( #7868 ), #10052 ) ;
#9483 = SURFACE_STYLE_FILL_AREA ( #1437 ) ;
#9484 = ORIENTED_EDGE ( 'NONE', *, *, #8406, .T. ) ;
#9485 = DIRECTION ( 'NONE',  ( 1.063253308502823887E-17, -0.9848077530122131273, 0.1736481776669020483 ) ) ;
#9486 = PLANE ( 'NONE',  #2672 ) ;
#9487 = EDGE_CURVE ( 'NONE', #6714, #7560, #8835, .T. ) ;
#9488 = ORIENTED_EDGE ( 'NONE', *, *, #2626, .F. ) ;
#9489 = VECTOR ( 'NONE', #5364, 1000.000000000000000 ) ;
#9490 = FILL_AREA_STYLE_COLOUR ( '', #7491 ) ;
#9491 = DIRECTION ( 'NONE',  ( 3.240339941653821206E-20, -0.9999998599709452041, -0.0005292051493183440791 ) ) ;
#9492 = DIRECTION ( 'NONE',  ( 1.000000000000000000, 0.0000000000000000000, -6.123031769111888756E-17 ) ) ;
#9493 = CIRCLE ( 'NONE', #5064, 0.2749999999999206968 ) ;
#9494 = ADVANCED_FACE ( 'NONE', ( #4504 ), #2094, .T. ) ;
#9495 = LINE ( 'NONE', #4477, #2741 ) ;
#9496 = VERTEX_POINT ( 'NONE', #2906 ) ;
#9497 = DIRECTION ( 'NONE',  ( -1.000000000000000000, 0.0000000000000000000, 6.123031769111888756E-17 ) ) ;
#9498 = AXIS2_PLACEMENT_3D ( 'NONE', #9839, #4963, #102 ) ;
#9499 = ORIENTED_EDGE ( 'NONE', *, *, #8233, .T. ) ;
#9500 = ORIENTED_EDGE ( 'NONE', *, *, #3412, .T. ) ;
#9501 = VERTEX_POINT ( 'NONE', #7019 ) ;
#9502 = LINE ( 'NONE', #6736, #2994 ) ;
#9503 = EDGE_LOOP ( 'NONE', ( #3891, #4764, #4661, #7634 ) ) ;
#9504 =( NAMED_UNIT ( * ) SI_UNIT ( $, .STERADIAN. ) SOLID_ANGLE_UNIT ( ) );
#9505 = COLOUR_RGB ( '',0.1411764705882352922, 0.1411764705882352922, 0.1411764705882352922 ) ;
#9506 = EDGE_CURVE ( 'NONE', #284, #8890, #2844, .T. ) ;
#9507 = FACE_OUTER_BOUND ( 'NONE', #10445, .T. ) ;
#9508 = DIRECTION ( 'NONE',  ( -1.317172696514127587E-13, 0.9848077530122136825, -0.1736481776668984678 ) ) ;
#9509 = FACE_OUTER_BOUND ( 'NONE', #8229, .T. ) ;
#9510 = ORIENTED_EDGE ( 'NONE', *, *, #10331, .T. ) ;
#9511 = DIRECTION ( 'NONE',  ( 3.977760680563425387E-29, 1.000000000000000000, 6.496390726942740462E-13 ) ) ;
#9512 = EDGE_CURVE ( 'NONE', #8298, #1137, #8584, .T. ) ;
#9513 = EDGE_LOOP ( 'NONE', ( #6127, #4263, #4204, #1941 ) ) ;
#9514 = ORIENTED_EDGE ( 'NONE', *, *, #6163, .F. ) ;
#9515 = VECTOR ( 'NONE', #2197, 1000.000000000000000 ) ;
#9516 = ORIENTED_EDGE ( 'NONE', *, *, #852, .F. ) ;
#9517 = CARTESIAN_POINT ( 'NONE',  ( 3.194999999999924789, -1.221249999999999947, -2.185105896938279724 ) ) ;
#9518 = PLANE ( 'NONE',  #8041 ) ;
#9519 = LINE ( 'NONE', #3457, #874 ) ;
#9520 = DIRECTION ( 'NONE',  ( 3.681132786215100208E-13, 1.000000000000000000, 1.730217700714304685E-16 ) ) ;
#9521 = VECTOR ( 'NONE', #3939, 1000.000000000000114 ) ;
#9522 = EDGE_CURVE ( 'NONE', #8190, #1005, #2340, .T. ) ;
#9523 = AXIS2_PLACEMENT_3D ( 'NONE', #3472, #9147, #4270 ) ;
#9524 = ORIENTED_EDGE ( 'NONE', *, *, #6773, .T. ) ;
#9525 = LINE ( 'NONE', #4786, #2768 ) ;
#9526 =( LENGTH_UNIT ( ) NAMED_UNIT ( * ) SI_UNIT ( .MILLI., .METRE. ) );
#9527 = ORIENTED_EDGE ( 'NONE', *, *, #5898, .F. ) ;
#9528 = EDGE_LOOP ( 'NONE', ( #6958, #3329, #5028, #7133 ) ) ;
#9529 = EDGE_CURVE ( 'NONE', #8984, #7847, #2091, .T. ) ;
#9530 = DIRECTION ( 'NONE',  ( 0.0000000000000000000, 0.0000000000000000000, 1.000000000000000000 ) ) ;
#9531 = LINE ( 'NONE', #9215, #5446 ) ;
#9532 = CARTESIAN_POINT ( 'NONE',  ( -1.255893264020311983, -7.250000000000000000, -3.734999999852264718 ) ) ;
#9533 =( LENGTH_UNIT ( ) NAMED_UNIT ( * ) SI_UNIT ( .MILLI., .METRE. ) );
#9534 = ORIENTED_EDGE ( 'NONE', *, *, #4925, .T. ) ;
#9535 =( NAMED_UNIT ( * ) PLANE_ANGLE_UNIT ( ) SI_UNIT ( $, .RADIAN. ) );
#9536 = CARTESIAN_POINT ( 'NONE',  ( -3.795893264020314906, -7.250000000000000000, -3.734999999852264718 ) ) ;
#9537 = PRESENTATION_LAYER_ASSIGNMENT (  '', '', ( #8441 ) ) ;
#9538 = CARTESIAN_POINT ( 'NONE',  ( 4.309999999999999609, -0.04322605824517099932, -4.500000000000000000 ) ) ;
#9539 = ORIENTED_EDGE ( 'NONE', *, *, #9990, .T. ) ;
#9540 = ORIENTED_EDGE ( 'NONE', *, *, #477, .T. ) ;
#9541 = DIRECTION ( 'NONE',  ( -1.000000000000000000, 0.0000000000000000000, 6.123031769111888756E-17 ) ) ;
#9542 = UNCERTAINTY_MEASURE_WITH_UNIT (LENGTH_MEASURE( 1.000000000000000082E-05 ), #1450, 'distance_accuracy_value', 'NONE');
#9543 = LINE ( 'NONE', #5914, #7394 ) ;
#9544 = AXIS2_PLACEMENT_3D ( 'NONE', #2172, #7894, #2986 ) ;
#9545 = FILL_AREA_STYLE_COLOUR ( '', #844 ) ;
#9546 = ORIENTED_EDGE ( 'NONE', *, *, #10269, .T. ) ;
#9547 = ADVANCED_FACE ( 'NONE', ( #3994 ), #540, .T. ) ;
#9548 = DIRECTION ( 'NONE',  ( 6.123031769111888756E-17, 0.0000000000000000000, 1.000000000000000000 ) ) ;
#9549 = EDGE_CURVE ( 'NONE', #10321, #9607, #1091, .T. ) ;
#9550 = VECTOR ( 'NONE', #2528, 1000.000000000000114 ) ;
#9551 = ORIENTED_EDGE ( 'NONE', *, *, #3696, .F. ) ;
#9552 = PLANE ( 'NONE',  #2948 ) ;
#9553 = PLANE ( 'NONE',  #5962 ) ;
#9554 = AXIS2_PLACEMENT_3D ( 'NONE', #5173, #308, #6001 ) ;
#9555 = CARTESIAN_POINT ( 'NONE',  ( 3.657599999999999962, -2.700000000000729816, 0.9199999999997310329 ) ) ;
#9556 =( NAMED_UNIT ( * ) PLANE_ANGLE_UNIT ( ) SI_UNIT ( $, .RADIAN. ) );
#9557 = ORIENTED_EDGE ( 'NONE', *, *, #9077, .T. ) ;
#9558 = FACE_OUTER_BOUND ( 'NONE', #6453, .T. ) ;
#9559 = ORIENTED_EDGE ( 'NONE', *, *, #7887, .F. ) ;
#9560 = ORIENTED_EDGE ( 'NONE', *, *, #6347, .T. ) ;
#9561 = EDGE_CURVE ( 'NONE', #7989, #1013, #7581, .T. ) ;
#9562 = PLANE ( 'NONE',  #6220 ) ;
#9563 = VERTEX_POINT ( 'NONE', #6262 ) ;
#9564 = CARTESIAN_POINT ( 'NONE',  ( 0.9800000000000190781, -6.417755088244880390, 3.734999999852264718 ) ) ;
#9565 = DIRECTION ( 'NONE',  ( 0.0000000000000000000, -1.000000000000000000, 0.0000000000000000000 ) ) ;
#9566 = DIRECTION ( 'NONE',  ( 6.030009158161467605E-17, 0.1736481776668984400, 0.9848077530122136825 ) ) ;
#9567 = EDGE_CURVE ( 'NONE', #8962, #9589, #3234, .T. ) ;
#9568 = LINE ( 'NONE', #8524, #3061 ) ;
#9569 = STYLED_ITEM ( 'NONE', ( #9726 ), #9843 ) ;
#9570 = FACE_OUTER_BOUND ( 'NONE', #2069, .T. ) ;
#9571 = PRESENTATION_STYLE_ASSIGNMENT (( #701 ) ) ;
#9572 = PLANE ( 'NONE',  #3349 ) ;
#9573 = VECTOR ( 'NONE', #10031, 1000.000000000000000 ) ;
#9574 = DIRECTION ( 'NONE',  ( 0.0000000000000000000, 0.0000000000000000000, 1.000000000000000000 ) ) ;
#9575 = EDGE_CURVE ( 'NONE', #685, #2234, #9474, .T. ) ;
#9576 = VERTEX_POINT ( 'NONE', #4652 ) ;
#9577 = FACE_BOUND ( 'NONE', #9441, .T. ) ;
#9578 = ORIENTED_EDGE ( 'NONE', *, *, #5448, .F. ) ;
#9579 = LINE ( 'NONE', #9150, #943 ) ;
#9580 = VERTEX_POINT ( 'NONE', #6295 ) ;
#9581 = VECTOR ( 'NONE', #4331, 1000.000000000000000 ) ;
#9582 = EDGE_CURVE ( 'NONE', #9329, #8455, #4884, .T. ) ;
#9583 = DIRECTION ( 'NONE',  ( 6.123031769111888756E-17, -1.730217700714529757E-16, 1.000000000000000000 ) ) ;
#9584 = CARTESIAN_POINT ( 'NONE',  ( 4.425000000000184563, -0.3902521710451150594, 4.288809933303020294 ) ) ;
#9585 = FILL_AREA_STYLE_COLOUR ( '', #8701 ) ;
#9586 = DIRECTION ( 'NONE',  ( 1.224606353648789895E-16, 2.601093943404129786E-13, -1.000000000000000000 ) ) ;
#9587 = CARTESIAN_POINT ( 'NONE',  ( -3.810000000000000053, -0.6800000000000000488, -2.169999999999999929 ) ) ;
#9588 = AXIS2_PLACEMENT_3D ( 'NONE', #3311, #10210, #4118 ) ;
#9589 = VERTEX_POINT ( 'NONE', #2239 ) ;
#9590 = VECTOR ( 'NONE', #2413, 1000.000000000000000 ) ;
#9591 = ADVANCED_FACE ( 'NONE', ( #7067 ), #7935, .T. ) ;
#9592 = LINE ( 'NONE', #7032, #6922 ) ;
#9593 = ORIENTED_EDGE ( 'NONE', *, *, #5983, .T. ) ;
#9594 = DIRECTION ( 'NONE',  ( -1.059417794895478013E-32, -1.000000000000000000, -1.730217700714529757E-16 ) ) ;
#9595 = COLOUR_RGB ( '',0.1411764705882352922, 0.1411764705882352922, 0.1411764705882352922 ) ;
#9596 = SURFACE_SIDE_STYLE ('',( #5142 ) ) ;
#9597 = DIRECTION ( 'NONE',  ( 0.0000000000000000000, -1.000000000000000000, 0.0000000000000000000 ) ) ;
#9598 = DIRECTION ( 'NONE',  ( -1.000000000000000000, 0.0000000000000000000, -6.123031769111888756E-17 ) ) ;
#9599 = STYLED_ITEM ( 'NONE', ( #1205 ), #6288 ) ;
#9600 = ORIENTED_EDGE ( 'NONE', *, *, #9487, .F. ) ;
#9601 = LINE ( 'NONE', #4443, #3088 ) ;
#9602 = ORIENTED_EDGE ( 'NONE', *, *, #6792, .T. ) ;
#9603 = CARTESIAN_POINT ( 'NONE',  ( 5.080000000000000071, 0.5000000000000000000, 4.591836509645760067 ) ) ;
#9604 = CARTESIAN_POINT ( 'NONE',  ( 0.6549999999998150635, -0.3902521710451150594, -4.288809933303020294 ) ) ;
#9605 = VECTOR ( 'NONE', #7952, 1000.000000000000000 ) ;
#9606 = VERTEX_POINT ( 'NONE', #9564 ) ;
#9607 = VERTEX_POINT ( 'NONE', #5496 ) ;
#9608 = MECHANICAL_DESIGN_GEOMETRIC_PRESENTATION_REPRESENTATION (  '', ( #8519 ), #10171 ) ;
#9609 = SURFACE_STYLE_FILL_AREA ( #6407 ) ;
#9610 =( NAMED_UNIT ( * ) PLANE_ANGLE_UNIT ( ) SI_UNIT ( $, .RADIAN. ) );
#9611 = LINE ( 'NONE', #5200, #5262 ) ;
#9612 = VECTOR ( 'NONE', #1953, 1000.000000000000000 ) ;
#9613 = EDGE_CURVE ( 'NONE', #1779, #3772, #6813, .T. ) ;
#9614 = ORIENTED_EDGE ( 'NONE', *, *, #8059, .T. ) ;
#9615 = PLANE ( 'NONE',  #778 ) ;
#9616 = LINE ( 'NONE', #1522, #463 ) ;
#9617 = VERTEX_POINT ( 'NONE', #3069 ) ;
#9618 = ORIENTED_EDGE ( 'NONE', *, *, #168, .T. ) ;
#9619 = COLOUR_RGB ( '',0.1411764705882352922, 0.1411764705882352922, 0.1411764705882352922 ) ;
#9620 = ORIENTED_EDGE ( 'NONE', *, *, #7130, .F. ) ;
#9621 = LINE ( 'NONE', #10179, #3407 ) ;
#9622 = AXIS2_PLACEMENT_3D ( 'NONE', #4298, #261, #5952 ) ;
#9623 = EDGE_LOOP ( 'NONE', ( #10473, #9770, #9374, #1866 ) ) ;
#9624 = COLOUR_RGB ( '',0.1411764705882352922, 0.1411764705882352922, 0.1411764705882352922 ) ;
#9625 = CIRCLE ( 'NONE', #5629, 0.2748194203352921083 ) ;
#9626 = FILL_AREA_STYLE ('',( #5485 ) ) ;
#9627 = STYLED_ITEM ( 'NONE', ( #9367 ), #4127 ) ;
#9628 = ADVANCED_FACE ( 'NONE', ( #2466 ), #1465, .F. ) ;
#9629 = FILL_AREA_STYLE ('',( #10419 ) ) ;
#9630 = ORIENTED_EDGE ( 'NONE', *, *, #8617, .F. ) ;
#9631 = EDGE_CURVE ( 'NONE', #4252, #5380, #6042, .T. ) ;
#9632 = ORIENTED_EDGE ( 'NONE', *, *, #7751, .F. ) ;
#9633 = SURFACE_SIDE_STYLE ('',( #2470 ) ) ;
#9634 = LINE ( 'NONE', #6574, #9373 ) ;
#9635 = ORIENTED_EDGE ( 'NONE', *, *, #8292, .T. ) ;
#9636 = CARTESIAN_POINT ( 'NONE',  ( 4.425000000000195222, -0.6264186456785509893, -3.346222332753779671 ) ) ;
#9637 = LINE ( 'NONE', #5699, #5288 ) ;
#9638 = ORIENTED_EDGE ( 'NONE', *, *, #6276, .T. ) ;
#9639 = VECTOR ( 'NONE', #1397, 1000.000000000000000 ) ;
#9640 = DIRECTION ( 'NONE',  ( 0.0000000000000000000, 1.000000000000000000, 0.0000000000000000000 ) ) ;
#9641 = CARTESIAN_POINT ( 'NONE',  ( 4.727499999998399538, 3.650731923132699563E-05, 4.503679456516939794 ) ) ;
#9642 = VECTOR ( 'NONE', #1710, 1000.000000000000000 ) ;
#9643 = PLANE ( 'NONE',  #8404 ) ;
#9644 = PLANE ( 'NONE',  #10155 ) ;
#9645 = VECTOR ( 'NONE', #5681, 1000.000000000000000 ) ;
#9646 = VERTEX_POINT ( 'NONE', #9648 ) ;
#9647 = ORIENTED_EDGE ( 'NONE', *, *, #1487, .T. ) ;
#9648 = CARTESIAN_POINT ( 'NONE',  ( 1.885000000000089937, -2.180000000000000160, -2.185105896938285053 ) ) ;
#9649 = CARTESIAN_POINT ( 'NONE',  ( 3.194999999999999840, -0.5070092621839650260, 4.418222507946190092 ) ) ;
#9650 = VECTOR ( 'NONE', #4105, 1000.000000000000000 ) ;
#9651 = PLANE ( 'NONE',  #9355 ) ;
#9652 = VERTEX_POINT ( 'NONE', #2271 ) ;
#9653 = EDGE_LOOP ( 'NONE', ( #1791, #10090, #8846, #9053, #6041 ) ) ;
#9654 = DIRECTION ( 'NONE',  ( 1.059417794895478013E-32, 1.000000000000000000, -1.730217700714529757E-16 ) ) ;
#9655 = VECTOR ( 'NONE', #9426, 1000.000000000000000 ) ;
#9656 = EDGE_CURVE ( 'NONE', #1137, #5150, #1724, .T. ) ;
#9657 = ORIENTED_EDGE ( 'NONE', *, *, #4316, .F. ) ;
#9658 = LINE ( 'NONE', #2127, #750 ) ;
#9659 = CARTESIAN_POINT ( 'NONE',  ( -1.559999999998839870, -3.750000000001014744, -7.232499999999600249 ) ) ;
#9660 = ADVANCED_FACE ( 'NONE', ( #8208 ), #1540, .T. ) ;
#9661 = ORIENTED_EDGE ( 'NONE', *, *, #314, .T. ) ;
#9662 = DIRECTION ( 'NONE',  ( 0.0000000000000000000, -1.000000000000000000, 0.0000000000000000000 ) ) ;
#9663 = ORIENTED_EDGE ( 'NONE', *, *, #3403, .F. ) ;
#9664 = EDGE_CURVE ( 'NONE', #2462, #6723, #10116, .T. ) ;
#9665 = VECTOR ( 'NONE', #4112, 1000.000000000000000 ) ;
#9666 = AXIS2_PLACEMENT_3D ( 'NONE', #3953, #3797, #3133 ) ;
#9667 = SURFACE_SIDE_STYLE ('',( #7160 ) ) ;
#9668 = ORIENTED_EDGE ( 'NONE', *, *, #3581, .F. ) ;
#9669 = EDGE_CURVE ( 'NONE', #375, #4951, #3620, .T. ) ;
#9670 = DIRECTION ( 'NONE',  ( -1.000000000000000000, 0.0000000000000000000, 6.123031769111888756E-17 ) ) ;
#9671 = DIRECTION ( 'NONE',  ( -6.123031769111888756E-17, 1.836909530733564901E-16, -1.000000000000000000 ) ) ;
#9672 = DIRECTION ( 'NONE',  ( 0.0000000000000000000, 0.0000000000000000000, 1.000000000000000000 ) ) ;
#9673 = VECTOR ( 'NONE', #8460, 1000.000000000000000 ) ;
#9674 = UNCERTAINTY_MEASURE_WITH_UNIT (LENGTH_MEASURE( 1.000000000000000082E-05 ), #9396, 'distance_accuracy_value', 'NONE');
#9675 = VERTEX_POINT ( 'NONE', #3966 ) ;
#9676 = PRESENTATION_LAYER_ASSIGNMENT (  '', '', ( #8568 ) ) ;
#9677 = PLANE ( 'NONE',  #8763 ) ;
#9678 = ORIENTED_EDGE ( 'NONE', *, *, #9035, .T. ) ;
#9679 = CARTESIAN_POINT ( 'NONE',  ( -5.080000000000000071, -4.100000000000365574, -3.329999999997769855 ) ) ;
#9680 = CARTESIAN_POINT ( 'NONE',  ( -5.080000000000000071, -3.750000000000454747, 5.079999999999810001 ) ) ;
#9681 =( GEOMETRIC_REPRESENTATION_CONTEXT ( 3 ) GLOBAL_UNCERTAINTY_ASSIGNED_CONTEXT ( ( #1917 ) ) GLOBAL_UNIT_ASSIGNED_CONTEXT ( ( #8983, #8019, #6069 ) ) REPRESENTATION_CONTEXT ( 'NONE', 'WORKASPACE' ) );
#9682 = UNCERTAINTY_MEASURE_WITH_UNIT (LENGTH_MEASURE( 1.000000000000000082E-05 ), #9170, 'distance_accuracy_value', 'NONE');
#9683 = DIRECTION ( 'NONE',  ( -6.123031769111888756E-17, 1.836909530733564901E-16, -1.000000000000000000 ) ) ;
#9684 = DIRECTION ( 'NONE',  ( -0.0000000000000000000, 1.000000000000000000, 0.0000000000000000000 ) ) ;
#9685 = ADVANCED_FACE ( 'NONE', ( #3871 ), #6440, .T. ) ;
#9686 = CARTESIAN_POINT ( 'NONE',  ( 5.080000000000000071, -3.750000000000000000, 3.329999999997540261 ) ) ;
#9687 = ORIENTED_EDGE ( 'NONE', *, *, #5720, .F. ) ;
#9688 = DIRECTION ( 'NONE',  ( -1.000000000000000000, 0.0000000000000000000, 6.123031769111888756E-17 ) ) ;
#9689 = EDGE_LOOP ( 'NONE', ( #4378, #9467, #1647, #8745 ) ) ;
#9690 = SURFACE_STYLE_FILL_AREA ( #4858 ) ;
#9691 = PLANE ( 'NONE',  #5573 ) ;
#9692 = PLANE ( 'NONE',  #5504 ) ;
#9693 = VERTEX_POINT ( 'NONE', #760 ) ;
#9694 = SURFACE_STYLE_USAGE ( .BOTH. , #3981 ) ;
#9695 = ORIENTED_EDGE ( 'NONE', *, *, #3023, .T. ) ;
#9696 = EDGE_CURVE ( 'NONE', #9563, #376, #5511, .T. ) ;
#9697 = VECTOR ( 'NONE', #923, 1000.000000000000000 ) ;
#9698 = CARTESIAN_POINT ( 'NONE',  ( 2.674999999999999822, -3.750000000000144773, 3.884999999852265073 ) ) ;
#9699 = DIRECTION ( 'NONE',  ( -3.228643919281117811E-17, 0.8496822954477646350, 0.5272949808244127290 ) ) ;
#9700 = FILL_AREA_STYLE_COLOUR ( '', #5512 ) ;
#9701 = CARTESIAN_POINT ( 'NONE',  ( -3.194999999999895035, -0.9719250235416100336, 4.336245315462229577 ) ) ;
#9702 = VECTOR ( 'NONE', #10315, 1000.000000000000000 ) ;
#9703 = DIRECTION ( 'NONE',  ( 6.123031769111888756E-17, 0.0000000000000000000, 1.000000000000000000 ) ) ;
#9704 = LINE ( 'NONE', #7636, #5361 ) ;
#9705 = ADVANCED_FACE ( 'NONE', ( #3375 ), #4830, .T. ) ;
#9706 = DIRECTION ( 'NONE',  ( -1.000000000000000000, 0.0000000000000000000, 6.123031769111888756E-17 ) ) ;
#9707 =( NAMED_UNIT ( * ) PLANE_ANGLE_UNIT ( ) SI_UNIT ( $, .RADIAN. ) );
#9708 = EDGE_CURVE ( 'NONE', #9133, #1166, #8824, .T. ) ;
#9709 = DIRECTION ( 'NONE',  ( 0.0000000000000000000, 0.1736481776666925214, 0.9848077530122499867 ) ) ;
#9710 = CYLINDRICAL_SURFACE ( 'NONE', #8526, 0.1000000000000809269 ) ;
#9711 = CARTESIAN_POINT ( 'NONE',  ( -2.270000000000000018, -0.4000000000000569766, 2.185105896938275283 ) ) ;
#9712 = PLANE ( 'NONE',  #1534 ) ;
#9713 = ORIENTED_EDGE ( 'NONE', *, *, #6387, .T. ) ;
#9714 = PLANE ( 'NONE',  #8923 ) ;
#9715 = PLANE ( 'NONE',  #9963 ) ;
#9716 = SURFACE_STYLE_USAGE ( .BOTH. , #4013 ) ;
#9717 = EDGE_CURVE ( 'NONE', #2682, #8493, #4752, .T. ) ;
#9718 = AXIS2_PLACEMENT_3D ( 'NONE', #3727, #7004, #8593 ) ;
#9719 = ORIENTED_EDGE ( 'NONE', *, *, #2824, .T. ) ;
#9720 = LINE ( 'NONE', #2973, #3216 ) ;
#9721 = DIRECTION ( 'NONE',  ( -5.202631688678576249E-17, -0.5272949808244127290, -0.8496822954477646350 ) ) ;
#9722 = CARTESIAN_POINT ( 'NONE',  ( 4.162500000001601030, 3.650732211896155120E-05, -4.503679456517449609 ) ) ;
#9723 = LINE ( 'NONE', #3463, #5373 ) ;
#9724 = VERTEX_POINT ( 'NONE', #6518 ) ;
#9725 = EDGE_CURVE ( 'NONE', #6567, #9298, #447, .T. ) ;
#9726 = PRESENTATION_STYLE_ASSIGNMENT (( #3434 ) ) ;
#9727 = EDGE_LOOP ( 'NONE', ( #1094, #2909, #2147, #10011 ) ) ;
#9728 = VECTOR ( 'NONE', #9508, 1000.000000000000114 ) ;
#9729 = ADVANCED_FACE ( 'NONE', ( #2328 ), #4246, .T. ) ;
#9730 = CIRCLE ( 'NONE', #602, 0.1000000000000809269 ) ;
#9731 = EDGE_CURVE ( 'NONE', #5669, #6923, #190, .T. ) ;
#9732 = FACE_OUTER_BOUND ( 'NONE', #6772, .T. ) ;
#9733 = ORIENTED_EDGE ( 'NONE', *, *, #8199, .F. ) ;
#9734 = ORIENTED_EDGE ( 'NONE', *, *, #3663, .F. ) ;
#9735 = CARTESIAN_POINT ( 'NONE',  ( 3.194999999999815099, -0.4000000000000569766, -2.185105896938275283 ) ) ;
#9736 = FACE_OUTER_BOUND ( 'NONE', #1905, .T. ) ;
#9737 = ORIENTED_EDGE ( 'NONE', *, *, #2626, .T. ) ;
#9738 = DIRECTION ( 'NONE',  ( -1.000000000000000000, 0.0000000000000000000, 6.123031769111888756E-17 ) ) ;
#9739 = VECTOR ( 'NONE', #5664, 1000.000000000000000 ) ;
#9740 = ORIENTED_EDGE ( 'NONE', *, *, #2339, .T. ) ;
#9741 = DIRECTION ( 'NONE',  ( 1.224606353822375779E-16, 0.0000000000000000000, -1.000000000000000000 ) ) ;
#9742 = DIRECTION ( 'NONE',  ( 3.240339941653820604E-20, -0.9999998599709450930, 0.0005292051493183439707 ) ) ;
#9743 = LINE ( 'NONE', #6268, #7328 ) ;
#9744 = EDGE_LOOP ( 'NONE', ( #8610, #4343, #740, #5849 ) ) ;
#9746 = ORIENTED_EDGE ( 'NONE', *, *, #2203, .T. ) ;
#9745 =( LENGTH_UNIT ( ) NAMED_UNIT ( * ) SI_UNIT ( .MILLI., .METRE. ) );
#9747 = LINE ( 'NONE', #9407, #7596 ) ;
#9748 = DIRECTION ( 'NONE',  ( -1.000000000000000000, 0.0000000000000000000, -6.123031769111888756E-17 ) ) ;
#9749 = FILL_AREA_STYLE ('',( #4051 ) ) ;
#9750 = VECTOR ( 'NONE', #4206, 1000.000000000000114 ) ;
#9751 = STYLED_ITEM ( 'NONE', ( #6191 ), #6511 ) ;
#9752 = DIRECTION ( 'NONE',  ( 1.144914669571143966E-32, 1.000000000000000000, 1.869849304631664997E-16 ) ) ;
#9753 = FACE_OUTER_BOUND ( 'NONE', #6237, .T. ) ;
#9754 = ORIENTED_EDGE ( 'NONE', *, *, #1662, .T. ) ;
#9755 = MECHANICAL_DESIGN_GEOMETRIC_PRESENTATION_REPRESENTATION (  '', ( #8653 ), #10310 ) ;
#9756 = DIRECTION ( 'NONE',  ( 2.126506617005025622E-17, -0.9848077530122221201, -0.1736481776668505062 ) ) ;
#9757 = ORIENTED_EDGE ( 'NONE', *, *, #6587, .F. ) ;
#9758 = COLOUR_RGB ( '',0.1411764705882352922, 0.1411764705882352922, 0.1411764705882352922 ) ;
#9759 = ORIENTED_EDGE ( 'NONE', *, *, #28, .F. ) ;
#9760 = EDGE_CURVE ( 'NONE', #2767, #918, #6679, .T. ) ;
#9761 = VECTOR ( 'NONE', #7523, 1000.000000000000000 ) ;
#9762 = VERTEX_POINT ( 'NONE', #4854 ) ;
#9763 = CARTESIAN_POINT ( 'NONE',  ( -1.885000000000154996, -1.227030387021919910, 4.186245315462254979 ) ) ;
#9764 = VECTOR ( 'NONE', #1418, 1000.000000000000000 ) ;
#9765 = DIRECTION ( 'NONE',  ( -1.000000000000000000, -2.273736754434390162E-12, 0.0000000000000000000 ) ) ;
#9766 = ADVANCED_FACE ( 'NONE', ( #2079 ), #2481, .T. ) ;
#9767 = PLANE ( 'NONE',  #6229 ) ;
#9768 = LINE ( 'NONE', #1040, #1118 ) ;
#9769 = DIRECTION ( 'NONE',  ( 1.000000000000000000, 6.673570731747099829E-14, 1.224606353822377751E-16 ) ) ;
#9770 = ORIENTED_EDGE ( 'NONE', *, *, #10360, .T. ) ;
#9771 =( GEOMETRIC_REPRESENTATION_CONTEXT ( 3 ) GLOBAL_UNCERTAINTY_ASSIGNED_CONTEXT ( ( #2367 ) ) GLOBAL_UNIT_ASSIGNED_CONTEXT ( ( #7311, #2429, #8139 ) ) REPRESENTATION_CONTEXT ( 'NONE', 'WORKASPACE' ) );
#9772 = ORIENTED_EDGE ( 'NONE', *, *, #6189, .F. ) ;
#9773 = ORIENTED_EDGE ( 'NONE', *, *, #5448, .T. ) ;
#9774 = VECTOR ( 'NONE', #1375, 1000.000000000000000 ) ;
#9775 = ORIENTED_EDGE ( 'NONE', *, *, #1525, .T. ) ;
#9776 = LINE ( 'NONE', #122, #7623 ) ;
#9777 = AXIS2_PLACEMENT_3D ( 'NONE', #4679, #10379, #5488 ) ;
#9778 = DIRECTION ( 'NONE',  ( -1.000000000000000000, 0.0000000000000000000, 6.123031769111888756E-17 ) ) ;
#9779 = DIRECTION ( 'NONE',  ( 1.000000000000000000, 0.0000000000000000000, 0.0000000000000000000 ) ) ;
#9780 = EDGE_CURVE ( 'NONE', #7532, #8490, #6161, .T. ) ;
#9781 = VECTOR ( 'NONE', #3153, 1000.000000000000000 ) ;
#9782 = SURFACE_STYLE_USAGE ( .BOTH. , #4071 ) ;
#9783 = DIRECTION ( 'NONE',  ( -1.000000000000000000, 0.0000000000000000000, 6.123031769111888756E-17 ) ) ;
#9784 = VERTEX_POINT ( 'NONE', #4948 ) ;
#9785 = FACE_OUTER_BOUND ( 'NONE', #6024, .T. ) ;
#9786 = ORIENTED_EDGE ( 'NONE', *, *, #5203, .F. ) ;
#9787 = ORIENTED_EDGE ( 'NONE', *, *, #1008, .T. ) ;
#9788 = SURFACE_STYLE_USAGE ( .BOTH. , #4075 ) ;
#9789 = CARTESIAN_POINT ( 'NONE',  ( -3.294999999999674856, 0.6646145760520150159, -4.620862500821749208 ) ) ;
#9790 = LINE ( 'NONE', #1897, #5196 ) ;
#9791 = EDGE_CURVE ( 'NONE', #3001, #7752, #6415, .T. ) ;
#9792 = DIRECTION ( 'NONE',  ( 0.0000000000000000000, 0.0000000000000000000, 1.000000000000000000 ) ) ;
#9793 = CARTESIAN_POINT ( 'NONE',  ( 1.885000000000234932, 3.650731991911014584E-05, 10.25999999999999979 ) ) ;
#9794 = CARTESIAN_POINT ( 'NONE',  ( -3.520000000000980123, -6.417755088248520146, 3.884999999852265073 ) ) ;
#9795 = ORIENTED_EDGE ( 'NONE', *, *, #6659, .T. ) ;
#9796 = DIRECTION ( 'NONE',  ( 3.240339941653821206E-20, -0.9999998599709452041, 0.0005292051493183440791 ) ) ;
#9797 = ADVANCED_FACE ( 'NONE', ( #1834 ), #3344, .T. ) ;
#9798 = DIRECTION ( 'NONE',  ( -1.000000000000000000, 0.0000000000000000000, 6.123031769111888756E-17 ) ) ;
#9799 = DIRECTION ( 'NONE',  ( -1.000000000000000000, 0.0000000000000000000, 6.123031769111888756E-17 ) ) ;
#9800 = EDGE_CURVE ( 'NONE', #7348, #3671, #3749, .T. ) ;
#9801 = FACE_OUTER_BOUND ( 'NONE', #5680, .T. ) ;
#9802 = EDGE_LOOP ( 'NONE', ( #9108, #5799, #7741, #4422 ) ) ;
#9803 = DIRECTION ( 'NONE',  ( -1.000000000000000000, 0.0000000000000000000, -1.224606353822377751E-16 ) ) ;
#9804 = EDGE_LOOP ( 'NONE', ( #5068, #5194, #6109, #5532 ) ) ;
#9805 = CARTESIAN_POINT ( 'NONE',  ( 3.027500000001894787, 3.650731915741389777E-05, 4.357628357563680055 ) ) ;
#9806 = DIRECTION ( 'NONE',  ( 1.000000000000000000, 0.0000000000000000000, -6.123031769111888756E-17 ) ) ;
#9807 = EDGE_CURVE ( 'NONE', #6101, #6219, #5919, .T. ) ;
#9808 = CIRCLE ( 'NONE', #7580, 0.1000000000000804967 ) ;
#9809 = ORIENTED_EDGE ( 'NONE', *, *, #9506, .F. ) ;
#9810 = DIRECTION ( 'NONE',  ( -1.000000000000000000, 0.0000000000000000000, 6.123031769111888756E-17 ) ) ;
#9811 =( NAMED_UNIT ( * ) SI_UNIT ( $, .STERADIAN. ) SOLID_ANGLE_UNIT ( ) );
#9812 = CARTESIAN_POINT ( 'NONE',  ( 3.810000000000000053, -7.150999999999920753, 10.25999999999999979 ) ) ;
#9813 = UNCERTAINTY_MEASURE_WITH_UNIT (LENGTH_MEASURE( 1.000000000000000082E-05 ), #4917, 'distance_accuracy_value', 'NONE');
#9814 = LINE ( 'NONE', #5988, #1420 ) ;
#9815 = AXIS2_PLACEMENT_3D ( 'NONE', #6875, #1994, #7695 ) ;
#9816 = ADVANCED_FACE ( 'NONE', ( #8073 ), #2551, .T. ) ;
#9817 = CARTESIAN_POINT ( 'NONE',  ( -2.810000000000000053, -7.250000000000000000, -3.884999999852265073 ) ) ;
#9818 = VERTEX_POINT ( 'NONE', #4976 ) ;
#9819 = DIRECTION ( 'NONE',  ( -1.000000000000000000, 0.0000000000000000000, 6.123031769111888756E-17 ) ) ;
#9820 = STYLED_ITEM ( 'NONE', ( #4839 ), #2414 ) ;
#9821 = DIRECTION ( 'NONE',  ( -5.202631688678575633E-17, -0.5272949808244126180, 0.8496822954477645240 ) ) ;
#9822 = DIRECTION ( 'NONE',  ( -1.000000000000000000, 0.0000000000000000000, 6.123031769111888756E-17 ) ) ;
#9823 = EDGE_CURVE ( 'NONE', #3532, #8962, #5646, .T. ) ;
#9824 = DIRECTION ( 'NONE',  ( -6.030009158161467605E-17, -0.1736481776669020483, -0.9848077530122131273 ) ) ;
#9825 = DIRECTION ( 'NONE',  ( -1.000000000000000000, 0.0000000000000000000, 6.123031769111888756E-17 ) ) ;
#9826 = LINE ( 'NONE', #3036, #1165 ) ;
#9827 = DIRECTION ( 'NONE',  ( 5.202631688678576249E-17, 0.5272949808244127290, 0.8496822954477646350 ) ) ;
#9828 = ORIENTED_EDGE ( 'NONE', *, *, #1436, .T. ) ;
#9829 = CARTESIAN_POINT ( 'NONE',  ( -4.099999999998930278, -5.116929645232019652, -3.884999999852260189 ) ) ;
#9830 = FILL_AREA_STYLE_COLOUR ( '', #8902 ) ;
#9831 = ORIENTED_EDGE ( 'NONE', *, *, #9582, .T. ) ;
#9832 = SURFACE_SIDE_STYLE ('',( #4519 ) ) ;
#9833 = ORIENTED_EDGE ( 'NONE', *, *, #4247, .F. ) ;
#9834 = VECTOR ( 'NONE', #4781, 1000.000000000000000 ) ;
#9835 = AXIS2_PLACEMENT_3D ( 'NONE', #2330, #3157, #8851 ) ;
#9836 = CARTESIAN_POINT ( 'NONE',  ( 1.885000000000169873, -0.4877706291219079948, 4.271614798027000504 ) ) ;
#9837 = CARTESIAN_POINT ( 'NONE',  ( 0.6550000000000539835, -2.180000000000000160, -4.335605995874404428 ) ) ;
#9838 = CARTESIAN_POINT ( 'NONE',  ( -0.7049999999997189626, 3.650732003279700389E-05, 10.25999999999999979 ) ) ;
#9839 = CARTESIAN_POINT ( 'NONE',  ( -3.810000000000000053, -2.180000000000000160, 3.334999999999999964 ) ) ;
#9840 = PLANE ( 'NONE',  #9110 ) ;
#9841 = EDGE_CURVE ( 'NONE', #9589, #9563, #1587, .T. ) ;
#9842 = LINE ( 'NONE', #8496, #10088 ) ;
#9843 = ADVANCED_FACE ( 'NONE', ( #5375 ), #6653, .T. ) ;
#9844 = VECTOR ( 'NONE', #8000, 1000.000000000000000 ) ;
#9845 = LINE ( 'NONE', #6675, #3604 ) ;
#9846 = SURFACE_STYLE_USAGE ( .BOTH. , #4147 ) ;
#9847 = CARTESIAN_POINT ( 'NONE',  ( 3.194999999999845297, -1.221249999999999947, 2.185105896938279724 ) ) ;
#9848 = AXIS2_PLACEMENT_3D ( 'NONE', #3638, #4441, #10159 ) ;
#9849 = FILL_AREA_STYLE ('',( #8209 ) ) ;
#9850 = DIRECTION ( 'NONE',  ( 2.126506617005025622E-17, -0.9848077530122221201, -0.1736481776668505062 ) ) ;
#9851 = DIRECTION ( 'NONE',  ( 6.123031769111888756E-17, 0.0000000000000000000, -1.000000000000000000 ) ) ;
#9852 = ORIENTED_EDGE ( 'NONE', *, *, #8406, .F. ) ;
#9853 = LINE ( 'NONE', #8077, #7689 ) ;
#9854 = EDGE_CURVE ( 'NONE', #5991, #3956, #6805, .T. ) ;
#9855 = VECTOR ( 'NONE', #5996, 1000.000000000000000 ) ;
#9856 = PLANE ( 'NONE',  #3694 ) ;
#9857 = ORIENTED_EDGE ( 'NONE', *, *, #5898, .T. ) ;
#9858 = SURFACE_SIDE_STYLE ('',( #7493 ) ) ;
#9859 = PLANE ( 'NONE',  #7249 ) ;
#9860 = EDGE_CURVE ( 'NONE', #2732, #1170, #8952, .T. ) ;
#9861 = CARTESIAN_POINT ( 'NONE',  ( 4.809999999999999609, -0.1539928746702824980, -4.480468821697074944 ) ) ;
#9862 = CARTESIAN_POINT ( 'NONE',  ( -3.194999999999999840, -2.180000000000000160, -3.334999999999999964 ) ) ;
#9863 = CARTESIAN_POINT ( 'NONE',  ( -0.6549999999999099876, -2.180000000000000160, -2.185105896938285053 ) ) ;
#9864 = ORIENTED_EDGE ( 'NONE', *, *, #852, .T. ) ;
#9865 = LINE ( 'NONE', #8046, #7701 ) ;
#9866 = DIRECTION ( 'NONE',  ( -7.327453885258310389E-29, -1.000000000000000000, -1.196703554964752142E-12 ) ) ;
#9867 = VECTOR ( 'NONE', #7667, 1000.000000000000000 ) ;
#9868 = VERTEX_POINT ( 'NONE', #9135 ) ;
#9869 = CARTESIAN_POINT ( 'NONE',  ( 3.944999999999999840, -3.750000000000144773, 3.884999999852265073 ) ) ;
#9870 = VECTOR ( 'NONE', #9683, 1000.000000000000000 ) ;
#9871 = EDGE_CURVE ( 'NONE', #2017, #9454, #6548, .T. ) ;
#9872 = LINE ( 'NONE', #5603, #7706 ) ;
#9873 = STYLED_ITEM ( 'NONE', ( #4483 ), #10474 ) ;
#9874 = PRESENTATION_LAYER_ASSIGNMENT (  '', '', ( #9308 ) ) ;
#9875 = DIRECTION ( 'NONE',  ( 0.0000000000000000000, -1.000000000000000000, 0.0000000000000000000 ) ) ;
#9876 = ADVANCED_FACE ( 'NONE', ( #4610 ), #5079, .T. ) ;
#9877 = EDGE_LOOP ( 'NONE', ( #1641, #3215, #5946, #658 ) ) ;
#9878 = DIRECTION ( 'NONE',  ( -1.000000000000000000, 0.0000000000000000000, 0.0000000000000000000 ) ) ;
#9879 = LINE ( 'NONE', #5091, #1212 ) ;
#9880 = EDGE_LOOP ( 'NONE', ( #8478, #4929, #2771, #4938 ) ) ;
#9881 = EDGE_CURVE ( 'NONE', #598, #5267, #68, .T. ) ;
#9882 = ORIENTED_EDGE ( 'NONE', *, *, #2309, .T. ) ;
#9883 = ORIENTED_EDGE ( 'NONE', *, *, #2018, .T. ) ;
#9884 = VECTOR ( 'NONE', #3573, 1000.000000000000000 ) ;
#9885 = ORIENTED_EDGE ( 'NONE', *, *, #6322, .F. ) ;
#9886 = LINE ( 'NONE', #3854, #7464 ) ;
#9887 = VERTEX_POINT ( 'NONE', #7546 ) ;
#9888 = CARTESIAN_POINT ( 'NONE',  ( 1.785000000000324993, 3.650732037385749672E-05, -4.357628357563889665 ) ) ;
#9889 = ORIENTED_EDGE ( 'NONE', *, *, #9380, .T. ) ;
#9890 = CARTESIAN_POINT ( 'NONE',  ( 3.713407417371199948, -7.176881904510220345, 10.25999999999999979 ) ) ;
#9891 = FACE_OUTER_BOUND ( 'NONE', #5551, .T. ) ;
#9892 = VERTEX_POINT ( 'NONE', #8364 ) ;
#9893 = MECHANICAL_DESIGN_GEOMETRIC_PRESENTATION_REPRESENTATION (  '', ( #8772 ), #10428 ) ;
#9894 = VERTEX_POINT ( 'NONE', #2661 ) ;
#9895 = SURFACE_STYLE_USAGE ( .BOTH. , #7877 ) ;
#9896 = VECTOR ( 'NONE', #4056, 1000.000000000000000 ) ;
#9897 = VECTOR ( 'NONE', #3204, 1000.000000000000000 ) ;
#9898 = CARTESIAN_POINT ( 'NONE',  ( -3.294999999999674856, 0.6865000000000239799, -4.478670392594660044 ) ) ;
#9899 =( NAMED_UNIT ( * ) SI_UNIT ( $, .STERADIAN. ) SOLID_ANGLE_UNIT ( ) );
#9900 = DIRECTION ( 'NONE',  ( -1.000000000000000000, 0.0000000000000000000, 6.123031769111888756E-17 ) ) ;
#9901 = ORIENTED_EDGE ( 'NONE', *, *, #1080, .F. ) ;
#9902 = DIRECTION ( 'NONE',  ( -1.059417794895478013E-32, -1.000000000000000000, -1.730217700714529757E-16 ) ) ;
#9903 = ORIENTED_EDGE ( 'NONE', *, *, #2925, .F. ) ;
#9904 = LINE ( 'NONE', #1666, #3657 ) ;
#9905 = EDGE_LOOP ( 'NONE', ( #5002, #4016, #6953, #3634 ) ) ;
#9906 = LINE ( 'NONE', #3225, #1245 ) ;
#9907 = DIRECTION ( 'NONE',  ( -1.000000000000000000, 0.0000000000000000000, 6.123031769111888756E-17 ) ) ;
#9908 = AXIS2_PLACEMENT_3D ( 'NONE', #9045, #9875, #4987 ) ;
#9909 = ORIENTED_EDGE ( 'NONE', *, *, #836, .F. ) ;
#9910 = CARTESIAN_POINT ( 'NONE',  ( 4.100000000000000533, -6.417755088244880390, -10.25999999999999979 ) ) ;
#9911 = LINE ( 'NONE', #6872, #1247 ) ;
#9912 = ADVANCED_FACE ( 'NONE', ( #8448 ), #1954, .T. ) ;
#9913 = DIRECTION ( 'NONE',  ( -0.9690437062360581777, -0.2468892371171420574, -1.186697079788262602E-16 ) ) ;
#9914 = AXIS2_PLACEMENT_3D ( 'NONE', #125, #5795, #925 ) ;
#9915 = CARTESIAN_POINT ( 'NONE',  ( -5.080000000000000071, -4.099999999999679900, 2.330000000000040039 ) ) ;
#9916 = LINE ( 'NONE', #5758, #3425 ) ;
#9917 = CARTESIAN_POINT ( 'NONE',  ( -1.885000000000000009, -0.6800000000000000488, 4.500000000000000000 ) ) ;
#9918 = ORIENTED_EDGE ( 'NONE', *, *, #10375, .F. ) ;
#9919 = EDGE_CURVE ( 'NONE', #4512, #1073, #4115, .T. ) ;
#9920 = ORIENTED_EDGE ( 'NONE', *, *, #10219, .T. ) ;
#9921 = DIRECTION ( 'NONE',  ( -1.000000000000000000, 0.0000000000000000000, 0.0000000000000000000 ) ) ;
#9922 = ORIENTED_EDGE ( 'NONE', *, *, #1978, .T. ) ;
#9923 = ORIENTED_EDGE ( 'NONE', *, *, #915, .T. ) ;
#9924 = SURFACE_STYLE_FILL_AREA ( #7015 ) ;
#9925 = MECHANICAL_DESIGN_GEOMETRIC_PRESENTATION_REPRESENTATION (  '', ( #8280 ), #10448 ) ;
#9926 = ORIENTED_EDGE ( 'NONE', *, *, #8691, .T. ) ;
#9927 = AXIS2_PLACEMENT_3D ( 'NONE', #6487, #1616, #7291 ) ;
#9928 = VECTOR ( 'NONE', #4461, 1000.000000000000000 ) ;
#9929 = EDGE_LOOP ( 'NONE', ( #10007, #5302, #10493, #9128, #1151, #2336, #2549, #8950, #1501 ) ) ;
#9930 = PLANE ( 'NONE',  #6283 ) ;
#9931 = CARTESIAN_POINT ( 'NONE',  ( -0.6549999999998290523, -0.9719250235416100336, -4.186245315462254979 ) ) ;
#9932 = EDGE_CURVE ( 'NONE', #1125, #9606, #6281, .T. ) ;
#9933 = ADVANCED_FACE ( 'NONE', ( #3863 ), #3535, .T. ) ;
#9934 = CARTESIAN_POINT ( 'NONE',  ( 4.100000000000535216, -4.908859290462300962, -10.25999999999999979 ) ) ;
#9935 = ORIENTED_EDGE ( 'NONE', *, *, #113, .F. ) ;
#9936 = FILL_AREA_STYLE_COLOUR ( '', #6203 ) ;
#9937 = DIRECTION ( 'NONE',  ( -2.126506617005025622E-17, 0.9848077530122221201, 0.1736481776668505062 ) ) ;
#9938 = EDGE_CURVE ( 'NONE', #8112, #9403, #5241, .T. ) ;
#9939 =( NAMED_UNIT ( * ) SI_UNIT ( $, .STERADIAN. ) SOLID_ANGLE_UNIT ( ) );
#9940 = DIRECTION ( 'NONE',  ( 1.928491021440829966E-32, 1.000000000000000000, 3.149568864184659920E-16 ) ) ;
#9941 = LINE ( 'NONE', #8428, #7777 ) ;
#9942 = ORIENTED_CLOSED_SHELL ( 'NONE', *, #8422, .F. );
#9943 = DIRECTION ( 'NONE',  ( 1.000000000000000000, 0.0000000000000000000, -6.123031769111888756E-17 ) ) ;
#9944 = DIRECTION ( 'NONE',  ( -0.2468892371171420574, 0.9690437062360581777, -3.023421284640120468E-17 ) ) ;
#9945 = ORIENTED_EDGE ( 'NONE', *, *, #4480, .F. ) ;
#9946 = ORIENTED_EDGE ( 'NONE', *, *, #477, .F. ) ;
#9947 = CARTESIAN_POINT ( 'NONE',  ( 5.080000000000000071, -3.574999999999819877, -0.9200000000000740918 ) ) ;
#9948 = EDGE_CURVE ( 'NONE', #7538, #9105, #7438, .T. ) ;
#9949 =( NAMED_UNIT ( * ) PLANE_ANGLE_UNIT ( ) SI_UNIT ( $, .RADIAN. ) );
#9950 = EDGE_LOOP ( 'NONE', ( #347, #9370, #10136, #8578, #10065, #2885, #7508, #7753, #3256, #1318 ) ) ;
#9951 = EDGE_CURVE ( 'NONE', #9892, #8987, #3075, .T. ) ;
#9952 =( GEOMETRIC_REPRESENTATION_CONTEXT ( 3 ) GLOBAL_UNCERTAINTY_ASSIGNED_CONTEXT ( ( #1147 ) ) GLOBAL_UNIT_ASSIGNED_CONTEXT ( ( #8312, #4190, #853 ) ) REPRESENTATION_CONTEXT ( 'NONE', 'WORKASPACE' ) );
#9953 = BREP_WITH_VOIDS ( 'NONE', #10460, ( #7199, #8294, #8814, #9376, #9942, #10463, #460, #1011 ) );
#9954 = FACE_OUTER_BOUND ( 'NONE', #1518, .T. ) ;
#9955 = CIRCLE ( 'NONE', #5800, 0.2749999999999206968 ) ;
#9956 = DIRECTION ( 'NONE',  ( -6.123031769111888756E-17, 1.836909530733564901E-16, -1.000000000000000000 ) ) ;
#9957 = ORIENTED_EDGE ( 'NONE', *, *, #2046, .T. ) ;
#9958 = AXIS2_PLACEMENT_3D ( 'NONE', #146, #8286, #3426 ) ;
#9959 = VECTOR ( 'NONE', #326, 1000.000000000000000 ) ;
#9960 = CARTESIAN_POINT ( 'NONE',  ( 1.269999999999972040, -7.150999999999920753, 10.25999999999999979 ) ) ;
#9961 = CARTESIAN_POINT ( 'NONE',  ( -0.6550000000000000266, -0.6800000000000000488, 3.334999999999999964 ) ) ;
#9962 = CARTESIAN_POINT ( 'NONE',  ( 3.657599999999999962, 0.0000000000000000000, 0.9200000000000000400 ) ) ;
#9963 = AXIS2_PLACEMENT_3D ( 'NONE', #5619, #4834, #10539 ) ;
#9964 = DIRECTION ( 'NONE',  ( 0.0000000000000000000, 1.000000000000000000, 0.0000000000000000000 ) ) ;
#9965 = EDGE_CURVE ( 'NONE', #10321, #5637, #4236, .T. ) ;
#9966 = CARTESIAN_POINT ( 'NONE',  ( -3.194999999999999840, -3.330669073875469621E-16, 1.667499999999999982 ) ) ;
#9967 = LINE ( 'NONE', #5153, #1813 ) ;
#9968 = PLANE ( 'NONE',  #1386 ) ;
#9969 = CARTESIAN_POINT ( 'NONE',  ( 1.885000000000234932, -0.04322605824517084666, -4.500000000000000000 ) ) ;
#9970 = CARTESIAN_POINT ( 'NONE',  ( 4.099999999998840572, -3.750000000001014744, 7.232499999999490115 ) ) ;
#9971 = ORIENTED_EDGE ( 'NONE', *, *, #9010, .F. ) ;
#9972 = STYLED_ITEM ( 'NONE', ( #2308 ), #8277 ) ;
#9973 = DIRECTION ( 'NONE',  ( 0.9690437062361154652, -0.2468892371169171263, 1.186697079788332367E-16 ) ) ;
#9974 = CIRCLE ( 'NONE', #6356, 1.000000000000000000 ) ;
#9975 = CARTESIAN_POINT ( 'NONE',  ( -0.6550000000000000266, -2.180000000000000160, 2.169999999999999929 ) ) ;
#9976 = ADVANCED_FACE ( 'NONE', ( #2823 ), #1984, .T. ) ;
#9977 = CARTESIAN_POINT ( 'NONE',  ( 1.885000000000000009, -0.6800000000000000488, -3.334999999999999964 ) ) ;
#9978 = LINE ( 'NONE', #9987, #3486 ) ;
#9979 = ORIENTED_EDGE ( 'NONE', *, *, #1620, .T. ) ;
#9980 = PRESENTATION_LAYER_ASSIGNMENT (  '', '', ( #8873 ) ) ;
#9981 = VECTOR ( 'NONE', #5478, 1000.000000000000000 ) ;
#9982 = EDGE_CURVE ( 'NONE', #5991, #3951, #8321, .T. ) ;
#9983 = ORIENTED_EDGE ( 'NONE', *, *, #7683, .F. ) ;
#9984 = LINE ( 'NONE', #717, #10351 ) ;
#9985 = VECTOR ( 'NONE', #5353, 1000.000000000000000 ) ;
#9986 = DIRECTION ( 'NONE',  ( -6.123031769111888756E-17, 1.196703554964752142E-12, -1.000000000000000000 ) ) ;
#9987 = CARTESIAN_POINT ( 'NONE',  ( 4.944999999999999396, -3.750000000000104805, -3.734999999852264718 ) ) ;
#9988 = ORIENTED_EDGE ( 'NONE', *, *, #6552, .T. ) ;
#9989 = VECTOR ( 'NONE', #1757, 1000.000000000000000 ) ;
#9990 = EDGE_CURVE ( 'NONE', #3487, #10252, #7172, .T. ) ;
#9991 = DIRECTION ( 'NONE',  ( 1.000000000000000000, 0.0000000000000000000, -6.123031769111888756E-17 ) ) ;
#9992 = ORIENTED_EDGE ( 'NONE', *, *, #684, .F. ) ;
#9993 = DIRECTION ( 'NONE',  ( 0.0000000000000000000, 0.0000000000000000000, -1.000000000000000000 ) ) ;
#9994 = LINE ( 'NONE', #6238, #3506 ) ;
#9995 = DIRECTION ( 'NONE',  ( -1.063253308501543991E-17, 0.9848077530122499867, 0.1736481776666925214 ) ) ;
#9996 = VECTOR ( 'NONE', #2358, 999.9999999999998863 ) ;
#9997 = LINE ( 'NONE', #8899, #3753 ) ;
#9998 = ORIENTED_EDGE ( 'NONE', *, *, #8304, .F. ) ;
#10000 = VERTEX_POINT ( 'NONE', #1204 ) ;
#9999 =( NAMED_UNIT ( * ) SI_UNIT ( $, .STERADIAN. ) SOLID_ANGLE_UNIT ( ) );
#10001 = EDGE_CURVE ( 'NONE', #7746, #10511, #6150, .T. ) ;
#10002 = DIRECTION ( 'NONE',  ( 1.000000000000000000, 6.673570731747099829E-14, 1.224606353822377751E-16 ) ) ;
#10003 = CARTESIAN_POINT ( 'NONE',  ( 1.770000000000000018, -2.180000000000000160, -2.185105896938285053 ) ) ;
#10004 = SURFACE_STYLE_USAGE ( .BOTH. , #4302 ) ;
#10005 = ORIENTED_EDGE ( 'NONE', *, *, #10336, .F. ) ;
#10006 = VECTOR ( 'NONE', #7298, 999.9999999999998863 ) ;
#10007 = ORIENTED_EDGE ( 'NONE', *, *, #8532, .T. ) ;
#10008 = CARTESIAN_POINT ( 'NONE',  ( 5.080000000000000071, -3.399999999999410161, -0.1900000000000555134 ) ) ;
#10009 = CARTESIAN_POINT ( 'NONE',  ( -0.7549999999996730438, 0.6005582141877939817, 4.463516536985700611 ) ) ;
#10010 = EDGE_CURVE ( 'NONE', #10498, #3459, #10234, .T. ) ;
#10011 = ORIENTED_EDGE ( 'NONE', *, *, #6030, .F. ) ;
#10012 = DIRECTION ( 'NONE',  ( -1.000000000000000000, -1.337492208489744030E-13, 0.0000000000000000000 ) ) ;
#10013 = ORIENTED_EDGE ( 'NONE', *, *, #4267, .T. ) ;
#10014 = UNCERTAINTY_MEASURE_WITH_UNIT (LENGTH_MEASURE( 1.000000000000000082E-05 ), #93, 'distance_accuracy_value', 'NONE');
#10015 = VECTOR ( 'NONE', #10199, 1000.000000000000000 ) ;
#10016 = CARTESIAN_POINT ( 'NONE',  ( -1.885000000000234932, 3.650731991911014584E-05, 4.357628357563815058 ) ) ;
#10017 = PRESENTATION_STYLE_ASSIGNMENT (( #2643 ) ) ;
#10018 = PRESENTATION_STYLE_ASSIGNMENT (( #2592 ) ) ;
#10019 = LINE ( 'NONE', #3800, #7857 ) ;
#10020 = STYLED_ITEM ( 'NONE', ( #10497 ), #722 ) ;
#10021 = CARTESIAN_POINT ( 'NONE',  ( 0.7549999999996720446, 3.650732014648385516E-05, -10.25999999999999979 ) ) ;
#10022 = ORIENTED_EDGE ( 'NONE', *, *, #7757, .T. ) ;
#10023 = ORIENTED_EDGE ( 'NONE', *, *, #5218, .T. ) ;
#10024 = LINE ( 'NONE', #7536, #5949 ) ;
#10025 = VERTEX_POINT ( 'NONE', #5233 ) ;
#10026 = LINE ( 'NONE', #183, #5686 ) ;
#10027 = VERTEX_POINT ( 'NONE', #398 ) ;
#10028 = VECTOR ( 'NONE', #8090, 1000.000000000000000 ) ;
#10029 =( GEOMETRIC_REPRESENTATION_CONTEXT ( 3 ) GLOBAL_UNCERTAINTY_ASSIGNED_CONTEXT ( ( #10014 ) ) GLOBAL_UNIT_ASSIGNED_CONTEXT ( ( #93, #5771, #907 ) ) REPRESENTATION_CONTEXT ( 'NONE', 'WORKASPACE' ) );
#10030 = DIRECTION ( 'NONE',  ( 6.123031769111888756E-17, 0.0000000000000000000, 1.000000000000000000 ) ) ;
#10031 = DIRECTION ( 'NONE',  ( 0.0000000000000000000, -1.000000000000000000, 0.0000000000000000000 ) ) ;
#10032 = CARTESIAN_POINT ( 'NONE',  ( -3.294999999999674856, 0.6646145760520409951, 4.620862500821609764 ) ) ;
#10033 = ORIENTED_EDGE ( 'NONE', *, *, #9425, .F. ) ;
#10034 =( GEOMETRIC_REPRESENTATION_CONTEXT ( 3 ) GLOBAL_UNCERTAINTY_ASSIGNED_CONTEXT ( ( #7610 ) ) GLOBAL_UNIT_ASSIGNED_CONTEXT ( ( #2184, #7220, #2440 ) ) REPRESENTATION_CONTEXT ( 'NONE', 'WORKASPACE' ) );
#10035 = EDGE_LOOP ( 'NONE', ( #1444, #2230, #3838, #8968 ) ) ;
#10036 = EDGE_LOOP ( 'NONE', ( #9754, #1427, #10262, #3692 ) ) ;
#10037 = ADVANCED_FACE ( 'NONE', ( #8063 ), #10177, .T. ) ;
#10038 = DIRECTION ( 'NONE',  ( 6.587989989187647596E-14, -0.9848077530122136825, -0.1736481776668984678 ) ) ;
#10039 = ORIENTED_EDGE ( 'NONE', *, *, #10275, .F. ) ;
#10040 = LINE ( 'NONE', #48, #5702 ) ;
#10041 = SURFACE_SIDE_STYLE ('',( #5175 ) ) ;
#10042 = LINE ( 'NONE', #1460, #6471 ) ;
#10043 = FILL_AREA_STYLE ('',( #9201 ) ) ;
#10044 = CARTESIAN_POINT ( 'NONE',  ( 5.080000000000000071, 1.000000000000000000, 4.679999999999999716 ) ) ;
#10045 = CARTESIAN_POINT ( 'NONE',  ( -3.194999999999790230, -0.4000000000000569766, -2.185105896938275283 ) ) ;
#10046 = AXIS2_PLACEMENT_3D ( 'NONE', #794, #3228, #8918 ) ;
#10047 = EDGE_LOOP ( 'NONE', ( #3122, #4289, #953, #7273 ) ) ;
#10048 = CARTESIAN_POINT ( 'NONE',  ( 4.100000000000960654, -3.750000000000144773, -3.884999999852265073 ) ) ;
#10049 = SURFACE_STYLE_USAGE ( .BOTH. , #4334 ) ;
#10050 = ORIENTED_EDGE ( 'NONE', *, *, #8543, .F. ) ;
#10051 = VERTEX_POINT ( 'NONE', #468 ) ;
#10052 =( GEOMETRIC_REPRESENTATION_CONTEXT ( 3 ) GLOBAL_UNCERTAINTY_ASSIGNED_CONTEXT ( ( #3685 ) ) GLOBAL_UNIT_ASSIGNED_CONTEXT ( ( #4001, #9707, #4829 ) ) REPRESENTATION_CONTEXT ( 'NONE', 'WORKASPACE' ) );
#10053 = FILL_AREA_STYLE_COLOUR ( '', #4615 ) ;
#10054 = EDGE_CURVE ( 'NONE', #285, #4512, #7294, .T. ) ;
#10055 = ORIENTED_EDGE ( 'NONE', *, *, #9529, .F. ) ;
#10056 = CARTESIAN_POINT ( 'NONE',  ( 0.9799999999990369748, -3.750000000000104805, 3.734999999852260277 ) ) ;
#10057 = LINE ( 'NONE', #710, #3568 ) ;
#10058 = ORIENTED_EDGE ( 'NONE', *, *, #4820, .F. ) ;
#10059 = EDGE_CURVE ( 'NONE', #10051, #9251, #807, .T. ) ;
#10060 = ORIENTED_EDGE ( 'NONE', *, *, #2135, .F. ) ;
#10061 =( NAMED_UNIT ( * ) SI_UNIT ( $, .STERADIAN. ) SOLID_ANGLE_UNIT ( ) );
#10062 = SURFACE_STYLE_USAGE ( .BOTH. , #4348 ) ;
#10063 = EDGE_CURVE ( 'NONE', #9372, #7847, #7042, .T. ) ;
#10064 = VECTOR ( 'NONE', #4203, 1000.000000000000000 ) ;
#10065 = ORIENTED_EDGE ( 'NONE', *, *, #5779, .F. ) ;
#10066 = EDGE_CURVE ( 'NONE', #662, #5099, #4863, .T. ) ;
#10067 = CARTESIAN_POINT ( 'NONE',  ( 5.080000000000000071, 8.272839892444299875E-16, -4.503673019291570156 ) ) ;
#10068 =( NAMED_UNIT ( * ) PLANE_ANGLE_UNIT ( ) SI_UNIT ( $, .RADIAN. ) );
#10069 = AXIS2_PLACEMENT_3D ( 'NONE', #3444, #9106, #4229 ) ;
#10070 = DIRECTION ( 'NONE',  ( 1.000000000000000000, 0.0000000000000000000, -6.123031769111888756E-17 ) ) ;
#10071 = DIRECTION ( 'NONE',  ( 1.000000000000000000, -4.547473508868780324E-12, 8.017810433535239508E-13 ) ) ;
#10072 = VECTOR ( 'NONE', #6331, 1000.000000000000000 ) ;
#10073 = CARTESIAN_POINT ( 'NONE',  ( 1.885000000000209841, -0.3902521710449980419, -4.288809933303045163 ) ) ;
#10074 = EDGE_CURVE ( 'NONE', #3779, #7202, #554, .T. ) ;
#10075 = ORIENTED_EDGE ( 'NONE', *, *, #6222, .F. ) ;
#10076 =( LENGTH_UNIT ( ) NAMED_UNIT ( * ) SI_UNIT ( .MILLI., .METRE. ) );
#10077 = DIRECTION ( 'NONE',  ( -6.673570731747099829E-14, -1.000000000000000000, -1.730217700714489821E-16 ) ) ;
#10078 = CARTESIAN_POINT ( 'NONE',  ( 0.3525000000033390313, 3.650734164470369902E-05, 4.503679456520889524 ) ) ;
#10079 = CARTESIAN_POINT ( 'NONE',  ( -1.269999999999974039, -7.150999999999920753, -3.884999999852265073 ) ) ;
#10080 = ADVANCED_FACE ( 'NONE', ( #2945 ), #6535, .T. ) ;
#10081 = DIRECTION ( 'NONE',  ( -1.000000000000000000, 0.0000000000000000000, -6.123031769111888756E-17 ) ) ;
#10082 = ORIENTED_EDGE ( 'NONE', *, *, #514, .F. ) ;
#10083 = VERTEX_POINT ( 'NONE', #2923 ) ;
#10084 = LINE ( 'NONE', #3142, #8173 ) ;
#10085 = MECHANICAL_DESIGN_GEOMETRIC_PRESENTATION_REPRESENTATION (  '', ( #8441 ), #76 ) ;
#10086 = FACE_OUTER_BOUND ( 'NONE', #1499, .T. ) ;
#10087 = DIRECTION ( 'NONE',  ( 1.000000000000000000, 0.0000000000000000000, -6.123031769111888756E-17 ) ) ;
#10088 = VECTOR ( 'NONE', #2786, 1000.000000000000000 ) ;
#10089 = AXIS2_PLACEMENT_3D ( 'NONE', #2946, #4586, #10308 ) ;
#10090 = ORIENTED_EDGE ( 'NONE', *, *, #726, .T. ) ;
#10091 = FACE_OUTER_BOUND ( 'NONE', #2449, .T. ) ;
#10092 = AXIS2_PLACEMENT_3D ( 'NONE', #1316, #2130, #7833 ) ;
#10093 =( NAMED_UNIT ( * ) SI_UNIT ( $, .STERADIAN. ) SOLID_ANGLE_UNIT ( ) );
#10094 = CARTESIAN_POINT ( 'NONE',  ( -4.425000000000184563, -0.3902521710451150594, -4.288809933303020294 ) ) ;
#10095 = EDGE_CURVE ( 'NONE', #2513, #1624, #302, .T. ) ;
#10096 = FILL_AREA_STYLE_COLOUR ( '', #10388 ) ;
#10097 = PLANE ( 'NONE',  #3086 ) ;
#10098 = ORIENTED_EDGE ( 'NONE', *, *, #7559, .F. ) ;
#10099 = LINE ( 'NONE', #9711, #3361 ) ;
#10100 = FILL_AREA_STYLE_COLOUR ( '', #158 ) ;
#10101 = CARTESIAN_POINT ( 'NONE',  ( 4.425000000000229861, -0.04322605824516719680, 4.500000000000000000 ) ) ;
#10102 = LINE ( 'NONE', #5742, #1193 ) ;
#10103 = EDGE_LOOP ( 'NONE', ( #268, #3231, #5600, #3366, #2364, #1234, #2968, #6074, #627 ) ) ;
#10104 = SURFACE_STYLE_USAGE ( .BOTH. , #4404 ) ;
#10105 = CARTESIAN_POINT ( 'NONE',  ( -4.375000000000280664, 3.650732014648385516E-05, 10.25999999999999979 ) ) ;
#10106 = CARTESIAN_POINT ( 'NONE',  ( 3.476948480877809722, -6.248777273997109916, -3.884999999852265073 ) ) ;
#10107 = AXIS2_PLACEMENT_3D ( 'NONE', #9190, #4320, #10030 ) ;
#10108 = ORIENTED_EDGE ( 'NONE', *, *, #5074, .T. ) ;
#10109 = CARTESIAN_POINT ( 'NONE',  ( 0.6550000000000000266, -2.180000000000000160, -2.169999999999999929 ) ) ;
#10110 = DIRECTION ( 'NONE',  ( -1.000000000000000000, 0.0000000000000000000, 6.123031769111888756E-17 ) ) ;
#10111 = VECTOR ( 'NONE', #6406, 1000.000000000000000 ) ;
#10112 = AXIS2_PLACEMENT_3D ( 'NONE', #10195, #1268, #6945 ) ;
#10113 = LINE ( 'NONE', #6877, #9867 ) ;
#10114 = EDGE_CURVE ( 'NONE', #9083, #7934, #2444, .T. ) ;
#10115 = ORIENTED_EDGE ( 'NONE', *, *, #10503, .F. ) ;
#10116 = LINE ( 'NONE', #3156, #5786 ) ;
#10117 = VECTOR ( 'NONE', #9671, 1000.000000000000000 ) ;
#10118 = CARTESIAN_POINT ( 'NONE',  ( 3.194999999999835083, -1.071254713756893961, 4.063030467039109972 ) ) ;
#10119 = VERTEX_POINT ( 'NONE', #5376 ) ;
#10120 = CARTESIAN_POINT ( 'NONE',  ( -4.424999999999999822, -1.364496228814613854, -4.336037564729834592 ) ) ;
#10121 = VECTOR ( 'NONE', #3474, 1000.000000000000114 ) ;
#10122 = ORIENTED_EDGE ( 'NONE', *, *, #8639, .T. ) ;
#10123 = CARTESIAN_POINT ( 'NONE',  ( -1.785000000000329878, 0.1836702602581204991, 7.348433255235988781 ) ) ;
#10124 = CARTESIAN_POINT ( 'NONE',  ( 5.080000000000000071, -1.375000000000227818, 5.079999999999810001 ) ) ;
#10125 = ORIENTED_EDGE ( 'NONE', *, *, #3567, .T. ) ;
#10126 = EDGE_LOOP ( 'NONE', ( #1018, #9139, #6671, #3116, #1681, #9614, #3316, #7292, #10387 ) ) ;
#10127 = EDGE_CURVE ( 'NONE', #9364, #22, #8678, .T. ) ;
#10128 = VECTOR ( 'NONE', #293, 1000.000000000000000 ) ;
#10129 = AXIS2_PLACEMENT_3D ( 'NONE', #9861, #8271, #3391 ) ;
#10130 = UNCERTAINTY_MEASURE_WITH_UNIT (LENGTH_MEASURE( 1.000000000000000082E-05 ), #10076, 'distance_accuracy_value', 'NONE');
#10131 = ADVANCED_FACE ( 'NONE', ( #53 ), #7033, .T. ) ;
#10132 = VERTEX_POINT ( 'NONE', #2155 ) ;
#10133 = VECTOR ( 'NONE', #9520, 1000.000000000000000 ) ;
#10134 = ORIENTED_EDGE ( 'NONE', *, *, #1196, .T. ) ;
#10135 = EDGE_CURVE ( 'NONE', #1006, #2627, #2187, .T. ) ;
#10136 = ORIENTED_EDGE ( 'NONE', *, *, #396, .F. ) ;
#10137 = VECTOR ( 'NONE', #6913, 1000.000000000000000 ) ;
#10138 = VERTEX_POINT ( 'NONE', #6250 ) ;
#10139 = CARTESIAN_POINT ( 'NONE',  ( -4.425000000000155254, -1.227030387021919910, 4.186245315462254979 ) ) ;
#10140 = UNCERTAINTY_MEASURE_WITH_UNIT (LENGTH_MEASURE( 1.000000000000000082E-05 ), #2443, 'distance_accuracy_value', 'NONE');
#10141 = FILL_AREA_STYLE ('',( #10096 ) ) ;
#10142 = ORIENTED_EDGE ( 'NONE', *, *, #1136, .T. ) ;
#10143 = LINE ( 'NONE', #4774, #3649 ) ;
#10144 = DIRECTION ( 'NONE',  ( -1.000000000000000000, 0.0000000000000000000, 0.0000000000000000000 ) ) ;
#10145 = FACE_OUTER_BOUND ( 'NONE', #6934, .T. ) ;
#10146 = CARTESIAN_POINT ( 'NONE',  ( -4.809999999999999609, -7.250000000000000000, 3.884999999852265073 ) ) ;
#10147 = EDGE_CURVE ( 'NONE', #7452, #5289, #4100, .T. ) ;
#10148 = FACE_OUTER_BOUND ( 'NONE', #2871, .T. ) ;
#10149 = ORIENTED_EDGE ( 'NONE', *, *, #6530, .T. ) ;
#10150 = SURFACE_SIDE_STYLE ('',( #1458 ) ) ;
#10151 = DIRECTION ( 'NONE',  ( -1.000000000000000000, -3.681132786215100208E-13, -1.224606353822377751E-16 ) ) ;
#10152 = ORIENTED_EDGE ( 'NONE', *, *, #2010, .T. ) ;
#10153 = ORIENTED_EDGE ( 'NONE', *, *, #8212, .T. ) ;
#10154 = SURFACE_STYLE_USAGE ( .BOTH. , #9291 ) ;
#10155 = AXIS2_PLACEMENT_3D ( 'NONE', #5040, #9973, #2589 ) ;
#10156 = FACE_OUTER_BOUND ( 'NONE', #10383, .T. ) ;
#10157 =( NAMED_UNIT ( * ) SI_UNIT ( $, .STERADIAN. ) SOLID_ANGLE_UNIT ( ) );
#10158 = ORIENTED_EDGE ( 'NONE', *, *, #9664, .F. ) ;
#10159 = DIRECTION ( 'NONE',  ( -1.000000000000000000, 0.0000000000000000000, 0.0000000000000000000 ) ) ;
#10160 = LINE ( 'NONE', #7796, #2510 ) ;
#10161 = VECTOR ( 'NONE', #9742, 1000.000000000000114 ) ;
#10162 = DIRECTION ( 'NONE',  ( 0.0000000000000000000, -1.000000000000000000, 0.0000000000000000000 ) ) ;
#10163 = ORIENTED_EDGE ( 'NONE', *, *, #254, .T. ) ;
#10164 = CARTESIAN_POINT ( 'NONE',  ( 1.785000000000324993, 0.1836702602581190280, 7.348433255235999439 ) ) ;
#10165 = ORIENTED_EDGE ( 'NONE', *, *, #2750, .T. ) ;
#10166 = PRESENTATION_LAYER_ASSIGNMENT (  '', '', ( #9599 ) ) ;
#10167 = ORIENTED_EDGE ( 'NONE', *, *, #703, .T. ) ;
#10168 = DIRECTION ( 'NONE',  ( 1.059417794895478013E-32, 1.000000000000000000, 1.730217700714529757E-16 ) ) ;
#10169 = ORIENTED_EDGE ( 'NONE', *, *, #3581, .T. ) ;
#10170 = DIRECTION ( 'NONE',  ( 1.000000000000000000, 0.0000000000000000000, 6.123031769111888756E-17 ) ) ;
#10171 =( GEOMETRIC_REPRESENTATION_CONTEXT ( 3 ) GLOBAL_UNCERTAINTY_ASSIGNED_CONTEXT ( ( #3359 ) ) GLOBAL_UNIT_ASSIGNED_CONTEXT ( ( #5321, #5083, #265 ) ) REPRESENTATION_CONTEXT ( 'NONE', 'WORKASPACE' ) );
#10172 = FACE_OUTER_BOUND ( 'NONE', #1429, .T. ) ;
#10173 = EDGE_CURVE ( 'NONE', #2625, #6593, #10347, .T. ) ;
#10174 = ORIENTED_EDGE ( 'NONE', *, *, #10458, .T. ) ;
#10175 = CIRCLE ( 'NONE', #1590, 0.1000000000000807049 ) ;
#10176 = ORIENTED_EDGE ( 'NONE', *, *, #5281, .F. ) ;
#10177 = PLANE ( 'NONE',  #8627 ) ;
#10178 = PLANE ( 'NONE',  #6706 ) ;
#10179 = CARTESIAN_POINT ( 'NONE',  ( 0.6549999999997749844, -0.08215671584620011514, -4.489186573641470446 ) ) ;
#10180 = CARTESIAN_POINT ( 'NONE',  ( -1.284106735979636094, -7.250000000000000000, -3.809999999852264896 ) ) ;
#10181 = STYLED_ITEM ( 'NONE', ( #2697 ), #8081 ) ;
#10182 = CARTESIAN_POINT ( 'NONE',  ( 1.270000000000025997, -7.150999999999920753, -3.884999999852265073 ) ) ;
#10183 = FILL_AREA_STYLE_COLOUR ( '', #7541 ) ;
#10184 = CARTESIAN_POINT ( 'NONE',  ( 0.6549999999999069900, -1.071254713756893961, -4.063030467039109972 ) ) ;
#10185 = ORIENTED_EDGE ( 'NONE', *, *, #8017, .T. ) ;
#10186 = PRESENTATION_LAYER_ASSIGNMENT (  '', '', ( #9627 ) ) ;
#10187 = FILL_AREA_STYLE_COLOUR ( '', #7551 ) ;
#10188 = SURFACE_STYLE_USAGE ( .BOTH. , #4465 ) ;
#10189 = DIRECTION ( 'NONE',  ( -1.000000000000000000, 0.0000000000000000000, 6.123031769111888756E-17 ) ) ;
#10190 = EDGE_CURVE ( 'NONE', #1274, #4785, #8439, .T. ) ;
#10191 = CARTESIAN_POINT ( 'NONE',  ( 2.810000000000000053, -1.099477705281763917, 4.186245315462254979 ) ) ;
#10192 = VECTOR ( 'NONE', #2692, 1000.000000000000000 ) ;
#10193 = ADVANCED_FACE ( 'NONE', ( #10091 ), #607, .T. ) ;
#10194 = DIRECTION ( 'NONE',  ( -1.000000000000000000, -2.273736754434390162E-12, 0.0000000000000000000 ) ) ;
#10195 = CARTESIAN_POINT ( 'NONE',  ( 1.463296291314389874, -6.797318496377550368, -10.25999999999999979 ) ) ;
#10196 = ORIENTED_EDGE ( 'NONE', *, *, #5201, .T. ) ;
#10197 = VERTEX_POINT ( 'NONE', #5458 ) ;
#10198 = DIRECTION ( 'NONE',  ( 1.000000000000000000, 0.0000000000000000000, 6.123031769111888756E-17 ) ) ;
#10199 = DIRECTION ( 'NONE',  ( 0.0000000000000000000, -1.000000000000000000, 0.0000000000000000000 ) ) ;
#10200 = VECTOR ( 'NONE', #8920, 1000.000000000000000 ) ;
#10201 = CARTESIAN_POINT ( 'NONE',  ( -3.713407417371199948, -7.176881904510220345, -3.734999999852264718 ) ) ;
#10202 = VERTEX_POINT ( 'NONE', #8730 ) ;
#10203 = DIRECTION ( 'NONE',  ( -1.000000000000000000, 0.0000000000000000000, 6.123031769111888756E-17 ) ) ;
#10204 = ADVANCED_FACE ( 'NONE', ( #5770 ), #9552, .T. ) ;
#10205 = EDGE_CURVE ( 'NONE', #9607, #10025, #6025, .T. ) ;
#10206 = VERTEX_POINT ( 'NONE', #639 ) ;
#10207 = EDGE_LOOP ( 'NONE', ( #7673, #6293, #9499, #8120 ) ) ;
#10208 = EDGE_CURVE ( 'NONE', #5190, #1265, #1439, .T. ) ;
#10209 = CARTESIAN_POINT ( 'NONE',  ( 3.294999999999669527, 0.3432682536601989742, 10.25999999999999979 ) ) ;
#10210 = DIRECTION ( 'NONE',  ( 1.000000000000000000, 0.0000000000000000000, -6.123031769111888756E-17 ) ) ;
#10211 = AXIS2_PLACEMENT_3D ( 'NONE', #8665, #5466, #619 ) ;
#10212 = DIRECTION ( 'NONE',  ( 7.327453885258310389E-29, 1.000000000000000000, 1.196703554964752142E-12 ) ) ;
#10213 = DIRECTION ( 'NONE',  ( 1.000000000000000000, 0.0000000000000000000, -6.123031769111888756E-17 ) ) ;
#10214 = CARTESIAN_POINT ( 'NONE',  ( -4.688081641152270329, -1.875000000000000000, -0.9199999999989690869 ) ) ;
#10215 = AXIS2_PLACEMENT_3D ( 'NONE', #5668, #5410, #4922 ) ;
#10216 = CARTESIAN_POINT ( 'NONE',  ( 3.906592582628969801, -7.176881904510159949, 3.884999999852265073 ) ) ;
#10217 = LINE ( 'NONE', #7009, #9959 ) ;
#10218 = CARTESIAN_POINT ( 'NONE',  ( -4.425000000000155254, -0.6264186456785509893, -3.346222332753779671 ) ) ;
#10219 = EDGE_CURVE ( 'NONE', #9409, #7535, #3603, .T. ) ;
#10220 =( NAMED_UNIT ( * ) SI_UNIT ( $, .STERADIAN. ) SOLID_ANGLE_UNIT ( ) );
#10221 = CARTESIAN_POINT ( 'NONE',  ( -3.519999999999039897, -3.750000000000144773, -3.884999999852260189 ) ) ;
#10222 = CARTESIAN_POINT ( 'NONE',  ( -2.270000000000000018, -0.1618430139594435047, 2.597605896938239844 ) ) ;
#10223 = CARTESIAN_POINT ( 'NONE',  ( 3.294999999999674856, 0.6865000000000239799, -4.496744093870610470 ) ) ;
#10224 = CYLINDRICAL_SURFACE ( 'NONE', #813, 0.1000000000000804967 ) ;
#10225 = MECHANICAL_DESIGN_GEOMETRIC_PRESENTATION_REPRESENTATION (  '', ( #8568 ), #205 ) ;
#10226 = LINE ( 'NONE', #4321, #8055 ) ;
#10227 = DIRECTION ( 'NONE',  ( -1.063253308502803550E-17, 0.9848077530122136825, 0.1736481776668984400 ) ) ;
#10228 = CLOSED_SHELL ( 'NONE', ( #3936, #751, #2071, #1505, #7419, #936 ) ) ;
#10229 = PLANE ( 'NONE',  #950 ) ;
#10230 = FACE_OUTER_BOUND ( 'NONE', #2992, .T. ) ;
#10231 = CARTESIAN_POINT ( 'NONE',  ( -0.6550000000000000266, -0.6800000000000000488, 3.334999999999999964 ) ) ;
#10232 = LINE ( 'NONE', #2614, #7815 ) ;
#10233 = ORIENTED_EDGE ( 'NONE', *, *, #7678, .F. ) ;
#10234 = LINE ( 'NONE', #6082, #5905 ) ;
#10235 = PLANE ( 'NONE',  #8450 ) ;
#10236 = VECTOR ( 'NONE', #6770, 1000.000000000000114 ) ;
#10237 = AXIS2_PLACEMENT_3D ( 'NONE', #10303, #5398, #545 ) ;
#10238 = ADVANCED_FACE ( 'NONE', ( #7931 ), #8767, .T. ) ;
#10239 = ORIENTED_EDGE ( 'NONE', *, *, #5266, .F. ) ;
#10240 = VECTOR ( 'NONE', #2875, 1000.000000000000000 ) ;
#10241 = VECTOR ( 'NONE', #6193, 1000.000000000000114 ) ;
#10242 = ORIENTED_EDGE ( 'NONE', *, *, #3614, .F. ) ;
#10243 = AXIS2_PLACEMENT_3D ( 'NONE', #7698, #10151, #5244 ) ;
#10244 = VECTOR ( 'NONE', #929, 1000.000000000000000 ) ;
#10245 = PLANE ( 'NONE',  #9419 ) ;
#10246 = EDGE_CURVE ( 'NONE', #2143, #1644, #1698, .T. ) ;
#10247 = DIRECTION ( 'NONE',  ( -6.585863482570637934E-14, -0.9848077530122136825, 0.1736481776668984678 ) ) ;
#10248 =( NAMED_UNIT ( * ) PLANE_ANGLE_UNIT ( ) SI_UNIT ( $, .RADIAN. ) );
#10249 = DIRECTION ( 'NONE',  ( -3.342835721018934545E-31, -1.000000000000000000, -5.459445332101871020E-15 ) ) ;
#10250 = DIRECTION ( 'NONE',  ( 6.123031769111888756E-17, 0.0000000000000000000, 1.000000000000000000 ) ) ;
#10251 = CARTESIAN_POINT ( 'NONE',  ( 4.325000000000325251, 0.6865000000000239799, 4.478670392594660044 ) ) ;
#10252 = VERTEX_POINT ( 'NONE', #8792 ) ;
#10253 = ADVANCED_FACE ( 'NONE', ( #5491 ), #3930, .T. ) ;
#10254 = ORIENTED_EDGE ( 'NONE', *, *, #5885, .T. ) ;
#10255 = VECTOR ( 'NONE', #859, 1000.000000000000114 ) ;
#10256 = FILL_AREA_STYLE_COLOUR ( '', #3143 ) ;
#10257 = AXIS2_PLACEMENT_3D ( 'NONE', #3053, #4699, #10408 ) ;
#10258 = DIRECTION ( 'NONE',  ( -1.000000000000000000, -4.547473508868780324E-12, -8.017810433524899750E-13 ) ) ;
#10259 = DIRECTION ( 'NONE',  ( -6.030009158161467605E-17, -0.1736481776669020483, -0.9848077530122131273 ) ) ;
#10260 = CARTESIAN_POINT ( 'NONE',  ( 1.284106735979687830, -7.250000000000000000, -3.734999999852264718 ) ) ;
#10261 = DIRECTION ( 'NONE',  ( -1.000000000000000000, 0.0000000000000000000, 6.123031769111888756E-17 ) ) ;
#10262 = ORIENTED_EDGE ( 'NONE', *, *, #9048, .T. ) ;
#10263 = VECTOR ( 'NONE', #9721, 999.9999999999998863 ) ;
#10264 = ORIENTED_EDGE ( 'NONE', *, *, #8220, .T. ) ;
#10265 = PLANE ( 'NONE',  #10237 ) ;
#10266 = VERTEX_POINT ( 'NONE', #10446 ) ;
#10267 = LINE ( 'NONE', #6130, #10015 ) ;
#10268 = CARTESIAN_POINT ( 'NONE',  ( -4.424999999999945643, -2.180000000000000160, -2.185105896938285053 ) ) ;
#10269 = EDGE_CURVE ( 'NONE', #5815, #104, #4727, .T. ) ;
#10270 = LINE ( 'NONE', #5062, #3523 ) ;
#10271 = CARTESIAN_POINT ( 'NONE',  ( 3.824106735979635019, -7.250000000000000000, 3.734999999852264718 ) ) ;
#10272 = CARTESIAN_POINT ( 'NONE',  ( 3.194999999999845297, -1.227030387021919910, 4.186245315462254979 ) ) ;
#10273 = VECTOR ( 'NONE', #4896, 1000.000000000000000 ) ;
#10274 = VERTEX_POINT ( 'NONE', #5601 ) ;
#10275 = EDGE_CURVE ( 'NONE', #10372, #9384, #1185, .T. ) ;
#10276 = ORIENTED_EDGE ( 'NONE', *, *, #2339, .F. ) ;
#10277 = FACE_OUTER_BOUND ( 'NONE', #3360, .T. ) ;
#10278 = ORIENTED_EDGE ( 'NONE', *, *, #1688, .F. ) ;
#10279 = UNCERTAINTY_MEASURE_WITH_UNIT (LENGTH_MEASURE( 1.000000000000000082E-05 ), #7563, 'distance_accuracy_value', 'NONE');
#10280 = AXIS2_PLACEMENT_3D ( 'NONE', #8692, #3829, #9530 ) ;
#10281 = ORIENTED_EDGE ( 'NONE', *, *, #67, .T. ) ;
#10282 = LINE ( 'NONE', #5778, #5416 ) ;
#10283 = EDGE_CURVE ( 'NONE', #7989, #8238, #3507, .T. ) ;
#10284 = CARTESIAN_POINT ( 'NONE',  ( 1.885000000000000009, -0.6800000000000000488, -2.169999999999999929 ) ) ;
#10285 = VECTOR ( 'NONE', #4070, 1000.000000000000114 ) ;
#10286 = EDGE_LOOP ( 'NONE', ( #7183, #1229, #5554, #5837 ) ) ;
#10287 = DIRECTION ( 'NONE',  ( -0.2468892371169170985, -0.9690437062361153542, 1.525485509063870532E-16 ) ) ;
#10288 = ORIENTED_EDGE ( 'NONE', *, *, #199, .F. ) ;
#10289 = ORIENTED_EDGE ( 'NONE', *, *, #4299, .F. ) ;
#10290 = CARTESIAN_POINT ( 'NONE',  ( -3.194999999999879936, -1.699963492679900101, -10.25999999999999979 ) ) ;
#10291 = CARTESIAN_POINT ( 'NONE',  ( 0.6350000000000000089, 3.885780586188049864E-16, -2.169999999999999929 ) ) ;
#10292 = ORIENTED_EDGE ( 'NONE', *, *, #3588, .F. ) ;
#10293 = EDGE_CURVE ( 'NONE', #2995, #1231, #7837, .T. ) ;
#10294 = CARTESIAN_POINT ( 'NONE',  ( -3.194999999999774687, -0.08215671584603789768, 4.489186573641520184 ) ) ;
#10295 = VECTOR ( 'NONE', #4646, 1000.000000000000000 ) ;
#10296 = DIRECTION ( 'NONE',  ( -1.397654582882283012E-29, -1.000000000000000000, -2.282618538634509901E-13 ) ) ;
#10297 = AXIS2_PLACEMENT_3D ( 'NONE', #3955, #5502, #7156 ) ;
#10298 = ORIENTED_EDGE ( 'NONE', *, *, #5486, .F. ) ;
#10299 = DIRECTION ( 'NONE',  ( 3.342835721018934545E-31, 1.000000000000000000, 5.459445332101871020E-15 ) ) ;
#10300 = DIRECTION ( 'NONE',  ( 1.063253308502823887E-17, -0.9848077530122131273, 0.1736481776669020483 ) ) ;
#10301 = VERTEX_POINT ( 'NONE', #6421 ) ;
#10302 = ORIENTED_EDGE ( 'NONE', *, *, #7675, .T. ) ;
#10303 = CARTESIAN_POINT ( 'NONE',  ( 5.080000000000000071, -3.225000000000365130, 0.9199999999999580735 ) ) ;
#10304 = CARTESIAN_POINT ( 'NONE',  ( 1.785000000000324993, 3.650732014648385516E-05, 4.357628357563855026 ) ) ;
#10305 = PRESENTATION_LAYER_ASSIGNMENT (  '', '', ( #9751 ) ) ;
#10306 = VERTEX_POINT ( 'NONE', #3990 ) ;
#10307 = SURFACE_SIDE_STYLE ('',( #4514 ) ) ;
#10308 = DIRECTION ( 'NONE',  ( 6.687461042448720151E-14, 1.000000000000000000, 0.0000000000000000000 ) ) ;
#10309 = ADVANCED_FACE ( 'NONE', ( #5657 ), #6660, .T. ) ;
#10310 =( GEOMETRIC_REPRESENTATION_CONTEXT ( 3 ) GLOBAL_UNCERTAINTY_ASSIGNED_CONTEXT ( ( #6354 ) ) GLOBAL_UNIT_ASSIGNED_CONTEXT ( ( #5112, #266, #5958 ) ) REPRESENTATION_CONTEXT ( 'NONE', 'WORKASPACE' ) );
#10311 = EDGE_CURVE ( 'NONE', #6737, #9074, #3229, .T. ) ;
#10312 = VECTOR ( 'NONE', #4749, 1000.000000000000000 ) ;
#10313 = VERTEX_POINT ( 'NONE', #5056 ) ;
#10314 = ORIENTED_EDGE ( 'NONE', *, *, #5908, .F. ) ;
#10315 = DIRECTION ( 'NONE',  ( -1.000000000000000000, 0.0000000000000000000, 6.123031769111888756E-17 ) ) ;
#10316 = DIRECTION ( 'NONE',  ( -1.000000000000000000, 3.185316169981599645E-29, -6.123031769111888756E-17 ) ) ;
#10317 = DIRECTION ( 'NONE',  ( 1.000000000000000000, -2.273736754434390162E-12, 1.224606353822375779E-16 ) ) ;
#10318 = LINE ( 'NONE', #4955, #10064 ) ;
#10319 = AXIS2_PLACEMENT_3D ( 'NONE', #10450, #5571, #706 ) ;
#10320 = ORIENTED_EDGE ( 'NONE', *, *, #2014, .T. ) ;
#10321 = VERTEX_POINT ( 'NONE', #980 ) ;
#10322 =( LENGTH_UNIT ( ) NAMED_UNIT ( * ) SI_UNIT ( .MILLI., .METRE. ) );
#10323 = EDGE_CURVE ( 'NONE', #10051, #8645, #1086, .T. ) ;
#10324 = CARTESIAN_POINT ( 'NONE',  ( -4.688081641154060897, -2.700000000000729816, 0.9199999999997320321 ) ) ;
#10325 = CARTESIAN_POINT ( 'NONE',  ( -0.6550000000000000266, -0.6800000000000000488, -3.334999999999999964 ) ) ;
#10326 = PLANE ( 'NONE',  #6013 ) ;
#10327 = DIRECTION ( 'NONE',  ( 0.0000000000000000000, 1.000000000000000000, 0.0000000000000000000 ) ) ;
#10328 = CARTESIAN_POINT ( 'NONE',  ( 3.906592582628964472, -7.176881904510159949, 10.25999999999999979 ) ) ;
#10329 = ORIENTED_EDGE ( 'NONE', *, *, #945, .F. ) ;
#10330 = UNCERTAINTY_MEASURE_WITH_UNIT (LENGTH_MEASURE( 1.000000000000000082E-05 ), #8647, 'distance_accuracy_value', 'NONE');
#10331 = EDGE_CURVE ( 'NONE', #1231, #9894, #5385, .T. ) ;
#10332 = DIRECTION ( 'NONE',  ( 0.0000000000000000000, -1.000000000000000000, 0.0000000000000000000 ) ) ;
#10333 = ORIENTED_EDGE ( 'NONE', *, *, #4588, .F. ) ;
#10334 = CARTESIAN_POINT ( 'NONE',  ( -1.173407417371032047, -7.176881904510159949, 3.884999999852265073 ) ) ;
#10335 = FILL_AREA_STYLE_COLOUR ( '', #1971 ) ;
#10336 = EDGE_CURVE ( 'NONE', #7882, #2677, #9468, .T. ) ;
#10337 = ORIENTED_EDGE ( 'NONE', *, *, #9669, .F. ) ;
#10338 = VECTOR ( 'NONE', #8793, 1000.000000000000114 ) ;
#10339 = CYLINDRICAL_SURFACE ( 'NONE', #7515, 0.2749999999999206968 ) ;
#10340 = EDGE_CURVE ( 'NONE', #10274, #9892, #9730, .T. ) ;
#10341 = CARTESIAN_POINT ( 'NONE',  ( 0.1350000000000000089, -3.750000000000144773, 3.884999999852265073 ) ) ;
#10342 = CARTESIAN_POINT ( 'NONE',  ( 1.560000000000959952, -3.750000000000144773, -3.884999999852260189 ) ) ;
#10343 = CARTESIAN_POINT ( 'NONE',  ( 4.809999999999999609, -7.250000000000000000, -3.734999999852264718 ) ) ;
#10344 = AXIS2_PLACEMENT_3D ( 'NONE', #4193, #5870, #1037 ) ;
#10345 = SURFACE_STYLE_FILL_AREA ( #6753 ) ;
#10346 = ORIENTED_EDGE ( 'NONE', *, *, #6136, .F. ) ;
#10347 = LINE ( 'NONE', #5419, #8188 ) ;
#10348 = ADVANCED_FACE ( 'NONE', ( #5137 ), #5920, .T. ) ;
#10349 = VERTEX_POINT ( 'NONE', #2670 ) ;
#10350 = DIRECTION ( 'NONE',  ( -6.585863482570637934E-14, -0.9848077530122136825, 0.1736481776668984678 ) ) ;
#10351 = VECTOR ( 'NONE', #4756, 1000.000000000000000 ) ;
#10352 = DIRECTION ( 'NONE',  ( -1.942265957311405000E-32, -1.000000000000000000, -3.172065784648250136E-16 ) ) ;
#10353 = PLANE ( 'NONE',  #7180 ) ;
#10354 = PRESENTATION_LAYER_ASSIGNMENT (  '', '', ( #9270 ) ) ;
#10355 = LINE ( 'NONE', #242, #1707 ) ;
#10356 = ORIENTED_EDGE ( 'NONE', *, *, #4807, .T. ) ;
#10357 = DIRECTION ( 'NONE',  ( -1.000000000000000000, 0.0000000000000000000, 6.123031769111888756E-17 ) ) ;
#10358 = PRESENTATION_STYLE_ASSIGNMENT (( #286 ) ) ;
#10359 = AXIS2_PLACEMENT_3D ( 'NONE', #8174, #8152, #8296 ) ;
#10360 = EDGE_CURVE ( 'NONE', #564, #9606, #2961, .T. ) ;
#10361 = ORIENTED_EDGE ( 'NONE', *, *, #259, .T. ) ;
#10362 = LINE ( 'NONE', #4760, #8452 ) ;
#10363 = DIRECTION ( 'NONE',  ( -5.202631688678576249E-17, -0.5272949808244127290, -0.8496822954477646350 ) ) ;
#10364 = LINE ( 'NONE', #3411, #6184 ) ;
#10365 = COLOUR_RGB ( '',0.1411764705882352922, 0.1411764705882352922, 0.1411764705882352922 ) ;
#10366 = ORIENTED_EDGE ( 'NONE', *, *, #7114, .T. ) ;
#10367 = VECTOR ( 'NONE', #7151, 1000.000000000000000 ) ;
#10368 = STYLED_ITEM ( 'NONE', ( #3070 ), #7859 ) ;
#10369 = ORIENTED_EDGE ( 'NONE', *, *, #7046, .T. ) ;
#10370 = ORIENTED_EDGE ( 'NONE', *, *, #6111, .F. ) ;
#10371 = FACE_OUTER_BOUND ( 'NONE', #6595, .T. ) ;
#10372 = VERTEX_POINT ( 'NONE', #5960 ) ;
#10373 = DIRECTION ( 'NONE',  ( -6.030009158161699333E-17, -0.1736481776666925214, -0.9848077530122499867 ) ) ;
#10374 = DIRECTION ( 'NONE',  ( 1.316960045852425737E-13, 0.9848077530122136825, 0.1736481776668984678 ) ) ;
#10375 = EDGE_CURVE ( 'NONE', #5158, #4060, #828, .T. ) ;
#10376 = ORIENTED_EDGE ( 'NONE', *, *, #6530, .F. ) ;
#10377 = VECTOR ( 'NONE', #10081, 1000.000000000000000 ) ;
#10378 = DIRECTION ( 'NONE',  ( -3.681132786215100208E-13, -1.000000000000000000, -1.730217700714304685E-16 ) ) ;
#10379 = DIRECTION ( 'NONE',  ( 6.123031769111888756E-17, 0.0000000000000000000, 1.000000000000000000 ) ) ;
#10380 = LINE ( 'NONE', #7553, #8224 ) ;
#10381 = VERTEX_POINT ( 'NONE', #1081 ) ;
#10382 = FACE_OUTER_BOUND ( 'NONE', #3788, .T. ) ;
#10383 = EDGE_LOOP ( 'NONE', ( #10523, #2856, #9228, #9903 ) ) ;
#10384 = DIRECTION ( 'NONE',  ( 0.0000000000000000000, -1.000000000000000000, 0.0000000000000000000 ) ) ;
#10385 = ORIENTED_EDGE ( 'NONE', *, *, #6652, .F. ) ;
#10386 = FACE_OUTER_BOUND ( 'NONE', #3226, .T. ) ;
#10387 = ORIENTED_EDGE ( 'NONE', *, *, #9841, .F. ) ;
#10388 = COLOUR_RGB ( '',0.1411764705882352922, 0.1411764705882352922, 0.1411764705882352922 ) ;
#10389 = VERTEX_POINT ( 'NONE', #9213 ) ;
#10390 = DIRECTION ( 'NONE',  ( -0.2468892371171420574, 0.9690437062360581777, -3.023421284640120468E-17 ) ) ;
#10391 = CARTESIAN_POINT ( 'NONE',  ( 2.892500000003340510, 3.650733009410990460E-05, 4.503679456518860036 ) ) ;
#10392 = VECTOR ( 'NONE', #1884, 1000.000000000000000 ) ;
#10393 = EDGE_CURVE ( 'NONE', #2827, #7532, #2716, .T. ) ;
#10394 = VECTOR ( 'NONE', #8011, 1000.000000000000114 ) ;
#10395 = PLANE ( 'NONE',  #5110 ) ;
#10396 = DIRECTION ( 'NONE',  ( 1.063253308502823887E-17, -0.9848077530122131273, 0.1736481776669020483 ) ) ;
#10397 = PRESENTATION_STYLE_ASSIGNMENT (( #6760 ) ) ;
#10398 = ORIENTED_EDGE ( 'NONE', *, *, #9187, .F. ) ;
#10399 = DIRECTION ( 'NONE',  ( -6.123031769111888756E-17, 0.0000000000000000000, -1.000000000000000000 ) ) ;
#10400 = EDGE_CURVE ( 'NONE', #3693, #753, #9222, .T. ) ;
#10401 = ORIENTED_EDGE ( 'NONE', *, *, #5566, .T. ) ;
#10402 = ORIENTED_EDGE ( 'NONE', *, *, #8341, .T. ) ;
#10403 = FACE_OUTER_BOUND ( 'NONE', #7489, .T. ) ;
#10404 = ORIENTED_EDGE ( 'NONE', *, *, #530, .F. ) ;
#10405 = DIRECTION ( 'NONE',  ( 0.0000000000000000000, 0.0000000000000000000, -1.000000000000000000 ) ) ;
#10406 = CARTESIAN_POINT ( 'NONE',  ( 4.424999999999999822, -1.699963492679900101, 10.25999999999999979 ) ) ;
#10407 = ADVANCED_FACE ( 'NONE', ( #8960 ), #1924, .T. ) ;
#10408 = DIRECTION ( 'NONE',  ( 1.000000000000000000, 0.0000000000000000000, 1.224606353822375779E-16 ) ) ;
#10409 = LINE ( 'NONE', #1606, #4172 ) ;
#10410 = EDGE_CURVE ( 'NONE', #1898, #1655, #1720, .T. ) ;
#10411 = ORIENTED_EDGE ( 'NONE', *, *, #5633, .T. ) ;
#10412 = AXIS2_PLACEMENT_3D ( 'NONE', #2029, #7738, #2825 ) ;
#10413 = ORIENTED_EDGE ( 'NONE', *, *, #10503, .T. ) ;
#10414 = MECHANICAL_DESIGN_GEOMETRIC_PRESENTATION_REPRESENTATION (  '', ( #9308 ), #403 ) ;
#10415 = VECTOR ( 'NONE', #811, 1000.000000000000000 ) ;
#10416 = ORIENTED_EDGE ( 'NONE', *, *, #9163, .T. ) ;
#10417 = ORIENTED_EDGE ( 'NONE', *, *, #4198, .T. ) ;
#10418 = EDGE_CURVE ( 'NONE', #806, #7746, #8202, .T. ) ;
#10419 = FILL_AREA_STYLE_COLOUR ( '', #3354 ) ;
#10420 = LINE ( 'NONE', #9350, #3917 ) ;
#10421 = CARTESIAN_POINT ( 'NONE',  ( 1.559999999998839870, -3.750000000001014744, 7.232499999999490115 ) ) ;
#10422 = CARTESIAN_POINT ( 'NONE',  ( -4.425000000000235190, 3.650731991911014584E-05, 4.503679456517060586 ) ) ;
#10423 = CARTESIAN_POINT ( 'NONE',  ( -3.194999999999774687, -0.1618430139594435047, -2.597605896938239844 ) ) ;
#10424 = ORIENTED_EDGE ( 'NONE', *, *, #1000, .F. ) ;
#10425 = AXIS2_PLACEMENT_3D ( 'NONE', #6952, #7783, #2882 ) ;
#10426 = ORIENTED_EDGE ( 'NONE', *, *, #1579, .F. ) ;
#10427 = DIRECTION ( 'NONE',  ( 1.942265957311405000E-32, 1.000000000000000000, 3.172065784648250136E-16 ) ) ;
#10428 =( GEOMETRIC_REPRESENTATION_CONTEXT ( 3 ) GLOBAL_UNCERTAINTY_ASSIGNED_CONTEXT ( ( #9813 ) ) GLOBAL_UNIT_ASSIGNED_CONTEXT ( ( #4917, #10504, #10061 ) ) REPRESENTATION_CONTEXT ( 'NONE', 'WORKASPACE' ) );
#10429 =( LENGTH_UNIT ( ) NAMED_UNIT ( * ) SI_UNIT ( .MILLI., .METRE. ) );
#10430 = DIRECTION ( 'NONE',  ( -5.202631688678575633E-17, -0.5272949808244126180, -0.8496822954477645240 ) ) ;
#10431 = ORIENTED_EDGE ( 'NONE', *, *, #9289, .T. ) ;
#10432 = DIRECTION ( 'NONE',  ( -1.063253308502512041E-17, -0.9848077530122222312, -0.1736481776668505339 ) ) ;
#10433 = ADVANCED_FACE ( 'NONE', ( #5783 ), #6806, .T. ) ;
#10434 = CARTESIAN_POINT ( 'NONE',  ( 3.519999999999039897, -3.750000000001014744, 7.232499999999490115 ) ) ;
#10435 = DIRECTION ( 'NONE',  ( -6.123031769111888756E-17, 2.282618538634509901E-13, -1.000000000000000000 ) ) ;
#10436 = AXIS2_PLACEMENT_3D ( 'NONE', #5855, #985, #6663 ) ;
#10437 = PLANE ( 'NONE',  #5868 ) ;
#10438 = VERTEX_POINT ( 'NONE', #379 ) ;
#10439 = DIRECTION ( 'NONE',  ( 1.063253308502823887E-17, 0.9848077530122131273, 0.1736481776669020483 ) ) ;
#10440 = ORIENTED_EDGE ( 'NONE', *, *, #597, .T. ) ;
#10441 = DIRECTION ( 'NONE',  ( 0.0000000000000000000, -1.000000000000000000, 0.0000000000000000000 ) ) ;
#10442 = AXIS2_PLACEMENT_3D ( 'NONE', #4943, #6589, #1708 ) ;
#10443 = EDGE_CURVE ( 'NONE', #1219, #6255, #10113, .T. ) ;
#10444 = LINE ( 'NONE', #4011, #10200 ) ;
#10445 = EDGE_LOOP ( 'NONE', ( #2821, #7012, #572, #7257 ) ) ;
#10446 = CARTESIAN_POINT ( 'NONE',  ( 1.885000000000234932, -8.272839892444299875E-16, 4.503673019291570156 ) ) ;
#10447 = DIRECTION ( 'NONE',  ( 6.123031769111888756E-17, 0.0000000000000000000, 1.000000000000000000 ) ) ;
#10448 =( GEOMETRIC_REPRESENTATION_CONTEXT ( 3 ) GLOBAL_UNCERTAINTY_ASSIGNED_CONTEXT ( ( #4257 ) ) GLOBAL_UNIT_ASSIGNED_CONTEXT ( ( #550, #6242, #1381 ) ) REPRESENTATION_CONTEXT ( 'NONE', 'WORKASPACE' ) );
#10449 =( LENGTH_UNIT ( ) NAMED_UNIT ( * ) SI_UNIT ( .MILLI., .METRE. ) );
#10450 = CARTESIAN_POINT ( 'NONE',  ( 1.269999999999974039, -7.150999999999920753, 3.884999999852265073 ) ) ;
#10451 = CARTESIAN_POINT ( 'NONE',  ( -1.785000000000329878, 0.6865000000000239799, 4.496744093870610470 ) ) ;
#10452 = AXIS2_PLACEMENT_3D ( 'NONE', #3968, #10491, #5615 ) ;
#10453 = ORIENTED_EDGE ( 'NONE', *, *, #10135, .F. ) ;
#10454 = ADVANCED_FACE ( 'NONE', ( #3618 ), #9312, .T. ) ;
#10455 = ORIENTED_EDGE ( 'NONE', *, *, #1389, .T. ) ;
#10456 = DIRECTION ( 'NONE',  ( 0.0000000000000000000, 0.0000000000000000000, 1.000000000000000000 ) ) ;
#10457 = UNCERTAINTY_MEASURE_WITH_UNIT (LENGTH_MEASURE( 1.000000000000000082E-05 ), #2624, 'distance_accuracy_value', 'NONE');
#10458 = EDGE_CURVE ( 'NONE', #8134, #4802, #9080, .T. ) ;
#10459 = DIRECTION ( 'NONE',  ( 1.063253308502823887E-17, 0.9848077530122131273, 0.1736481776669020483 ) ) ;
#10460 = CLOSED_SHELL ( 'NONE', ( #9316, #273, #6134, #9112, #3475, #2570, #6022, #8138, #5246, #10433, #6918, #5308, #3721, #9591, #2596, #5104, #4703, #143, #2305, #6173, #9729, #4351, #4010, #7276, #2389, #6984, #1600, #9685, #3303, #7951, #3881, #537, #1340, #6190, #3958, #497, #5326, #1066, #2864, #7446, #1807, #7299, #3161, #2015, #9766, #3678, #9660, #8109, #3980, #1164, #4729, #7171, #9439, #8680, #3526, #645, #7789, #3064, #7571, #7396, #7341, #2546, #2846, #1553, #6997, #6828, #5206, #8006, #891, #4961, #2134, #5359, #8316, #2323, #5642, #6726, #8562, #8743, #10193, #4572, #1025, #383, #1736, #8187, #8980, #8839, #5618, #2281, #9040, #121, #7147, #12, #8416, #3396, #3576, #7477, #5782, #6396, #6881, #10348, #2698, #4211, #8897, #4931, #7801, #5565, #5737, #6664, #1279, #2460, #7104, #5714, #7530, #10309, #2057, #3430, #3128, #9912, #3916, #7372, #6602, #5368, #1574, #5529, #8213, #9218, #9976, #7237, #10080, #6562, #6775, #10238, #4248, #3182, #10538, #1291, #689, #9876, #6642, #7643, #861, #7906, #827, #423, #7256, #8081, #7680, #4187, #1440, #8159, #801, #1960, #1706, #3029, #3239, #5060, #8054, #9395, #4414, #4761, #8252, #5480, #8765, #4889, #5432, #5675, #1223, #5000, #10204, #9278, #9014, #9428, #6534, #2963, #3737, #64, #593, #4066, #3795, #10505, #8581, #8027, #6620, #1128, #7983, #89, #8379, #4617, #4861, #7745, #956, #8785, #1528, #4156, #2228, #1683, #9165, #2173, #2414, #9933, #2918, #6419, #1772, #5848, #6374, #5756, #2531, #2905, #2433, #3279, #9377, #9705, #6492, #6077, #10454, #722, #316, #6351, #664, #1910, #1657, #5923, #10253, #10474, #2500, #3837, #7043, #6459, #165, #2796, #7201, #5820, #10407, #4093, #3330, #4312, #6511, #7859, #776, #3615, #3363, #4684, #1473, #4127, #1401, #484, #4042 ) ) ;
#10461 = EDGE_CURVE ( 'NONE', #10252, #5933, #687, .T. ) ;
#10462 = COLOUR_RGB ( '',0.1411764705882352922, 0.1411764705882352922, 0.1411764705882352922 ) ;
#10463 = ORIENTED_CLOSED_SHELL ( 'NONE', *, #10228, .F. );
#10464 = DIRECTION ( 'NONE',  ( -1.000000000000000000, 0.0000000000000000000, -6.123031769111888756E-17 ) ) ;
#10465 = LINE ( 'NONE', #10434, #5891 ) ;
#10466 = CARTESIAN_POINT ( 'NONE',  ( 4.325000000000325251, 3.650732014648385516E-05, 4.503679456517109436 ) ) ;
#10467 = VECTOR ( 'NONE', #8675, 1000.000000000000000 ) ;
#10468 = CARTESIAN_POINT ( 'NONE',  ( -3.310000000000000053, -0.04322605824517099932, -4.500000000000000000 ) ) ;
#10469 = EDGE_CURVE ( 'NONE', #4280, #9784, #4746, .T. ) ;
#10470 = FACE_OUTER_BOUND ( 'NONE', #4671, .T. ) ;
#10471 = DIRECTION ( 'NONE',  ( 6.123031769111888756E-17, -0.0000000000000000000, 1.000000000000000000 ) ) ;
#10472 = VECTOR ( 'NONE', #5937, 1000.000000000000000 ) ;
#10473 = ORIENTED_EDGE ( 'NONE', *, *, #2539, .F. ) ;
#10474 = ADVANCED_FACE ( 'NONE', ( #6921 ), #7774, .T. ) ;
#10475 = VECTOR ( 'NONE', #6868, 1000.000000000000000 ) ;
#10476 = EDGE_CURVE ( 'NONE', #1743, #3709, #5915, .T. ) ;
#10477 = CARTESIAN_POINT ( 'NONE',  ( 4.425000000000155254, -0.6264186456785509893, 3.346222332753779671 ) ) ;
#10478 = CARTESIAN_POINT ( 'NONE',  ( 5.080000000000000071, 1.000000000000000000, -5.080000000000000071 ) ) ;
#10479 = CARTESIAN_POINT ( 'NONE',  ( -3.194999999999999840, -2.180000000000000160, 4.500000000000000000 ) ) ;
#10480 = CARTESIAN_POINT ( 'NONE',  ( 1.885000000000184972, -0.4000000000000569766, 2.185105896938279724 ) ) ;
#10481 = ORIENTED_EDGE ( 'NONE', *, *, #8382, .F. ) ;
#10482 =( NAMED_UNIT ( * ) SI_UNIT ( $, .STERADIAN. ) SOLID_ANGLE_UNIT ( ) );
#10483 = VECTOR ( 'NONE', #3746, 1000.000000000000114 ) ;
#10484 = DIRECTION ( 'NONE',  ( 6.030009158161467605E-17, 0.1736481776668984400, -0.9848077530122136825 ) ) ;
#10485 = SURFACE_STYLE_FILL_AREA ( #2828 ) ;
#10486 = ORIENTED_EDGE ( 'NONE', *, *, #1886, .T. ) ;
#10487 = CARTESIAN_POINT ( 'NONE',  ( 3.592499999999124505, 3.650732181199879656E-05, 4.357628357564144572 ) ) ;
#10488 = VECTOR ( 'NONE', #46, 1000.000000000000000 ) ;
#10489 = FILL_AREA_STYLE ('',( #8847 ) ) ;
#10490 = DIRECTION ( 'NONE',  ( -0.9690437062361154652, -0.2468892371169171263, 0.0000000000000000000 ) ) ;
#10491 = DIRECTION ( 'NONE',  ( 6.123031769111888756E-17, -0.0000000000000000000, 1.000000000000000000 ) ) ;
#10492 = PRESENTATION_LAYER_ASSIGNMENT (  '', '', ( #9408 ) ) ;
#10493 = ORIENTED_EDGE ( 'NONE', *, *, #4986, .T. ) ;
#10494 = CARTESIAN_POINT ( 'NONE',  ( 3.194999999999774687, -0.08215671584603549682, -4.489186573641500644 ) ) ;
#10495 = CARTESIAN_POINT ( 'NONE',  ( 3.457499999998400408, 3.650731634369239941E-05, 4.503679456516429980 ) ) ;
#10496 = ORIENTED_EDGE ( 'NONE', *, *, #4049, .T. ) ;
#10497 = PRESENTATION_STYLE_ASSIGNMENT (( #4464 ) ) ;
#10498 = VERTEX_POINT ( 'NONE', #8605 ) ;
#10499 = PRESENTATION_LAYER_ASSIGNMENT (  '', '', ( #9412 ) ) ;
#10500 = CARTESIAN_POINT ( 'NONE',  ( -0.7549999999996730438, 0.6865000000000239799, -4.478670392594660044 ) ) ;
#10501 = VECTOR ( 'NONE', #2139, 1000.000000000000000 ) ;
#10502 = FACE_OUTER_BOUND ( 'NONE', #3809, .T. ) ;
#10503 = EDGE_CURVE ( 'NONE', #948, #3381, #1583, .T. ) ;
#10504 =( NAMED_UNIT ( * ) PLANE_ANGLE_UNIT ( ) SI_UNIT ( $, .RADIAN. ) );
#10505 = ADVANCED_FACE ( 'NONE', ( #8069 ), #7802, .T. ) ;
#10506 = ORIENTED_EDGE ( 'NONE', *, *, #7398, .F. ) ;
#10507 =( NAMED_UNIT ( * ) PLANE_ANGLE_UNIT ( ) SI_UNIT ( $, .RADIAN. ) );
#10508 = FACE_OUTER_BOUND ( 'NONE', #4665, .T. ) ;
#10509 = VERTEX_POINT ( 'NONE', #513 ) ;
#10510 = FACE_OUTER_BOUND ( 'NONE', #7992, .T. ) ;
#10511 = VERTEX_POINT ( 'NONE', #2930 ) ;
#10512 = LINE ( 'NONE', #10164, #1860 ) ;
#10513 = AXIS2_PLACEMENT_3D ( 'NONE', #4564, #532, #7034 ) ;
#10514 = MECHANICAL_DESIGN_GEOMETRIC_PRESENTATION_REPRESENTATION (  '', ( #8873 ), #512 ) ;
#10515 = SURFACE_STYLE_FILL_AREA ( #6549 ) ;
#10516 = CARTESIAN_POINT ( 'NONE',  ( 3.194999999999770246, -0.08215671584663569726, 4.489186573641415379 ) ) ;
#10517 = FACE_OUTER_BOUND ( 'NONE', #4026, .T. ) ;
#10518 = ORIENTED_EDGE ( 'NONE', *, *, #5918, .F. ) ;
#10519 = EDGE_CURVE ( 'NONE', #2458, #3381, #7822, .T. ) ;
#10520 = ORIENTED_EDGE ( 'NONE', *, *, #6043, .F. ) ;
#10521 = FILL_AREA_STYLE ('',( #9700 ) ) ;
#10522 = VECTOR ( 'NONE', #6674, 1000.000000000000000 ) ;
#10523 = ORIENTED_EDGE ( 'NONE', *, *, #8411, .F. ) ;
#10524 = CARTESIAN_POINT ( 'NONE',  ( 4.809999999999999609, -0.1411671192955888110, -4.332730348417619837 ) ) ;
#10525 = SURFACE_SIDE_STYLE ('',( #8783 ) ) ;
#10526 = ORIENTED_EDGE ( 'NONE', *, *, #8559, .F. ) ;
#10527 = FACE_OUTER_BOUND ( 'NONE', #2804, .T. ) ;
#10528 = ORIENTED_EDGE ( 'NONE', *, *, #2028, .T. ) ;
#10529 = CARTESIAN_POINT ( 'NONE',  ( -0.6550000000000000266, -0.6800000000000000488, -2.169999999999999929 ) ) ;
#10530 = EDGE_CURVE ( 'NONE', #335, #2827, #5640, .T. ) ;
#10531 = ORIENTED_EDGE ( 'NONE', *, *, #2954, .T. ) ;
#10532 = VERTEX_POINT ( 'NONE', #5388 ) ;
#10533 = FILL_AREA_STYLE ('',( #3188 ) ) ;
#10534 = CARTESIAN_POINT ( 'NONE',  ( -3.194999999999829754, -0.9719250235416100336, -4.336245315462229577 ) ) ;
#10535 = PRESENTATION_STYLE_ASSIGNMENT (( #7886 ) ) ;
#10536 = EDGE_LOOP ( 'NONE', ( #8587, #144, #6271, #9361 ) ) ;
#10537 = DIRECTION ( 'NONE',  ( -6.030009158161699333E-17, -0.1736481776666925214, -0.9848077530122499867 ) ) ;
#10538 = ADVANCED_FACE ( 'NONE', ( #7562 ), #1364, .T. ) ;
#10539 = DIRECTION ( 'NONE',  ( 3.342835721018934545E-31, 1.000000000000000000, 5.459445332101871020E-15 ) ) ;
#10540 = LINE ( 'NONE', #5435, #8383 ) ;
#10541 =( NAMED_UNIT ( * ) PLANE_ANGLE_UNIT ( ) SI_UNIT ( $, .RADIAN. ) );
#10542 = EDGE_CURVE ( 'NONE', #858, #2732, #5372, .T. ) ;
#10543 = ORIENTED_EDGE ( 'NONE', *, *, #9881, .T. ) ;
#10544 = CARTESIAN_POINT ( 'NONE',  ( 4.325000000000325251, 3.650732037385749672E-05, -10.25999999999999979 ) ) ;
#10545 = SURFACE_STYLE_FILL_AREA ( #7117 ) ;
#10546 = CARTESIAN_POINT ( 'NONE',  ( 3.674999999999999822, -3.750000000000104805, -3.734999999852264718 ) ) ;
#10547 = ORIENTED_EDGE ( 'NONE', *, *, #407, .T. ) ;
#10548 = DIRECTION ( 'NONE',  ( -1.000000000000000000, 3.185316169981599645E-29, -6.123031769111888756E-17 ) ) ;
ENDSEC;
END-ISO-10303-21;
